2022-12-21 09:58:16,942 INFO : Inicializando Servicio
2022-12-21 11:27:06,250 INFO : Inicializando Servicio
2022-12-21 11:27:08,571 INFO : Procesando socios
2022-12-21 11:27:08,571 INFO : Conectando a la BD ZZZ_ECOACUICOLA_2911
2022-12-21 11:27:16,935 INFO : Conectado satisfactoriamente
2022-12-21 11:27:17,032 INFO : Iniciando el Proceso
2022-12-21 11:27:17,034 INFO : Procesando RUC individual
2022-12-21 11:27:17,061 INFO : Buscando socios
2022-12-21 11:27:17,118 INFO : Encontrados 1631
2022-12-21 11:27:17,135 DEBUG: RUC encontrados: 20609585740,10026451839,20600644778,10026484699,10026384937,20602286623,20480880154,20602336442,10026658387,20600685393,20525506704,20122720650,20330791501,20604120226,10026661892,20603828446,20600697626,10427393955,10026513613,10026120336,10026160010,20556321541,20459277332,20601572533,20105367407,20600861400,20274361531,20526385854,20526488581,20355156584,20356367066,20356883749,20601783267,20484210676,20600756622,20510930895,20547386176,10180488664,20106498386,20514737364,20484259764,20600455282,20518417275,20600918771,20396466768,20513106832,20175642341,20601908761,20518634454,10471740026,10471215321,10038885419,20392664310,20530101305,20601202370,20530047769,20100402727,20419020606,20441475056,20563124637,10470111203,20418453177,20529921927,20502625293,20331066703,20530205852,20602229123,20102351038,20603875045,20102847670,20385739771,10176034683,20530323626,20600200039,20605707328,20601756421,20551935508,20505155328,20122535917,20484320188,20479942766,20516367670,20602202586,20483907223,20602336141,10179144919,20516398478,20511445389,10179036857,20481382417,10178205388,20601906610,20600300076,20451555104,20525286071,20480214502,20529751665,20601656095,20603766891,10026061976,20337093826,20546867731,20441487143,20453884091,20524698057,20515010476,10178449813,20603596294,20601128617,20601158290,20100027021,10026075926,10026080687,20608653351,10026082698,10026338668,20295613620,10026300679,20314727500,20290308802,20481997390,20602310567,20479813877,10062029361,20483813831,10709291578,20480353022,20514307432,20600695291,10721963182,20526568185,10724904187,20525673431,20600928831,20108475081,10706688167,10082420822,20601732212,20483923342,20117332714,20525265405,20483608668,10061923565,20547530552,20602362656,20600135563,20144341512,20601602653,20483894814,20555962984,10772441083,10729435185,20100244714,10741591401,10743024139,20102167296,10077910455,10778018344,20601158257,20542904896,10181337244,10454825379,20525342914,20483998270,20605215654,10056403596,10056407192,10056426545,10056424798,20510716974,20172627421,20522547957,20484127426,20526272731,20605452567,20538619036,20112816993,20607835544,20530352481,20601349559,20604731241,20537801566,10464743486,10027713888,20603780346,10038675791,20488025679,10038674558,20600874943,20605793003,20604291802,20600169158,15483913629,20525359485,10038799989,10028235092,10038992703,20488087194,20492519121,20421530107,20602767290,20557984357,20602712894,20508916079,10038712336,20601639891,20604676691,20525227732,20601817455,20554742573,20509152552,10709252521,20530299571,20530313230,10719027232,20493120752,20424084418,20409206922,20602170366,20495700071,20482547134,20502509382,20544677706,20521302390,20509959766,20562956311,20530085857,20389230724,20504367721,20529786701,20526250924,20526282966,20522861155,10454195693,20603023057,20602117911,10749280951,20603306857,20604735794,20409388851,20607739880,20603523424,20503955882,20525554008,20602369804,20337511172,20399119066,20565591160,20101357610,20510620195,20513074370,10430068003,20607841013,20525997171,20492842339,20484194026,20607964107,10035887488,10167582759,20604854327,20530207553,20605010319,20525944728,20511066957,10028914151,20526643578,10469705787,20512321357,20604403864,20512972536,20530283063,20526055048,20535849936,20607147672,20556342386,20538185010,10002022431,20530321682,20529801867,20604665605,20540098876,20516504332,20601610664,20605568395,20543493351,20605741577,20555992387,20484327948,20602033661,20536877682,20100512077,20231328425,20523051521,20525346740,10409083116,20525371345,20492691969,20525387853,20525908845,20525518541,20605676848,20537540070,10026310763,20525582800,20330286874,20603184409,20536645552,20603343329,20606706856,20100028698,20525703364,20600837827,20604198373,20543639231,20605950842,20601555434,20559819574,20525813623,20604349983,20525939481,20609684438,20526207913,20526233329,20484249530,20377146663,20600269292,20600302214,20600314000,20526517947,20526653883,10063922981,20517519490,20529480530,20554884874,20608228447,20511013080,20502630378,20529784911,20529760656,20526058578,20553157529,20268214527,20441097604,20529932881,20483803797,20529938145,10026276042,20131312955,20542089106,20530211232,20484034258,20261159733,20484304654,20608947451,20600421990,10437551541,20529842547,20530328857,20530611681,20602253873,20607571768,20606817704,20601034809,20124163693,20601544548,20537304422,10034683731,20602173730,10028923088,20538118177,10028575519,20604786691,20484096369,20525684475,10027998602,20601379504,20543306771,20544093895,20550685851,20546892175,20549858865,20604491682,10181893082,10803140516,10079621965,10028434532,20529730072,10402260675,10417708958,10437725620,20552515766,20510274009,10700120819,17102862554,20600637470,20604496838,20603425091,10105433668,20530267378,10704715990,10082504767,20556250694,20559561542,20602540376,10734231911,20307150981,20559617190,20606766719,20601790662,20484315931,20559912191,20432940161,20561219789,20512122311,10082439060,20604762651,20521238284,20525488536,20602366261,20566205247,20600005155,10078200338,10103468863,20607842915,10093366251,20529938064,20603218869,20510644451,20601012287,20145038384,20603392851,20540010375,20600149645,20600163346,20559683575,20602661149,20600354044,20600464281,20602915540,20602673422,10421277708,20346669625,20525786715,20600875028,20600876211,20600581768,20601259983,20601322898,20530302386,20602835660,20601408130,10026917323,10028762122,20601466202,20601474361,20604765774,10091353364,20601590922,20603683693,20483995092,20540087751,20601759374,10026107836,20602790917,20601767423,20608529510,20605876677,20606756705,20601843839,20608608681,20600967844,20515971921,20606581107,20602092390,20606188642,15603452981,20399642109,20258352638,20544142004,20608529994,20513632569,20602156738,20526575807,20544178297,20604206180,20600106237,10758441135,10028118134,20513541849,20418647371,20477582461,20432824099,20609276801,20542169398,20602787061,20602787576,20417926632,20602806902,10002383301,20602872476,20100042500,20146721410,20525871747,20551094198,20602897002,20603966521,10165889148,10420361977,20603156324,10026808168,20525652271,20603412011,20601893844,10028308944,20603641214,20603709293,20132676004,20102708394,20525523463,20100488427,20100776562,20606750138,20604129291,10446024944,20603160607,20604544271,20525830129,20606278099,20603302746,10026282948,20604820830,10408310976,20525681298,20604912271,20605470611,10723731513,20608538802,20530081517,20101996116,20605029290,20605213236,20605594507,20605597140,20605687661,20605699627,20609575566,10179214038,20604769494,20606688777,20409232761,20606954981,20554545743,10411749539,10401906091,20605506837,20608278363,20440852671,20601032971,20608479491,20608608487,20484180157,20484270067,20608891227,20608947524,20525728600,20606504765,20603790465,20608336380,20601986621,10458830288,20536938657,20530214762,20160349914,10472937931,20504973990,20526104782,20608479423,20324203118,20136247396,20603731124,20607107051,20608103873,20608983024,20526602626,20529992514,20261239923,20132091979,20609337592,10028568377,10413505548,10032340607,10002407847,20100084172,20477704248,10026481835,10091567674,20251357413,20223968971,20601668131,20601762243,20609904047,20392777190,20604751986,20219178264,20526249322,20231843460,20296081567,20257692109,20604817375,20608634585,20549758054,20367075776,20112811096,20522051315,20409222294,20530240178,20409250581,20601750351,20602979734,20440703837,20600138228,20556129518,20561232611,20544424751,10702936794,20602099203,20502699491,20525509550,20530076866,20102021836,10027346249,20530239676,20601509653,20539707613,20601599881,10403008236,20603075910,20100082714,20529936100,20505062826,20529735465,20440484345,10742353007,10028063313,20508828960,20604117012,20605636374,20484290173,10762361472,20564490351,20605691693,20605821864,20610111701,20344877158,20483801239,10034702603,20605825274,20484214744,20601842158,20609513854,20606195738,20483393955,20600222849,20609358115,20606647451,20602009395,20451770099,20601814154,20602022731,20482814604,20524279160,20552252731,20481672768,20386659959,20530096115,20606222697,20526138172,20602255612,20525397816,20106897914,20604872368,20602717187,20609574667,20604665664,20488142802,20539830733,10410559701,20225116459,20504645984,20600652614,20418933381,20526566301,10758137151,20510910517,20605114734,20530167071,20335020872,20100227461,10095386828,20602798802,20606020598,20530184596,20514746355,10082386039,10420897761,20606994185,20603730501,20467534026,20100089051,20518364481,20607134953,20601254175,20136890329,10081919149,10082112362,20100000688,20529754419,20484164208,10420049388,10421149068,10421451309,10421753135,10420731731,10420765890,20600229576,20608878131,20536537407,20339899895,20409281622,20530172156,20530121918,20566156360,10034731956,20480297289,20305765784,10076170997,20538810682,20529720867,10074762820,20555271566,10074351471,20601584191,20419922391,10028185354,10078731805,10424565119,20342210814,10077976456,20100292875,20105210338,20606830191,20517182673,20601394902,20600087178,20601591911,10033677559,20526445008,20525852874,20602691862,20602814255,20100083362,20507281967,20605860053,20547579721,10402646034,20510407670,20602925995,20512220755,20502900936,20600174399,20286616225,10451363277,20526081804,20100141583,20600826574,20102424523,20529911298,10439931081,20605352121,20547922981,20102120061,10028889335,10028898784,20554123911,20548183279,20511315337,20100063680,20602081801,10709064679,10033413748,20603334729,10032132541,20392889231,10031204726,10412672084,20566407621,20105396172,10032365472,10032365740,10032365944,10032382156,20530136869,10036685455,20526618549,10477728061,20395492129,20602686320,10036683673,10417866928,10728022961,10003278463,20602683924,20100118336,20607658090,20602403425,20526041250,20530310991,20530242626,10804887178,20601589193,20484044997,20601536260,10417659434,10028961826,20505897812,20505370130,20600335619,20530213367,10036930000,10036930701,20529921846,20491781409,20563050765,20530192424,20100346479,10036937055,20529961554,20393011727,20101392369,20481330964,10450059507,10026899627,20563739771,20525977651,10473136088,15493213412,10028109232,20525271634,10406045833,20530228399,20268910515,20500453401,20439147076,20602341969,20600954351,10036124828,20602477089,10002193073,10182200862,20602163297,20510526415,10416355628,20100305101,20481829683,10036237053,20537480077,10420400697,20525758347,20507141791,10414862743,10182204949,10035940664,20514156558,20600384962,10758890592,20605669604,20482814191,20399536929,20492455050,10026615882,20102536593,10038839760,10479161661,20158179688,20602339891,20602051154,10406871997,20603045905,10026082388,20481828016,20603182198,20530338496,10027987554,10419949855,20441490446,20602690408,20601543151,20603681551,20600085205,20601398789,10180902851,20603261993,20601706980,20600710789,20602877770,20483433507,20601289807,10036454038,20606600241,20440878394,10454484687,20536364201,10449522244,10701672271,20440882821,10035047692,20601787394,20552543972,10028252477,20602592899,20511407533,10734458762,20530014321,20474102158,20600411978,20454186002,10091454420,20409264965,20102505957,20600859553,20543046095,20600947193,10028935647,20601301050,15165362532,20605294007,10030856886,10033563880,20606034696,20573813708,20409298355,10028763170,20604113629,10026931881,10450116471,20301604794,20605402128,20112273922,10167220253,20601107245,20605730001,20601111200,20131719559,10026450522,20554387498,10036977308,20388710994,20602601316,20606367377,20266614803,10471334494,20601515581,10436564789,20510037562,10472469954,20172606777,20606883669,10460322427,20484335614,20607021342,20607978779,20605239936,20409494294,20603891784,20483845520,20543854043,20565643496,20517374661,20547999691,20608775286,10475777749,20197316269,20600996372,10475362140,20479566250,10181244360,10477241803,10702151037,10026184733,20529961635,20563027607,10026537270,10028397840,10483177009,10483299864,10484074467,20467089464,10489619704,20601448697,10434746537,10434077112,10425191239,10435834715,10434789694,10435193094,20602224181,10102659860,20557069721,10431391908,20604718369,10430529701,10430832005,20268784625,10433313025,20113539594,20603000286,10431837892,10432367466,10442083571,10105373029,10443631122,20600897382,10443809606,10444270476,10036833594,10103180037,20605239740,10436807541,10434149521,10439307043,10426801294,10438429196,20504342817,20251995967,20526059116,10093895768,10424496940,10467161704,20526540680,10422079420,10026598546,10423737391,20479457710,20602674429,20366990357,10423245579,20103044155,20530063454,10026931032,10428487881,10428525189,20603839464,20603246234,20602905145,10429997947,10033675807,20602283080,10430377430,20600525272,10474087536,20503386730,10028566480,20511230935,20506210900,10732056322,20600315031,20600685423,20601438586,20396583055,20455477957,20607792187,20524403863,20511027382,20545699126,20600381742,10461738295,10460029894,10460452568,10464957516,10461937352,10466304081,20601584108,20475260199,10028794792,20537746956,20602274021,10469439793,20601210674,20100080002,20483912731,20520997734,20601646464,10165925969,20483917377,20136165667,10449424706,20213503384,10450318405,10449637408,10449941476,10449987158,20525937195,10028274934,20547689403,20440162062,10445473419,20601924936,20526352336,20600815742,20409419594,20502257634,10444907016,10447368906,20507637141,10422197449,20600488318,10445660499,10446951799,10456752778,10455154397,10026717502,10455721089,10035071097,20154477374,10459044880,10459456061,10457446409,10026718541,10457548538,10451721009,10454855626,10453196947,20101053157,20484084948,20600450736,10403483007,10038850691,10035793521,20601547300,10068076108,20601332796,20484252247,15604723202,20601308992,20600226585,20601498775,10027179270,20530254390,20563792745,20600056574,20556744263,20106975737,20601821169,20601750792,20602494498,20254053822,20384121838,10077992770,10082314135,10091710205,20601325439,20525765394,20601738792,20418896915,20603224079,10802691403,20519361672,10096701557,20600432258,20526572701,20601293090,20600577370,17105212208,10108060242,10164232781,20526533471,20600073711,20100006376,20604708509,10027207281,20546801471,20606946628,10404975949,10164232790,20601582113,20602533116,20601050324,20526362137,20100025915,15276280101,20100044626,20600909135,20539866762,10407671819,20505720131,20547706189,20604778191,20259572887,20508754079,10178637768,20603278233,10455178695,10806631642,20526016069,20602485570,20604760586,20601772273,10028918041,10422740827,20602939970,20100051169,20225058319,20600442288,10027690888,20545044545,20526543948,10407223573,10069748568,10481767780,20100055318,20509469327,20604943737,20483899379,10415001865,20392599828,20601100160,20603827326,10409429390,10181807836,20141441371,20509693634,20515610821,20501622819,10035983100,10031332406,10032004631,10327640629,20603279329,10027266601,20481928665,10081856236,10437532121,10459259771,20484228290,20100784239,20101256422,20390900407,20601704341,20484284441,10736808787,20471133770,10432730439,10727622760,20606161591,10424692285,10485028957,20605208810,20601010772,20144961146,10028042707,10400672755,10408261355,20462256940,10444555161,20482762027,10449662747,20605391193,10429781944,10464436940,10472914176,20526695454,10705441435,10077006309,20462441178,20477667709,10448202157,10437397959,10409384060,10459017033,20604725799,10468575375,10028590615,20563332230,20525707351,20409410295,20602837808,10471940475,20482587276,20102954247,20501262260,20602486339,10714754659,10461458888,20602769691,20603818734,10026530216,10463178726,20606358351,20487872581,10478084167,20382829302,20508032286,20100654025,20525320431,10426448888,20484133230,20546255299,20600989244,20131494450,20535653365,20100268575,20608680161,20100302421,20483930047,20545596823,10700503203,20100456495,20102670214,10028660371,20572230491,10719618320,20554039708,10413019970,20398527993,20605808311,20138563201,20602108687,20100105862,20570594860,20529858460,20135948641,20604211388,20484284106,20530236731,20101077099,10426887792,20602784631,10076062434,20603571127,20601971519,20101130160,20529891912,10443809533,20604211451,20526414544,20515829424,20602183107,20103365628,20604083037,20606323507,20167884491,20604152110,10411374535,20461851887,20525376576,10408103831,10028214354,20479726982,20566231833,20557338056,20483835648,20409397337,20100171814,20602620396,20137868955,20131644109,10805626297,20276885431,20526637764,20525564062,20602266916,20602687806,10757461230,20526520140,10804769396,10256542256,20100312736,20536218999,20566321662,20101200125,20101461786,20504979092,10293780817,20100017491,20101639275,20509952591,20483902264,20601099960,20561374750,10430382441,20600448286,20530266487,20494691524,10445490101,20100043140,20109969452,20433092776,20111740438,10211215599,20206432692,20526393369,20526394250,20110169109,20525411401,20100055661,20131016396,10412443140,10801767848,20530268773,20308491081,20602392661,20600979559,20100114349,20100166578,20526375034,20525476791,20555863731,10460323032,20550894859,20553320021,20356264411,20530313078,20526154291,20601153964,20100176450,20211040352,20100365341,20101281371,20100421195,20555949708,10179357190,20516577488,20560053151,20526279825,10165907812,20526083335,20111064394,20601849845,20534470402,20529837462,20604163936,20125327509,20542906597,20529996188,20603239238,20501842771,20115915828,20543499391,20603859244,20544144121,20507012044,20602880266,20526426046,20545198429,10729471467,20259814210,20529897872,20526280165,20432295754,20601494427,20517909875,20603752091,20601659248,20513594705,20502132343,20601834813,20601969255,20101128777,20600395832,20548707529,20522974944,20530180680,20604540594,20602895701,20530317499,20507417966,20529983281,20604085307,20526394845,20566604702,20602658644,20366873717,10333279393,20550205409,20530189806,20101056091,20603246285,20603455500,20546688136,20543725821,20549521984,10028243958,10027823543,10027791722,20601847451,20379902996,10027712083,20102426810,10479008774,20514706302,10405539301,10036606890,10411149418,10027925915,20601917883,20493027973,10027853108,10027833948,10027845695,10027878704,10027873711,10026844890,20604026050,10026854119,20510767889,10180975417,20388203111,20108528894,20604671494,10028508714,20484287466,20550502446,10026727109,20277131570,20477240152,10026870211,20456931554,10401567947,10027233169,10027152321,20602475019,20538743471,15398572600,10027394081,20548423172,20483808756,10027027283,10027082357,10028569551,10028613101,10028432114,20602600247,20492092313,10028484882,10174403550,10028820629,20360815031,20131529181,20348687191,20113539675,20550115752,20604845964,20101030963,20440459669,20122529780,20515874136,20122909931,10026553283,20131257750,20525602258,20409382739,20481691550,20440983261,10028078914,10028090604,10028316017,10028319041,10032037921,10028333264,10028291863,20530139701,20525555152,20502953541,10028339998,20132712086,20601899591,20609261359,10028229581,20525925693,20601362890,20600044266,10002530053,20486591529,10002538381,20602031030,20302757641,20530327613,20546010938,20559747212,20600530292,20600052595,20154477536,10026670441,20526576366,20604262250,10002502475,20601509351,20601989761,20530204708,20600187075,20601407737,20600133561,10026755013,20604269530,20161772373,20517253520,20114673774,20293331066,20602618073,20546458211,20202380621,20175674382,20537042126,20504511945,20409273875,10003697865,20101902740,20184778824,20602654631,20441204451,10002025863,20539938771,10410388770,20263019807,20601277299,10002360638,20383958581,20265258370,20105221453,10410385134,10002165363
2022-12-21 11:27:17,227 INFO : Procesando 1631 números de RUC
2022-12-21 11:27:17,227 INFO : RUC del 1 al 10
2022-12-21 11:27:31,334 DEBUG: Iniciando validacion
2022-12-21 11:27:31,340 DEBUG: Revisando en BD RUC: 20609585740
2022-12-21 11:27:31,562 DEBUG: Revisando ruc: 20609585740
2022-12-21 11:27:32,092 ERROR: Invalid field name
System.Runtime.InteropServices.COMException (0xFFFFFBAE): Invalid field name
   en SAPbobsCOM.IFields.Item(Object Index)
   en SN_SUNAT_SRV.Methods.dlBPartner.validarMaestroSocios(String[] Datos, Boolean CambioDirEnt, String& error, Int32& sociosAct) en C:\Users\ventura1\Desktop\JSOLIS\servicio_20122022_1625\servicio_20122022_1625\servicio\SN_SUNAT_SRV\Methods\dlBPartner.cs:línea 314
2022-12-21 11:27:32,137 DEBUG: Validacion finalizada
2022-12-21 11:27:32,137 DEBUG: Iniciando validacion
2022-12-21 11:27:32,138 DEBUG: Revisando en BD RUC: 10026451839
2022-12-21 11:27:32,211 DEBUG: Revisando ruc: 10026451839
2022-12-21 11:27:32,305 ERROR: Invalid field name
System.Runtime.InteropServices.COMException (0xFFFFFBAE): Invalid field name
   en SAPbobsCOM.IFields.Item(Object Index)
   en SN_SUNAT_SRV.Methods.dlBPartner.validarMaestroSocios(String[] Datos, Boolean CambioDirEnt, String& error, Int32& sociosAct) en C:\Users\ventura1\Desktop\JSOLIS\servicio_20122022_1625\servicio_20122022_1625\servicio\SN_SUNAT_SRV\Methods\dlBPartner.cs:línea 314
2022-12-21 11:27:32,312 DEBUG: Validacion finalizada
2022-12-21 11:27:32,312 DEBUG: Iniciando validacion
2022-12-21 11:27:32,314 DEBUG: Revisando en BD RUC: 20600644778
2022-12-21 11:27:32,382 DEBUG: Revisando ruc: 20600644778
2022-12-21 11:27:32,580 ERROR: Invalid field name
System.Runtime.InteropServices.COMException (0xFFFFFBAE): Invalid field name
   en SAPbobsCOM.IFields.Item(Object Index)
   en SN_SUNAT_SRV.Methods.dlBPartner.validarMaestroSocios(String[] Datos, Boolean CambioDirEnt, String& error, Int32& sociosAct) en C:\Users\ventura1\Desktop\JSOLIS\servicio_20122022_1625\servicio_20122022_1625\servicio\SN_SUNAT_SRV\Methods\dlBPartner.cs:línea 314
2022-12-21 11:27:32,587 DEBUG: Validacion finalizada
2022-12-21 11:27:32,587 DEBUG: Iniciando validacion
2022-12-21 11:27:32,589 DEBUG: Revisando en BD RUC: 10026484699
2022-12-21 11:27:32,645 DEBUG: Revisando ruc: 10026484699
2022-12-21 11:27:32,743 ERROR: Invalid field name
System.Runtime.InteropServices.COMException (0xFFFFFBAE): Invalid field name
   en SAPbobsCOM.IFields.Item(Object Index)
   en SN_SUNAT_SRV.Methods.dlBPartner.validarMaestroSocios(String[] Datos, Boolean CambioDirEnt, String& error, Int32& sociosAct) en C:\Users\ventura1\Desktop\JSOLIS\servicio_20122022_1625\servicio_20122022_1625\servicio\SN_SUNAT_SRV\Methods\dlBPartner.cs:línea 314
2022-12-21 11:27:32,752 DEBUG: Validacion finalizada
2022-12-21 11:27:32,752 DEBUG: Iniciando validacion
2022-12-21 11:27:32,754 DEBUG: Revisando en BD RUC: 10026384937
2022-12-21 11:27:32,823 DEBUG: Revisando ruc: 10026384937
2022-12-21 11:27:32,924 ERROR: Invalid field name
System.Runtime.InteropServices.COMException (0xFFFFFBAE): Invalid field name
   en SAPbobsCOM.IFields.Item(Object Index)
   en SN_SUNAT_SRV.Methods.dlBPartner.validarMaestroSocios(String[] Datos, Boolean CambioDirEnt, String& error, Int32& sociosAct) en C:\Users\ventura1\Desktop\JSOLIS\servicio_20122022_1625\servicio_20122022_1625\servicio\SN_SUNAT_SRV\Methods\dlBPartner.cs:línea 314
2022-12-21 11:27:32,929 DEBUG: Validacion finalizada
2022-12-21 11:27:32,930 DEBUG: Iniciando validacion
2022-12-21 11:27:32,930 DEBUG: Revisando en BD RUC: 20602286623
2022-12-21 11:27:32,989 DEBUG: Revisando ruc: 20602286623
2022-12-21 11:27:33,162 ERROR: Invalid field name
System.Runtime.InteropServices.COMException (0xFFFFFBAE): Invalid field name
   en SAPbobsCOM.IFields.Item(Object Index)
   en SN_SUNAT_SRV.Methods.dlBPartner.validarMaestroSocios(String[] Datos, Boolean CambioDirEnt, String& error, Int32& sociosAct) en C:\Users\ventura1\Desktop\JSOLIS\servicio_20122022_1625\servicio_20122022_1625\servicio\SN_SUNAT_SRV\Methods\dlBPartner.cs:línea 314
2022-12-21 11:27:33,169 DEBUG: Validacion finalizada
2022-12-21 11:27:33,169 DEBUG: Iniciando validacion
2022-12-21 11:27:33,170 DEBUG: Revisando en BD RUC: 20480880154
2022-12-21 11:27:33,236 DEBUG: Revisando ruc: 20480880154
2022-12-21 11:27:33,299 DEBUG: 20160901
2022-12-21 11:27:33,412 ERROR: Invalid field name
System.Runtime.InteropServices.COMException (0xFFFFFBAE): Invalid field name
   en SAPbobsCOM.IFields.Item(Object Index)
   en SN_SUNAT_SRV.Methods.dlBPartner.validarMaestroSocios(String[] Datos, Boolean CambioDirEnt, String& error, Int32& sociosAct) en C:\Users\ventura1\Desktop\JSOLIS\servicio_20122022_1625\servicio_20122022_1625\servicio\SN_SUNAT_SRV\Methods\dlBPartner.cs:línea 314
2022-12-21 11:27:33,417 DEBUG: Validacion finalizada
2022-12-21 11:27:33,418 DEBUG: Iniciando validacion
2022-12-21 11:27:33,418 DEBUG: Revisando en BD RUC: 20602336442
2022-12-21 11:27:33,471 DEBUG: Revisando ruc: 20602336442
2022-12-21 11:27:33,683 ERROR: Invalid field name
System.Runtime.InteropServices.COMException (0xFFFFFBAE): Invalid field name
   en SAPbobsCOM.IFields.Item(Object Index)
   en SN_SUNAT_SRV.Methods.dlBPartner.validarMaestroSocios(String[] Datos, Boolean CambioDirEnt, String& error, Int32& sociosAct) en C:\Users\ventura1\Desktop\JSOLIS\servicio_20122022_1625\servicio_20122022_1625\servicio\SN_SUNAT_SRV\Methods\dlBPartner.cs:línea 314
2022-12-21 11:27:33,688 DEBUG: Validacion finalizada
2022-12-21 11:27:33,689 DEBUG: Iniciando validacion
2022-12-21 11:27:33,691 DEBUG: Revisando en BD RUC: 10026658387
2022-12-21 11:27:33,793 DEBUG: Revisando ruc: 10026658387
2022-12-21 11:27:33,916 ERROR: Invalid field name
System.Runtime.InteropServices.COMException (0xFFFFFBAE): Invalid field name
   en SAPbobsCOM.IFields.Item(Object Index)
   en SN_SUNAT_SRV.Methods.dlBPartner.validarMaestroSocios(String[] Datos, Boolean CambioDirEnt, String& error, Int32& sociosAct) en C:\Users\ventura1\Desktop\JSOLIS\servicio_20122022_1625\servicio_20122022_1625\servicio\SN_SUNAT_SRV\Methods\dlBPartner.cs:línea 314
2022-12-21 11:27:33,923 DEBUG: Validacion finalizada
2022-12-21 11:27:33,924 DEBUG: Iniciando validacion
2022-12-21 11:27:33,925 DEBUG: Revisando en BD RUC: 20600685393
2022-12-21 11:27:33,999 DEBUG: Revisando ruc: 20600685393
2022-12-21 11:27:34,182 ERROR: Invalid field name
System.Runtime.InteropServices.COMException (0xFFFFFBAE): Invalid field name
   en SAPbobsCOM.IFields.Item(Object Index)
   en SN_SUNAT_SRV.Methods.dlBPartner.validarMaestroSocios(String[] Datos, Boolean CambioDirEnt, String& error, Int32& sociosAct) en C:\Users\ventura1\Desktop\JSOLIS\servicio_20122022_1625\servicio_20122022_1625\servicio\SN_SUNAT_SRV\Methods\dlBPartner.cs:línea 314
2022-12-21 11:27:34,192 DEBUG: Validacion finalizada
2022-12-21 11:27:34,192 INFO : Resultado: 10 correctos, 0 errores, 0 inválidos, 0 Socios Procesados -  Total Acumulado: 0
2022-12-21 11:27:34,193 INFO : RUC del 11 al 20
2022-12-21 11:27:38,159 DEBUG: Iniciando validacion
2022-12-21 11:27:38,159 DEBUG: Revisando en BD RUC: 20525506704
2022-12-21 11:27:38,210 DEBUG: Revisando ruc: 20525506704
2022-12-21 11:27:38,377 ERROR: Invalid field name
System.Runtime.InteropServices.COMException (0xFFFFFBAE): Invalid field name
   en SAPbobsCOM.IFields.Item(Object Index)
   en SN_SUNAT_SRV.Methods.dlBPartner.validarMaestroSocios(String[] Datos, Boolean CambioDirEnt, String& error, Int32& sociosAct) en C:\Users\ventura1\Desktop\JSOLIS\servicio_20122022_1625\servicio_20122022_1625\servicio\SN_SUNAT_SRV\Methods\dlBPartner.cs:línea 314
2022-12-21 11:27:38,383 DEBUG: Validacion finalizada
2022-12-21 11:27:38,383 DEBUG: Iniciando validacion
2022-12-21 11:27:38,384 DEBUG: Revisando en BD RUC: 20122720650
2022-12-21 11:27:38,437 DEBUG: Revisando ruc: 20122720650
2022-12-21 11:27:38,487 DEBUG: 20121101
2022-12-21 11:27:38,487 DEBUG: 20160201
2022-12-21 11:27:38,594 ERROR: Invalid field name
System.Runtime.InteropServices.COMException (0xFFFFFBAE): Invalid field name
   en SAPbobsCOM.IFields.Item(Object Index)
   en SN_SUNAT_SRV.Methods.dlBPartner.validarMaestroSocios(String[] Datos, Boolean CambioDirEnt, String& error, Int32& sociosAct) en C:\Users\ventura1\Desktop\JSOLIS\servicio_20122022_1625\servicio_20122022_1625\servicio\SN_SUNAT_SRV\Methods\dlBPartner.cs:línea 314
2022-12-21 11:27:38,600 DEBUG: Validacion finalizada
2022-12-21 11:27:38,600 DEBUG: Iniciando validacion
2022-12-21 11:27:38,601 DEBUG: Revisando en BD RUC: 20330791501
2022-12-21 11:27:38,656 DEBUG: Revisando ruc: 20330791501
2022-12-21 11:27:38,719 DEBUG: 20020601
2022-12-21 11:27:38,831 ERROR: Invalid field name
System.Runtime.InteropServices.COMException (0xFFFFFBAE): Invalid field name
   en SAPbobsCOM.IFields.Item(Object Index)
   en SN_SUNAT_SRV.Methods.dlBPartner.validarMaestroSocios(String[] Datos, Boolean CambioDirEnt, String& error, Int32& sociosAct) en C:\Users\ventura1\Desktop\JSOLIS\servicio_20122022_1625\servicio_20122022_1625\servicio\SN_SUNAT_SRV\Methods\dlBPartner.cs:línea 314
2022-12-21 11:27:38,839 DEBUG: Validacion finalizada
2022-12-21 11:27:38,839 DEBUG: Iniciando validacion
2022-12-21 11:27:38,840 DEBUG: Revisando en BD RUC: 20604120226
2022-12-21 11:27:38,895 DEBUG: Revisando ruc: 20604120226
2022-12-21 11:27:39,009 ERROR: Invalid field name
System.Runtime.InteropServices.COMException (0xFFFFFBAE): Invalid field name
   en SAPbobsCOM.IFields.Item(Object Index)
   en SN_SUNAT_SRV.Methods.dlBPartner.validarMaestroSocios(String[] Datos, Boolean CambioDirEnt, String& error, Int32& sociosAct) en C:\Users\ventura1\Desktop\JSOLIS\servicio_20122022_1625\servicio_20122022_1625\servicio\SN_SUNAT_SRV\Methods\dlBPartner.cs:línea 314
2022-12-21 11:27:39,015 DEBUG: Validacion finalizada
2022-12-21 11:27:39,015 DEBUG: Iniciando validacion
2022-12-21 11:27:39,016 DEBUG: Revisando en BD RUC: 10026661892
2022-12-21 11:27:39,084 DEBUG: Revisando ruc: 10026661892
2022-12-21 11:27:39,176 ERROR: Invalid field name
System.Runtime.InteropServices.COMException (0xFFFFFBAE): Invalid field name
   en SAPbobsCOM.IFields.Item(Object Index)
   en SN_SUNAT_SRV.Methods.dlBPartner.validarMaestroSocios(String[] Datos, Boolean CambioDirEnt, String& error, Int32& sociosAct) en C:\Users\ventura1\Desktop\JSOLIS\servicio_20122022_1625\servicio_20122022_1625\servicio\SN_SUNAT_SRV\Methods\dlBPartner.cs:línea 314
2022-12-21 11:27:39,182 DEBUG: Validacion finalizada
2022-12-21 11:27:39,187 DEBUG: Iniciando validacion
2022-12-21 11:27:39,193 DEBUG: Revisando en BD RUC: 20603828446
2022-12-21 11:27:39,250 DEBUG: Revisando ruc: 20603828446
2022-12-21 11:27:39,397 ERROR: Invalid field name
System.Runtime.InteropServices.COMException (0xFFFFFBAE): Invalid field name
   en SAPbobsCOM.IFields.Item(Object Index)
   en SN_SUNAT_SRV.Methods.dlBPartner.validarMaestroSocios(String[] Datos, Boolean CambioDirEnt, String& error, Int32& sociosAct) en C:\Users\ventura1\Desktop\JSOLIS\servicio_20122022_1625\servicio_20122022_1625\servicio\SN_SUNAT_SRV\Methods\dlBPartner.cs:línea 314
2022-12-21 11:27:39,402 DEBUG: Validacion finalizada
2022-12-21 11:27:39,403 DEBUG: Iniciando validacion
2022-12-21 11:27:39,404 DEBUG: Revisando en BD RUC: 20600697626
2022-12-21 11:27:39,471 DEBUG: Revisando ruc: 20600697626
2022-12-21 11:27:39,597 ERROR: Invalid field name
System.Runtime.InteropServices.COMException (0xFFFFFBAE): Invalid field name
   en SAPbobsCOM.IFields.Item(Object Index)
   en SN_SUNAT_SRV.Methods.dlBPartner.validarMaestroSocios(String[] Datos, Boolean CambioDirEnt, String& error, Int32& sociosAct) en C:\Users\ventura1\Desktop\JSOLIS\servicio_20122022_1625\servicio_20122022_1625\servicio\SN_SUNAT_SRV\Methods\dlBPartner.cs:línea 314
2022-12-21 11:27:39,603 DEBUG: Validacion finalizada
2022-12-21 11:27:39,604 DEBUG: Iniciando validacion
2022-12-21 11:27:39,605 DEBUG: Revisando en BD RUC: 10427393955
2022-12-21 11:27:39,668 DEBUG: Revisando ruc: 10427393955
2022-12-21 11:27:39,765 ERROR: Invalid field name
System.Runtime.InteropServices.COMException (0xFFFFFBAE): Invalid field name
   en SAPbobsCOM.IFields.Item(Object Index)
   en SN_SUNAT_SRV.Methods.dlBPartner.validarMaestroSocios(String[] Datos, Boolean CambioDirEnt, String& error, Int32& sociosAct) en C:\Users\ventura1\Desktop\JSOLIS\servicio_20122022_1625\servicio_20122022_1625\servicio\SN_SUNAT_SRV\Methods\dlBPartner.cs:línea 314
2022-12-21 11:27:39,773 DEBUG: Validacion finalizada
2022-12-21 11:27:39,773 DEBUG: Iniciando validacion
2022-12-21 11:27:39,775 DEBUG: Revisando en BD RUC: 10026513613
2022-12-21 11:27:39,835 DEBUG: Revisando ruc: 10026513613
2022-12-21 11:27:39,927 ERROR: Invalid field name
System.Runtime.InteropServices.COMException (0xFFFFFBAE): Invalid field name
   en SAPbobsCOM.IFields.Item(Object Index)
   en SN_SUNAT_SRV.Methods.dlBPartner.validarMaestroSocios(String[] Datos, Boolean CambioDirEnt, String& error, Int32& sociosAct) en C:\Users\ventura1\Desktop\JSOLIS\servicio_20122022_1625\servicio_20122022_1625\servicio\SN_SUNAT_SRV\Methods\dlBPartner.cs:línea 314
2022-12-21 11:27:39,932 DEBUG: Validacion finalizada
2022-12-21 11:27:39,932 DEBUG: Iniciando validacion
2022-12-21 11:27:39,933 DEBUG: Revisando en BD RUC: 10026120336
2022-12-21 11:27:39,984 DEBUG: Revisando ruc: 10026120336
2022-12-21 11:27:40,075 ERROR: Invalid field name
System.Runtime.InteropServices.COMException (0xFFFFFBAE): Invalid field name
   en SAPbobsCOM.IFields.Item(Object Index)
   en SN_SUNAT_SRV.Methods.dlBPartner.validarMaestroSocios(String[] Datos, Boolean CambioDirEnt, String& error, Int32& sociosAct) en C:\Users\ventura1\Desktop\JSOLIS\servicio_20122022_1625\servicio_20122022_1625\servicio\SN_SUNAT_SRV\Methods\dlBPartner.cs:línea 314
2022-12-21 11:27:40,083 DEBUG: Validacion finalizada
2022-12-21 11:27:40,083 INFO : Resultado: 10 correctos, 0 errores, 0 inválidos, 0 Socios Procesados -  Total Acumulado: 0
2022-12-21 11:27:40,084 INFO : RUC del 21 al 30
2022-12-21 11:27:45,617 DEBUG: Iniciando validacion
2022-12-21 11:27:45,617 DEBUG: Revisando en BD RUC: 10026160010
2022-12-21 11:27:45,673 DEBUG: Revisando ruc: 10026160010
2022-12-21 11:27:45,768 ERROR: Invalid field name
System.Runtime.InteropServices.COMException (0xFFFFFBAE): Invalid field name
   en SAPbobsCOM.IFields.Item(Object Index)
   en SN_SUNAT_SRV.Methods.dlBPartner.validarMaestroSocios(String[] Datos, Boolean CambioDirEnt, String& error, Int32& sociosAct) en C:\Users\ventura1\Desktop\JSOLIS\servicio_20122022_1625\servicio_20122022_1625\servicio\SN_SUNAT_SRV\Methods\dlBPartner.cs:línea 314
2022-12-21 11:27:45,775 DEBUG: Validacion finalizada
2022-12-21 11:27:45,775 DEBUG: Iniciando validacion
2022-12-21 11:27:45,776 DEBUG: Revisando en BD RUC: 20556321541
2022-12-21 11:27:45,832 DEBUG: Revisando ruc: 20556321541
2022-12-21 11:27:45,983 ERROR: Invalid field name
System.Runtime.InteropServices.COMException (0xFFFFFBAE): Invalid field name
   en SAPbobsCOM.IFields.Item(Object Index)
   en SN_SUNAT_SRV.Methods.dlBPartner.validarMaestroSocios(String[] Datos, Boolean CambioDirEnt, String& error, Int32& sociosAct) en C:\Users\ventura1\Desktop\JSOLIS\servicio_20122022_1625\servicio_20122022_1625\servicio\SN_SUNAT_SRV\Methods\dlBPartner.cs:línea 314
2022-12-21 11:27:45,988 DEBUG: Validacion finalizada
2022-12-21 11:27:45,989 DEBUG: Iniciando validacion
2022-12-21 11:27:45,989 DEBUG: Revisando en BD RUC: 20459277332
2022-12-21 11:27:46,052 DEBUG: Revisando ruc: 20459277332
2022-12-21 11:27:46,170 ERROR: Invalid field name
System.Runtime.InteropServices.COMException (0xFFFFFBAE): Invalid field name
   en SAPbobsCOM.IFields.Item(Object Index)
   en SN_SUNAT_SRV.Methods.dlBPartner.validarMaestroSocios(String[] Datos, Boolean CambioDirEnt, String& error, Int32& sociosAct) en C:\Users\ventura1\Desktop\JSOLIS\servicio_20122022_1625\servicio_20122022_1625\servicio\SN_SUNAT_SRV\Methods\dlBPartner.cs:línea 314
2022-12-21 11:27:46,176 DEBUG: Validacion finalizada
2022-12-21 11:27:46,177 DEBUG: Iniciando validacion
2022-12-21 11:27:46,177 DEBUG: Revisando en BD RUC: 20601572533
2022-12-21 11:27:46,234 DEBUG: Revisando ruc: 20601572533
2022-12-21 11:27:46,393 ERROR: Invalid field name
System.Runtime.InteropServices.COMException (0xFFFFFBAE): Invalid field name
   en SAPbobsCOM.IFields.Item(Object Index)
   en SN_SUNAT_SRV.Methods.dlBPartner.validarMaestroSocios(String[] Datos, Boolean CambioDirEnt, String& error, Int32& sociosAct) en C:\Users\ventura1\Desktop\JSOLIS\servicio_20122022_1625\servicio_20122022_1625\servicio\SN_SUNAT_SRV\Methods\dlBPartner.cs:línea 314
2022-12-21 11:27:46,402 DEBUG: Validacion finalizada
2022-12-21 11:27:46,402 DEBUG: Iniciando validacion
2022-12-21 11:27:46,403 DEBUG: Revisando en BD RUC: 20105367407
2022-12-21 11:27:46,460 DEBUG: Revisando ruc: 20105367407
2022-12-21 11:27:46,473 DEBUG: 20040501
2022-12-21 11:27:46,473 DEBUG: 20060401
2022-12-21 11:27:46,582 ERROR: Invalid field name
System.Runtime.InteropServices.COMException (0xFFFFFBAE): Invalid field name
   en SAPbobsCOM.IFields.Item(Object Index)
   en SN_SUNAT_SRV.Methods.dlBPartner.validarMaestroSocios(String[] Datos, Boolean CambioDirEnt, String& error, Int32& sociosAct) en C:\Users\ventura1\Desktop\JSOLIS\servicio_20122022_1625\servicio_20122022_1625\servicio\SN_SUNAT_SRV\Methods\dlBPartner.cs:línea 314
2022-12-21 11:27:46,589 DEBUG: Validacion finalizada
2022-12-21 11:27:46,589 DEBUG: Iniciando validacion
2022-12-21 11:27:46,590 DEBUG: Revisando en BD RUC: 20600861400
2022-12-21 11:27:46,647 DEBUG: Revisando ruc: 20600861400
2022-12-21 11:27:46,800 ERROR: Invalid field name
System.Runtime.InteropServices.COMException (0xFFFFFBAE): Invalid field name
   en SAPbobsCOM.IFields.Item(Object Index)
   en SN_SUNAT_SRV.Methods.dlBPartner.validarMaestroSocios(String[] Datos, Boolean CambioDirEnt, String& error, Int32& sociosAct) en C:\Users\ventura1\Desktop\JSOLIS\servicio_20122022_1625\servicio_20122022_1625\servicio\SN_SUNAT_SRV\Methods\dlBPartner.cs:línea 314
2022-12-21 11:27:46,806 DEBUG: Validacion finalizada
2022-12-21 11:27:46,807 DEBUG: Iniciando validacion
2022-12-21 11:27:46,807 DEBUG: Revisando en BD RUC: 20274361531
2022-12-21 11:27:46,868 DEBUG: Revisando ruc: 20274361531
2022-12-21 11:27:47,017 ERROR: Invalid field name
System.Runtime.InteropServices.COMException (0xFFFFFBAE): Invalid field name
   en SAPbobsCOM.IFields.Item(Object Index)
   en SN_SUNAT_SRV.Methods.dlBPartner.validarMaestroSocios(String[] Datos, Boolean CambioDirEnt, String& error, Int32& sociosAct) en C:\Users\ventura1\Desktop\JSOLIS\servicio_20122022_1625\servicio_20122022_1625\servicio\SN_SUNAT_SRV\Methods\dlBPartner.cs:línea 314
2022-12-21 11:27:47,029 DEBUG: Validacion finalizada
2022-12-21 11:27:47,029 DEBUG: Iniciando validacion
2022-12-21 11:27:47,030 DEBUG: Revisando en BD RUC: 20526385854
2022-12-21 11:27:47,128 DEBUG: Revisando ruc: 20526385854
2022-12-21 11:27:47,252 ERROR: Invalid field name
System.Runtime.InteropServices.COMException (0xFFFFFBAE): Invalid field name
   en SAPbobsCOM.IFields.Item(Object Index)
   en SN_SUNAT_SRV.Methods.dlBPartner.validarMaestroSocios(String[] Datos, Boolean CambioDirEnt, String& error, Int32& sociosAct) en C:\Users\ventura1\Desktop\JSOLIS\servicio_20122022_1625\servicio_20122022_1625\servicio\SN_SUNAT_SRV\Methods\dlBPartner.cs:línea 314
2022-12-21 11:27:47,260 DEBUG: Validacion finalizada
2022-12-21 11:27:47,260 DEBUG: Iniciando validacion
2022-12-21 11:27:47,261 DEBUG: Revisando en BD RUC: 20526488581
2022-12-21 11:27:47,312 DEBUG: Revisando ruc: 20526488581
2022-12-21 11:27:47,447 ERROR: Invalid field name
System.Runtime.InteropServices.COMException (0xFFFFFBAE): Invalid field name
   en SAPbobsCOM.IFields.Item(Object Index)
   en SN_SUNAT_SRV.Methods.dlBPartner.validarMaestroSocios(String[] Datos, Boolean CambioDirEnt, String& error, Int32& sociosAct) en C:\Users\ventura1\Desktop\JSOLIS\servicio_20122022_1625\servicio_20122022_1625\servicio\SN_SUNAT_SRV\Methods\dlBPartner.cs:línea 314
2022-12-21 11:27:47,453 DEBUG: Validacion finalizada
2022-12-21 11:27:47,454 DEBUG: Iniciando validacion
2022-12-21 11:27:47,456 DEBUG: Revisando en BD RUC: 20355156584
2022-12-21 11:27:47,526 DEBUG: Revisando ruc: 20355156584
2022-12-21 11:27:47,704 ERROR: Invalid field name
System.Runtime.InteropServices.COMException (0xFFFFFBAE): Invalid field name
   en SAPbobsCOM.IFields.Item(Object Index)
   en SN_SUNAT_SRV.Methods.dlBPartner.validarMaestroSocios(String[] Datos, Boolean CambioDirEnt, String& error, Int32& sociosAct) en C:\Users\ventura1\Desktop\JSOLIS\servicio_20122022_1625\servicio_20122022_1625\servicio\SN_SUNAT_SRV\Methods\dlBPartner.cs:línea 314
2022-12-21 11:27:47,710 DEBUG: Validacion finalizada
2022-12-21 11:27:47,710 INFO : Resultado: 10 correctos, 0 errores, 0 inválidos, 0 Socios Procesados -  Total Acumulado: 0
2022-12-21 11:27:47,712 INFO : RUC del 31 al 40
2022-12-21 11:31:51,158 INFO : Inicializando Servicio
2022-12-21 11:31:52,785 INFO : Procesando socios
2022-12-21 11:31:52,785 INFO : Conectando a la BD ZZZ_ECOACUICOLA_2911
2022-12-21 11:31:59,556 INFO : Conectado satisfactoriamente
2022-12-21 11:31:59,610 INFO : Iniciando el Proceso
2022-12-21 11:31:59,612 INFO : Procesando RUC individual
2022-12-21 11:31:59,629 INFO : Buscando socios
2022-12-21 11:31:59,642 INFO : Encontrados 1631
2022-12-21 11:31:59,660 DEBUG: RUC encontrados: 20609585740,10026451839,20600644778,10026484699,10026384937,20602286623,20480880154,20602336442,10026658387,20600685393,20525506704,20122720650,20330791501,20604120226,10026661892,20603828446,20600697626,10427393955,10026513613,10026120336,10026160010,20556321541,20459277332,20601572533,20105367407,20600861400,20274361531,20526385854,20526488581,20355156584,20356367066,20356883749,20601783267,20484210676,20600756622,20510930895,20547386176,10180488664,20106498386,20514737364,20484259764,20600455282,20518417275,20600918771,20396466768,20513106832,20175642341,20601908761,20518634454,10471740026,10471215321,10038885419,20392664310,20530101305,20601202370,20530047769,20100402727,20419020606,20441475056,20563124637,10470111203,20418453177,20529921927,20502625293,20331066703,20530205852,20602229123,20102351038,20603875045,20102847670,20385739771,10176034683,20530323626,20600200039,20605707328,20601756421,20551935508,20505155328,20122535917,20484320188,20479942766,20516367670,20602202586,20483907223,20602336141,10179144919,20516398478,20511445389,10179036857,20481382417,10178205388,20601906610,20600300076,20451555104,20525286071,20480214502,20529751665,20601656095,20603766891,10026061976,20337093826,20546867731,20441487143,20453884091,20524698057,20515010476,10178449813,20603596294,20601128617,20601158290,20100027021,10026075926,10026080687,20608653351,10026082698,10026338668,20295613620,10026300679,20314727500,20290308802,20481997390,20602310567,20479813877,10062029361,20483813831,10709291578,20480353022,20514307432,20600695291,10721963182,20526568185,10724904187,20525673431,20600928831,20108475081,10706688167,10082420822,20601732212,20483923342,20117332714,20525265405,20483608668,10061923565,20547530552,20602362656,20600135563,20144341512,20601602653,20483894814,20555962984,10772441083,10729435185,20100244714,10741591401,10743024139,20102167296,10077910455,10778018344,20601158257,20542904896,10181337244,10454825379,20525342914,20483998270,20605215654,10056403596,10056407192,10056426545,10056424798,20510716974,20172627421,20522547957,20484127426,20526272731,20605452567,20538619036,20112816993,20607835544,20530352481,20601349559,20604731241,20537801566,10464743486,10027713888,20603780346,10038675791,20488025679,10038674558,20600874943,20605793003,20604291802,20600169158,15483913629,20525359485,10038799989,10028235092,10038992703,20488087194,20492519121,20421530107,20602767290,20557984357,20602712894,20508916079,10038712336,20601639891,20604676691,20525227732,20601817455,20554742573,20509152552,10709252521,20530299571,20530313230,10719027232,20493120752,20424084418,20409206922,20602170366,20495700071,20482547134,20502509382,20544677706,20521302390,20509959766,20562956311,20530085857,20389230724,20504367721,20529786701,20526250924,20526282966,20522861155,10454195693,20603023057,20602117911,10749280951,20603306857,20604735794,20409388851,20607739880,20603523424,20503955882,20525554008,20602369804,20337511172,20399119066,20565591160,20101357610,20510620195,20513074370,10430068003,20607841013,20525997171,20492842339,20484194026,20607964107,10035887488,10167582759,20604854327,20530207553,20605010319,20525944728,20511066957,10028914151,20526643578,10469705787,20512321357,20604403864,20512972536,20530283063,20526055048,20535849936,20607147672,20556342386,20538185010,10002022431,20530321682,20529801867,20604665605,20540098876,20516504332,20601610664,20605568395,20543493351,20605741577,20555992387,20484327948,20602033661,20536877682,20100512077,20231328425,20523051521,20525346740,10409083116,20525371345,20492691969,20525387853,20525908845,20525518541,20605676848,20537540070,10026310763,20525582800,20330286874,20603184409,20536645552,20603343329,20606706856,20100028698,20525703364,20600837827,20604198373,20543639231,20605950842,20601555434,20559819574,20525813623,20604349983,20525939481,20609684438,20526207913,20526233329,20484249530,20377146663,20600269292,20600302214,20600314000,20526517947,20526653883,10063922981,20517519490,20529480530,20554884874,20608228447,20511013080,20502630378,20529784911,20529760656,20526058578,20553157529,20268214527,20441097604,20529932881,20483803797,20529938145,10026276042,20131312955,20542089106,20530211232,20484034258,20261159733,20484304654,20608947451,20600421990,10437551541,20529842547,20530328857,20530611681,20602253873,20607571768,20606817704,20601034809,20124163693,20601544548,20537304422,10034683731,20602173730,10028923088,20538118177,10028575519,20604786691,20484096369,20525684475,10027998602,20601379504,20543306771,20544093895,20550685851,20546892175,20549858865,20604491682,10181893082,10803140516,10079621965,10028434532,20529730072,10402260675,10417708958,10437725620,20552515766,20510274009,10700120819,17102862554,20600637470,20604496838,20603425091,10105433668,20530267378,10704715990,10082504767,20556250694,20559561542,20602540376,10734231911,20307150981,20559617190,20606766719,20601790662,20484315931,20559912191,20432940161,20561219789,20512122311,10082439060,20604762651,20521238284,20525488536,20602366261,20566205247,20600005155,10078200338,10103468863,20607842915,10093366251,20529938064,20603218869,20510644451,20601012287,20145038384,20603392851,20540010375,20600149645,20600163346,20559683575,20602661149,20600354044,20600464281,20602915540,20602673422,10421277708,20346669625,20525786715,20600875028,20600876211,20600581768,20601259983,20601322898,20530302386,20602835660,20601408130,10026917323,10028762122,20601466202,20601474361,20604765774,10091353364,20601590922,20603683693,20483995092,20540087751,20601759374,10026107836,20602790917,20601767423,20608529510,20605876677,20606756705,20601843839,20608608681,20600967844,20515971921,20606581107,20602092390,20606188642,15603452981,20399642109,20258352638,20544142004,20608529994,20513632569,20602156738,20526575807,20544178297,20604206180,20600106237,10758441135,10028118134,20513541849,20418647371,20477582461,20432824099,20609276801,20542169398,20602787061,20602787576,20417926632,20602806902,10002383301,20602872476,20100042500,20146721410,20525871747,20551094198,20602897002,20603966521,10165889148,10420361977,20603156324,10026808168,20525652271,20603412011,20601893844,10028308944,20603641214,20603709293,20132676004,20102708394,20525523463,20100488427,20100776562,20606750138,20604129291,10446024944,20603160607,20604544271,20525830129,20606278099,20603302746,10026282948,20604820830,10408310976,20525681298,20604912271,20605470611,10723731513,20608538802,20530081517,20101996116,20605029290,20605213236,20605594507,20605597140,20605687661,20605699627,20609575566,10179214038,20604769494,20606688777,20409232761,20606954981,20554545743,10411749539,10401906091,20605506837,20608278363,20440852671,20601032971,20608479491,20608608487,20484180157,20484270067,20608891227,20608947524,20525728600,20606504765,20603790465,20608336380,20601986621,10458830288,20536938657,20530214762,20160349914,10472937931,20504973990,20526104782,20608479423,20324203118,20136247396,20603731124,20607107051,20608103873,20608983024,20526602626,20529992514,20261239923,20132091979,20609337592,10028568377,10413505548,10032340607,10002407847,20100084172,20477704248,10026481835,10091567674,20251357413,20223968971,20601668131,20601762243,20609904047,20392777190,20604751986,20219178264,20526249322,20231843460,20296081567,20257692109,20604817375,20608634585,20549758054,20367075776,20112811096,20522051315,20409222294,20530240178,20409250581,20601750351,20602979734,20440703837,20600138228,20556129518,20561232611,20544424751,10702936794,20602099203,20502699491,20525509550,20530076866,20102021836,10027346249,20530239676,20601509653,20539707613,20601599881,10403008236,20603075910,20100082714,20529936100,20505062826,20529735465,20440484345,10742353007,10028063313,20508828960,20604117012,20605636374,20484290173,10762361472,20564490351,20605691693,20605821864,20610111701,20344877158,20483801239,10034702603,20605825274,20484214744,20601842158,20609513854,20606195738,20483393955,20600222849,20609358115,20606647451,20602009395,20451770099,20601814154,20602022731,20482814604,20524279160,20552252731,20481672768,20386659959,20530096115,20606222697,20526138172,20602255612,20525397816,20106897914,20604872368,20602717187,20609574667,20604665664,20488142802,20539830733,10410559701,20225116459,20504645984,20600652614,20418933381,20526566301,10758137151,20510910517,20605114734,20530167071,20335020872,20100227461,10095386828,20602798802,20606020598,20530184596,20514746355,10082386039,10420897761,20606994185,20603730501,20467534026,20100089051,20518364481,20607134953,20601254175,20136890329,10081919149,10082112362,20100000688,20529754419,20484164208,10420049388,10421149068,10421451309,10421753135,10420731731,10420765890,20600229576,20608878131,20536537407,20339899895,20409281622,20530172156,20530121918,20566156360,10034731956,20480297289,20305765784,10076170997,20538810682,20529720867,10074762820,20555271566,10074351471,20601584191,20419922391,10028185354,10078731805,10424565119,20342210814,10077976456,20100292875,20105210338,20606830191,20517182673,20601394902,20600087178,20601591911,10033677559,20526445008,20525852874,20602691862,20602814255,20100083362,20507281967,20605860053,20547579721,10402646034,20510407670,20602925995,20512220755,20502900936,20600174399,20286616225,10451363277,20526081804,20100141583,20600826574,20102424523,20529911298,10439931081,20605352121,20547922981,20102120061,10028889335,10028898784,20554123911,20548183279,20511315337,20100063680,20602081801,10709064679,10033413748,20603334729,10032132541,20392889231,10031204726,10412672084,20566407621,20105396172,10032365472,10032365740,10032365944,10032382156,20530136869,10036685455,20526618549,10477728061,20395492129,20602686320,10036683673,10417866928,10728022961,10003278463,20602683924,20100118336,20607658090,20602403425,20526041250,20530310991,20530242626,10804887178,20601589193,20484044997,20601536260,10417659434,10028961826,20505897812,20505370130,20600335619,20530213367,10036930000,10036930701,20529921846,20491781409,20563050765,20530192424,20100346479,10036937055,20529961554,20393011727,20101392369,20481330964,10450059507,10026899627,20563739771,20525977651,10473136088,15493213412,10028109232,20525271634,10406045833,20530228399,20268910515,20500453401,20439147076,20602341969,20600954351,10036124828,20602477089,10002193073,10182200862,20602163297,20510526415,10416355628,20100305101,20481829683,10036237053,20537480077,10420400697,20525758347,20507141791,10414862743,10182204949,10035940664,20514156558,20600384962,10758890592,20605669604,20482814191,20399536929,20492455050,10026615882,20102536593,10038839760,10479161661,20158179688,20602339891,20602051154,10406871997,20603045905,10026082388,20481828016,20603182198,20530338496,10027987554,10419949855,20441490446,20602690408,20601543151,20603681551,20600085205,20601398789,10180902851,20603261993,20601706980,20600710789,20602877770,20483433507,20601289807,10036454038,20606600241,20440878394,10454484687,20536364201,10449522244,10701672271,20440882821,10035047692,20601787394,20552543972,10028252477,20602592899,20511407533,10734458762,20530014321,20474102158,20600411978,20454186002,10091454420,20409264965,20102505957,20600859553,20543046095,20600947193,10028935647,20601301050,15165362532,20605294007,10030856886,10033563880,20606034696,20573813708,20409298355,10028763170,20604113629,10026931881,10450116471,20301604794,20605402128,20112273922,10167220253,20601107245,20605730001,20601111200,20131719559,10026450522,20554387498,10036977308,20388710994,20602601316,20606367377,20266614803,10471334494,20601515581,10436564789,20510037562,10472469954,20172606777,20606883669,10460322427,20484335614,20607021342,20607978779,20605239936,20409494294,20603891784,20483845520,20543854043,20565643496,20517374661,20547999691,20608775286,10475777749,20197316269,20600996372,10475362140,20479566250,10181244360,10477241803,10702151037,10026184733,20529961635,20563027607,10026537270,10028397840,10483177009,10483299864,10484074467,20467089464,10489619704,20601448697,10434746537,10434077112,10425191239,10435834715,10434789694,10435193094,20602224181,10102659860,20557069721,10431391908,20604718369,10430529701,10430832005,20268784625,10433313025,20113539594,20603000286,10431837892,10432367466,10442083571,10105373029,10443631122,20600897382,10443809606,10444270476,10036833594,10103180037,20605239740,10436807541,10434149521,10439307043,10426801294,10438429196,20504342817,20251995967,20526059116,10093895768,10424496940,10467161704,20526540680,10422079420,10026598546,10423737391,20479457710,20602674429,20366990357,10423245579,20103044155,20530063454,10026931032,10428487881,10428525189,20603839464,20603246234,20602905145,10429997947,10033675807,20602283080,10430377430,20600525272,10474087536,20503386730,10028566480,20511230935,20506210900,10732056322,20600315031,20600685423,20601438586,20396583055,20455477957,20607792187,20524403863,20511027382,20545699126,20600381742,10461738295,10460029894,10460452568,10464957516,10461937352,10466304081,20601584108,20475260199,10028794792,20537746956,20602274021,10469439793,20601210674,20100080002,20483912731,20520997734,20601646464,10165925969,20483917377,20136165667,10449424706,20213503384,10450318405,10449637408,10449941476,10449987158,20525937195,10028274934,20547689403,20440162062,10445473419,20601924936,20526352336,20600815742,20409419594,20502257634,10444907016,10447368906,20507637141,10422197449,20600488318,10445660499,10446951799,10456752778,10455154397,10026717502,10455721089,10035071097,20154477374,10459044880,10459456061,10457446409,10026718541,10457548538,10451721009,10454855626,10453196947,20101053157,20484084948,20600450736,10403483007,10038850691,10035793521,20601547300,10068076108,20601332796,20484252247,15604723202,20601308992,20600226585,20601498775,10027179270,20530254390,20563792745,20600056574,20556744263,20106975737,20601821169,20601750792,20602494498,20254053822,20384121838,10077992770,10082314135,10091710205,20601325439,20525765394,20601738792,20418896915,20603224079,10802691403,20519361672,10096701557,20600432258,20526572701,20601293090,20600577370,17105212208,10108060242,10164232781,20526533471,20600073711,20100006376,20604708509,10027207281,20546801471,20606946628,10404975949,10164232790,20601582113,20602533116,20601050324,20526362137,20100025915,15276280101,20100044626,20600909135,20539866762,10407671819,20505720131,20547706189,20604778191,20259572887,20508754079,10178637768,20603278233,10455178695,10806631642,20526016069,20602485570,20604760586,20601772273,10028918041,10422740827,20602939970,20100051169,20225058319,20600442288,10027690888,20545044545,20526543948,10407223573,10069748568,10481767780,20100055318,20509469327,20604943737,20483899379,10415001865,20392599828,20601100160,20603827326,10409429390,10181807836,20141441371,20509693634,20515610821,20501622819,10035983100,10031332406,10032004631,10327640629,20603279329,10027266601,20481928665,10081856236,10437532121,10459259771,20484228290,20100784239,20101256422,20390900407,20601704341,20484284441,10736808787,20471133770,10432730439,10727622760,20606161591,10424692285,10485028957,20605208810,20601010772,20144961146,10028042707,10400672755,10408261355,20462256940,10444555161,20482762027,10449662747,20605391193,10429781944,10464436940,10472914176,20526695454,10705441435,10077006309,20462441178,20477667709,10448202157,10437397959,10409384060,10459017033,20604725799,10468575375,10028590615,20563332230,20525707351,20409410295,20602837808,10471940475,20482587276,20102954247,20501262260,20602486339,10714754659,10461458888,20602769691,20603818734,10026530216,10463178726,20606358351,20487872581,10478084167,20382829302,20508032286,20100654025,20525320431,10426448888,20484133230,20546255299,20600989244,20131494450,20535653365,20100268575,20608680161,20100302421,20483930047,20545596823,10700503203,20100456495,20102670214,10028660371,20572230491,10719618320,20554039708,10413019970,20398527993,20605808311,20138563201,20602108687,20100105862,20570594860,20529858460,20135948641,20604211388,20484284106,20530236731,20101077099,10426887792,20602784631,10076062434,20603571127,20601971519,20101130160,20529891912,10443809533,20604211451,20526414544,20515829424,20602183107,20103365628,20604083037,20606323507,20167884491,20604152110,10411374535,20461851887,20525376576,10408103831,10028214354,20479726982,20566231833,20557338056,20483835648,20409397337,20100171814,20602620396,20137868955,20131644109,10805626297,20276885431,20526637764,20525564062,20602266916,20602687806,10757461230,20526520140,10804769396,10256542256,20100312736,20536218999,20566321662,20101200125,20101461786,20504979092,10293780817,20100017491,20101639275,20509952591,20483902264,20601099960,20561374750,10430382441,20600448286,20530266487,20494691524,10445490101,20100043140,20109969452,20433092776,20111740438,10211215599,20206432692,20526393369,20526394250,20110169109,20525411401,20100055661,20131016396,10412443140,10801767848,20530268773,20308491081,20602392661,20600979559,20100114349,20100166578,20526375034,20525476791,20555863731,10460323032,20550894859,20553320021,20356264411,20530313078,20526154291,20601153964,20100176450,20211040352,20100365341,20101281371,20100421195,20555949708,10179357190,20516577488,20560053151,20526279825,10165907812,20526083335,20111064394,20601849845,20534470402,20529837462,20604163936,20125327509,20542906597,20529996188,20603239238,20501842771,20115915828,20543499391,20603859244,20544144121,20507012044,20602880266,20526426046,20545198429,10729471467,20259814210,20529897872,20526280165,20432295754,20601494427,20517909875,20603752091,20601659248,20513594705,20502132343,20601834813,20601969255,20101128777,20600395832,20548707529,20522974944,20530180680,20604540594,20602895701,20530317499,20507417966,20529983281,20604085307,20526394845,20566604702,20602658644,20366873717,10333279393,20550205409,20530189806,20101056091,20603246285,20603455500,20546688136,20543725821,20549521984,10028243958,10027823543,10027791722,20601847451,20379902996,10027712083,20102426810,10479008774,20514706302,10405539301,10036606890,10411149418,10027925915,20601917883,20493027973,10027853108,10027833948,10027845695,10027878704,10027873711,10026844890,20604026050,10026854119,20510767889,10180975417,20388203111,20108528894,20604671494,10028508714,20484287466,20550502446,10026727109,20277131570,20477240152,10026870211,20456931554,10401567947,10027233169,10027152321,20602475019,20538743471,15398572600,10027394081,20548423172,20483808756,10027027283,10027082357,10028569551,10028613101,10028432114,20602600247,20492092313,10028484882,10174403550,10028820629,20360815031,20131529181,20348687191,20113539675,20550115752,20604845964,20101030963,20440459669,20122529780,20515874136,20122909931,10026553283,20131257750,20525602258,20409382739,20481691550,20440983261,10028078914,10028090604,10028316017,10028319041,10032037921,10028333264,10028291863,20530139701,20525555152,20502953541,10028339998,20132712086,20601899591,20609261359,10028229581,20525925693,20601362890,20600044266,10002530053,20486591529,10002538381,20602031030,20302757641,20530327613,20546010938,20559747212,20600530292,20600052595,20154477536,10026670441,20526576366,20604262250,10002502475,20601509351,20601989761,20530204708,20600187075,20601407737,20600133561,10026755013,20604269530,20161772373,20517253520,20114673774,20293331066,20602618073,20546458211,20202380621,20175674382,20537042126,20504511945,20409273875,10003697865,20101902740,20184778824,20602654631,20441204451,10002025863,20539938771,10410388770,20263019807,20601277299,10002360638,20383958581,20265258370,20105221453,10410385134,10002165363
2022-12-21 11:31:59,748 INFO : Procesando 1631 números de RUC
2022-12-21 11:31:59,749 INFO : RUC del 1 al 10
2022-12-21 11:32:06,604 DEBUG: Iniciando validacion
2022-12-21 11:32:06,610 DEBUG: Revisando en BD RUC: 20609585740
2022-12-21 11:32:06,740 DEBUG: Revisando ruc: 20609585740
2022-12-21 11:35:01,025 INFO : Inicializando Servicio
2022-12-21 11:35:02,764 INFO : Procesando socios
2022-12-21 11:35:02,764 INFO : Conectando a la BD ZZZ_ECOACUICOLA_2911
2022-12-21 11:35:09,609 INFO : Conectado satisfactoriamente
2022-12-21 11:35:09,664 INFO : Iniciando el Proceso
2022-12-21 11:35:09,665 INFO : Procesando RUC individual
2022-12-21 11:35:09,681 INFO : Buscando socios
2022-12-21 11:35:09,693 INFO : Encontrados 1631
2022-12-21 11:35:09,719 DEBUG: RUC encontrados: 20609585740,10026451839,20600644778,10026484699,10026384937,20602286623,20480880154,20602336442,10026658387,20600685393,20525506704,20122720650,20330791501,20604120226,10026661892,20603828446,20600697626,10427393955,10026513613,10026120336,10026160010,20556321541,20459277332,20601572533,20105367407,20600861400,20274361531,20526385854,20526488581,20355156584,20356367066,20356883749,20601783267,20484210676,20600756622,20510930895,20547386176,10180488664,20106498386,20514737364,20484259764,20600455282,20518417275,20600918771,20396466768,20513106832,20175642341,20601908761,20518634454,10471740026,10471215321,10038885419,20392664310,20530101305,20601202370,20530047769,20100402727,20419020606,20441475056,20563124637,10470111203,20418453177,20529921927,20502625293,20331066703,20530205852,20602229123,20102351038,20603875045,20102847670,20385739771,10176034683,20530323626,20600200039,20605707328,20601756421,20551935508,20505155328,20122535917,20484320188,20479942766,20516367670,20602202586,20483907223,20602336141,10179144919,20516398478,20511445389,10179036857,20481382417,10178205388,20601906610,20600300076,20451555104,20525286071,20480214502,20529751665,20601656095,20603766891,10026061976,20337093826,20546867731,20441487143,20453884091,20524698057,20515010476,10178449813,20603596294,20601128617,20601158290,20100027021,10026075926,10026080687,20608653351,10026082698,10026338668,20295613620,10026300679,20314727500,20290308802,20481997390,20602310567,20479813877,10062029361,20483813831,10709291578,20480353022,20514307432,20600695291,10721963182,20526568185,10724904187,20525673431,20600928831,20108475081,10706688167,10082420822,20601732212,20483923342,20117332714,20525265405,20483608668,10061923565,20547530552,20602362656,20600135563,20144341512,20601602653,20483894814,20555962984,10772441083,10729435185,20100244714,10741591401,10743024139,20102167296,10077910455,10778018344,20601158257,20542904896,10181337244,10454825379,20525342914,20483998270,20605215654,10056403596,10056407192,10056426545,10056424798,20510716974,20172627421,20522547957,20484127426,20526272731,20605452567,20538619036,20112816993,20607835544,20530352481,20601349559,20604731241,20537801566,10464743486,10027713888,20603780346,10038675791,20488025679,10038674558,20600874943,20605793003,20604291802,20600169158,15483913629,20525359485,10038799989,10028235092,10038992703,20488087194,20492519121,20421530107,20602767290,20557984357,20602712894,20508916079,10038712336,20601639891,20604676691,20525227732,20601817455,20554742573,20509152552,10709252521,20530299571,20530313230,10719027232,20493120752,20424084418,20409206922,20602170366,20495700071,20482547134,20502509382,20544677706,20521302390,20509959766,20562956311,20530085857,20389230724,20504367721,20529786701,20526250924,20526282966,20522861155,10454195693,20603023057,20602117911,10749280951,20603306857,20604735794,20409388851,20607739880,20603523424,20503955882,20525554008,20602369804,20337511172,20399119066,20565591160,20101357610,20510620195,20513074370,10430068003,20607841013,20525997171,20492842339,20484194026,20607964107,10035887488,10167582759,20604854327,20530207553,20605010319,20525944728,20511066957,10028914151,20526643578,10469705787,20512321357,20604403864,20512972536,20530283063,20526055048,20535849936,20607147672,20556342386,20538185010,10002022431,20530321682,20529801867,20604665605,20540098876,20516504332,20601610664,20605568395,20543493351,20605741577,20555992387,20484327948,20602033661,20536877682,20100512077,20231328425,20523051521,20525346740,10409083116,20525371345,20492691969,20525387853,20525908845,20525518541,20605676848,20537540070,10026310763,20525582800,20330286874,20603184409,20536645552,20603343329,20606706856,20100028698,20525703364,20600837827,20604198373,20543639231,20605950842,20601555434,20559819574,20525813623,20604349983,20525939481,20609684438,20526207913,20526233329,20484249530,20377146663,20600269292,20600302214,20600314000,20526517947,20526653883,10063922981,20517519490,20529480530,20554884874,20608228447,20511013080,20502630378,20529784911,20529760656,20526058578,20553157529,20268214527,20441097604,20529932881,20483803797,20529938145,10026276042,20131312955,20542089106,20530211232,20484034258,20261159733,20484304654,20608947451,20600421990,10437551541,20529842547,20530328857,20530611681,20602253873,20607571768,20606817704,20601034809,20124163693,20601544548,20537304422,10034683731,20602173730,10028923088,20538118177,10028575519,20604786691,20484096369,20525684475,10027998602,20601379504,20543306771,20544093895,20550685851,20546892175,20549858865,20604491682,10181893082,10803140516,10079621965,10028434532,20529730072,10402260675,10417708958,10437725620,20552515766,20510274009,10700120819,17102862554,20600637470,20604496838,20603425091,10105433668,20530267378,10704715990,10082504767,20556250694,20559561542,20602540376,10734231911,20307150981,20559617190,20606766719,20601790662,20484315931,20559912191,20432940161,20561219789,20512122311,10082439060,20604762651,20521238284,20525488536,20602366261,20566205247,20600005155,10078200338,10103468863,20607842915,10093366251,20529938064,20603218869,20510644451,20601012287,20145038384,20603392851,20540010375,20600149645,20600163346,20559683575,20602661149,20600354044,20600464281,20602915540,20602673422,10421277708,20346669625,20525786715,20600875028,20600876211,20600581768,20601259983,20601322898,20530302386,20602835660,20601408130,10026917323,10028762122,20601466202,20601474361,20604765774,10091353364,20601590922,20603683693,20483995092,20540087751,20601759374,10026107836,20602790917,20601767423,20608529510,20605876677,20606756705,20601843839,20608608681,20600967844,20515971921,20606581107,20602092390,20606188642,15603452981,20399642109,20258352638,20544142004,20608529994,20513632569,20602156738,20526575807,20544178297,20604206180,20600106237,10758441135,10028118134,20513541849,20418647371,20477582461,20432824099,20609276801,20542169398,20602787061,20602787576,20417926632,20602806902,10002383301,20602872476,20100042500,20146721410,20525871747,20551094198,20602897002,20603966521,10165889148,10420361977,20603156324,10026808168,20525652271,20603412011,20601893844,10028308944,20603641214,20603709293,20132676004,20102708394,20525523463,20100488427,20100776562,20606750138,20604129291,10446024944,20603160607,20604544271,20525830129,20606278099,20603302746,10026282948,20604820830,10408310976,20525681298,20604912271,20605470611,10723731513,20608538802,20530081517,20101996116,20605029290,20605213236,20605594507,20605597140,20605687661,20605699627,20609575566,10179214038,20604769494,20606688777,20409232761,20606954981,20554545743,10411749539,10401906091,20605506837,20608278363,20440852671,20601032971,20608479491,20608608487,20484180157,20484270067,20608891227,20608947524,20525728600,20606504765,20603790465,20608336380,20601986621,10458830288,20536938657,20530214762,20160349914,10472937931,20504973990,20526104782,20608479423,20324203118,20136247396,20603731124,20607107051,20608103873,20608983024,20526602626,20529992514,20261239923,20132091979,20609337592,10028568377,10413505548,10032340607,10002407847,20100084172,20477704248,10026481835,10091567674,20251357413,20223968971,20601668131,20601762243,20609904047,20392777190,20604751986,20219178264,20526249322,20231843460,20296081567,20257692109,20604817375,20608634585,20549758054,20367075776,20112811096,20522051315,20409222294,20530240178,20409250581,20601750351,20602979734,20440703837,20600138228,20556129518,20561232611,20544424751,10702936794,20602099203,20502699491,20525509550,20530076866,20102021836,10027346249,20530239676,20601509653,20539707613,20601599881,10403008236,20603075910,20100082714,20529936100,20505062826,20529735465,20440484345,10742353007,10028063313,20508828960,20604117012,20605636374,20484290173,10762361472,20564490351,20605691693,20605821864,20610111701,20344877158,20483801239,10034702603,20605825274,20484214744,20601842158,20609513854,20606195738,20483393955,20600222849,20609358115,20606647451,20602009395,20451770099,20601814154,20602022731,20482814604,20524279160,20552252731,20481672768,20386659959,20530096115,20606222697,20526138172,20602255612,20525397816,20106897914,20604872368,20602717187,20609574667,20604665664,20488142802,20539830733,10410559701,20225116459,20504645984,20600652614,20418933381,20526566301,10758137151,20510910517,20605114734,20530167071,20335020872,20100227461,10095386828,20602798802,20606020598,20530184596,20514746355,10082386039,10420897761,20606994185,20603730501,20467534026,20100089051,20518364481,20607134953,20601254175,20136890329,10081919149,10082112362,20100000688,20529754419,20484164208,10420049388,10421149068,10421451309,10421753135,10420731731,10420765890,20600229576,20608878131,20536537407,20339899895,20409281622,20530172156,20530121918,20566156360,10034731956,20480297289,20305765784,10076170997,20538810682,20529720867,10074762820,20555271566,10074351471,20601584191,20419922391,10028185354,10078731805,10424565119,20342210814,10077976456,20100292875,20105210338,20606830191,20517182673,20601394902,20600087178,20601591911,10033677559,20526445008,20525852874,20602691862,20602814255,20100083362,20507281967,20605860053,20547579721,10402646034,20510407670,20602925995,20512220755,20502900936,20600174399,20286616225,10451363277,20526081804,20100141583,20600826574,20102424523,20529911298,10439931081,20605352121,20547922981,20102120061,10028889335,10028898784,20554123911,20548183279,20511315337,20100063680,20602081801,10709064679,10033413748,20603334729,10032132541,20392889231,10031204726,10412672084,20566407621,20105396172,10032365472,10032365740,10032365944,10032382156,20530136869,10036685455,20526618549,10477728061,20395492129,20602686320,10036683673,10417866928,10728022961,10003278463,20602683924,20100118336,20607658090,20602403425,20526041250,20530310991,20530242626,10804887178,20601589193,20484044997,20601536260,10417659434,10028961826,20505897812,20505370130,20600335619,20530213367,10036930000,10036930701,20529921846,20491781409,20563050765,20530192424,20100346479,10036937055,20529961554,20393011727,20101392369,20481330964,10450059507,10026899627,20563739771,20525977651,10473136088,15493213412,10028109232,20525271634,10406045833,20530228399,20268910515,20500453401,20439147076,20602341969,20600954351,10036124828,20602477089,10002193073,10182200862,20602163297,20510526415,10416355628,20100305101,20481829683,10036237053,20537480077,10420400697,20525758347,20507141791,10414862743,10182204949,10035940664,20514156558,20600384962,10758890592,20605669604,20482814191,20399536929,20492455050,10026615882,20102536593,10038839760,10479161661,20158179688,20602339891,20602051154,10406871997,20603045905,10026082388,20481828016,20603182198,20530338496,10027987554,10419949855,20441490446,20602690408,20601543151,20603681551,20600085205,20601398789,10180902851,20603261993,20601706980,20600710789,20602877770,20483433507,20601289807,10036454038,20606600241,20440878394,10454484687,20536364201,10449522244,10701672271,20440882821,10035047692,20601787394,20552543972,10028252477,20602592899,20511407533,10734458762,20530014321,20474102158,20600411978,20454186002,10091454420,20409264965,20102505957,20600859553,20543046095,20600947193,10028935647,20601301050,15165362532,20605294007,10030856886,10033563880,20606034696,20573813708,20409298355,10028763170,20604113629,10026931881,10450116471,20301604794,20605402128,20112273922,10167220253,20601107245,20605730001,20601111200,20131719559,10026450522,20554387498,10036977308,20388710994,20602601316,20606367377,20266614803,10471334494,20601515581,10436564789,20510037562,10472469954,20172606777,20606883669,10460322427,20484335614,20607021342,20607978779,20605239936,20409494294,20603891784,20483845520,20543854043,20565643496,20517374661,20547999691,20608775286,10475777749,20197316269,20600996372,10475362140,20479566250,10181244360,10477241803,10702151037,10026184733,20529961635,20563027607,10026537270,10028397840,10483177009,10483299864,10484074467,20467089464,10489619704,20601448697,10434746537,10434077112,10425191239,10435834715,10434789694,10435193094,20602224181,10102659860,20557069721,10431391908,20604718369,10430529701,10430832005,20268784625,10433313025,20113539594,20603000286,10431837892,10432367466,10442083571,10105373029,10443631122,20600897382,10443809606,10444270476,10036833594,10103180037,20605239740,10436807541,10434149521,10439307043,10426801294,10438429196,20504342817,20251995967,20526059116,10093895768,10424496940,10467161704,20526540680,10422079420,10026598546,10423737391,20479457710,20602674429,20366990357,10423245579,20103044155,20530063454,10026931032,10428487881,10428525189,20603839464,20603246234,20602905145,10429997947,10033675807,20602283080,10430377430,20600525272,10474087536,20503386730,10028566480,20511230935,20506210900,10732056322,20600315031,20600685423,20601438586,20396583055,20455477957,20607792187,20524403863,20511027382,20545699126,20600381742,10461738295,10460029894,10460452568,10464957516,10461937352,10466304081,20601584108,20475260199,10028794792,20537746956,20602274021,10469439793,20601210674,20100080002,20483912731,20520997734,20601646464,10165925969,20483917377,20136165667,10449424706,20213503384,10450318405,10449637408,10449941476,10449987158,20525937195,10028274934,20547689403,20440162062,10445473419,20601924936,20526352336,20600815742,20409419594,20502257634,10444907016,10447368906,20507637141,10422197449,20600488318,10445660499,10446951799,10456752778,10455154397,10026717502,10455721089,10035071097,20154477374,10459044880,10459456061,10457446409,10026718541,10457548538,10451721009,10454855626,10453196947,20101053157,20484084948,20600450736,10403483007,10038850691,10035793521,20601547300,10068076108,20601332796,20484252247,15604723202,20601308992,20600226585,20601498775,10027179270,20530254390,20563792745,20600056574,20556744263,20106975737,20601821169,20601750792,20602494498,20254053822,20384121838,10077992770,10082314135,10091710205,20601325439,20525765394,20601738792,20418896915,20603224079,10802691403,20519361672,10096701557,20600432258,20526572701,20601293090,20600577370,17105212208,10108060242,10164232781,20526533471,20600073711,20100006376,20604708509,10027207281,20546801471,20606946628,10404975949,10164232790,20601582113,20602533116,20601050324,20526362137,20100025915,15276280101,20100044626,20600909135,20539866762,10407671819,20505720131,20547706189,20604778191,20259572887,20508754079,10178637768,20603278233,10455178695,10806631642,20526016069,20602485570,20604760586,20601772273,10028918041,10422740827,20602939970,20100051169,20225058319,20600442288,10027690888,20545044545,20526543948,10407223573,10069748568,10481767780,20100055318,20509469327,20604943737,20483899379,10415001865,20392599828,20601100160,20603827326,10409429390,10181807836,20141441371,20509693634,20515610821,20501622819,10035983100,10031332406,10032004631,10327640629,20603279329,10027266601,20481928665,10081856236,10437532121,10459259771,20484228290,20100784239,20101256422,20390900407,20601704341,20484284441,10736808787,20471133770,10432730439,10727622760,20606161591,10424692285,10485028957,20605208810,20601010772,20144961146,10028042707,10400672755,10408261355,20462256940,10444555161,20482762027,10449662747,20605391193,10429781944,10464436940,10472914176,20526695454,10705441435,10077006309,20462441178,20477667709,10448202157,10437397959,10409384060,10459017033,20604725799,10468575375,10028590615,20563332230,20525707351,20409410295,20602837808,10471940475,20482587276,20102954247,20501262260,20602486339,10714754659,10461458888,20602769691,20603818734,10026530216,10463178726,20606358351,20487872581,10478084167,20382829302,20508032286,20100654025,20525320431,10426448888,20484133230,20546255299,20600989244,20131494450,20535653365,20100268575,20608680161,20100302421,20483930047,20545596823,10700503203,20100456495,20102670214,10028660371,20572230491,10719618320,20554039708,10413019970,20398527993,20605808311,20138563201,20602108687,20100105862,20570594860,20529858460,20135948641,20604211388,20484284106,20530236731,20101077099,10426887792,20602784631,10076062434,20603571127,20601971519,20101130160,20529891912,10443809533,20604211451,20526414544,20515829424,20602183107,20103365628,20604083037,20606323507,20167884491,20604152110,10411374535,20461851887,20525376576,10408103831,10028214354,20479726982,20566231833,20557338056,20483835648,20409397337,20100171814,20602620396,20137868955,20131644109,10805626297,20276885431,20526637764,20525564062,20602266916,20602687806,10757461230,20526520140,10804769396,10256542256,20100312736,20536218999,20566321662,20101200125,20101461786,20504979092,10293780817,20100017491,20101639275,20509952591,20483902264,20601099960,20561374750,10430382441,20600448286,20530266487,20494691524,10445490101,20100043140,20109969452,20433092776,20111740438,10211215599,20206432692,20526393369,20526394250,20110169109,20525411401,20100055661,20131016396,10412443140,10801767848,20530268773,20308491081,20602392661,20600979559,20100114349,20100166578,20526375034,20525476791,20555863731,10460323032,20550894859,20553320021,20356264411,20530313078,20526154291,20601153964,20100176450,20211040352,20100365341,20101281371,20100421195,20555949708,10179357190,20516577488,20560053151,20526279825,10165907812,20526083335,20111064394,20601849845,20534470402,20529837462,20604163936,20125327509,20542906597,20529996188,20603239238,20501842771,20115915828,20543499391,20603859244,20544144121,20507012044,20602880266,20526426046,20545198429,10729471467,20259814210,20529897872,20526280165,20432295754,20601494427,20517909875,20603752091,20601659248,20513594705,20502132343,20601834813,20601969255,20101128777,20600395832,20548707529,20522974944,20530180680,20604540594,20602895701,20530317499,20507417966,20529983281,20604085307,20526394845,20566604702,20602658644,20366873717,10333279393,20550205409,20530189806,20101056091,20603246285,20603455500,20546688136,20543725821,20549521984,10028243958,10027823543,10027791722,20601847451,20379902996,10027712083,20102426810,10479008774,20514706302,10405539301,10036606890,10411149418,10027925915,20601917883,20493027973,10027853108,10027833948,10027845695,10027878704,10027873711,10026844890,20604026050,10026854119,20510767889,10180975417,20388203111,20108528894,20604671494,10028508714,20484287466,20550502446,10026727109,20277131570,20477240152,10026870211,20456931554,10401567947,10027233169,10027152321,20602475019,20538743471,15398572600,10027394081,20548423172,20483808756,10027027283,10027082357,10028569551,10028613101,10028432114,20602600247,20492092313,10028484882,10174403550,10028820629,20360815031,20131529181,20348687191,20113539675,20550115752,20604845964,20101030963,20440459669,20122529780,20515874136,20122909931,10026553283,20131257750,20525602258,20409382739,20481691550,20440983261,10028078914,10028090604,10028316017,10028319041,10032037921,10028333264,10028291863,20530139701,20525555152,20502953541,10028339998,20132712086,20601899591,20609261359,10028229581,20525925693,20601362890,20600044266,10002530053,20486591529,10002538381,20602031030,20302757641,20530327613,20546010938,20559747212,20600530292,20600052595,20154477536,10026670441,20526576366,20604262250,10002502475,20601509351,20601989761,20530204708,20600187075,20601407737,20600133561,10026755013,20604269530,20161772373,20517253520,20114673774,20293331066,20602618073,20546458211,20202380621,20175674382,20537042126,20504511945,20409273875,10003697865,20101902740,20184778824,20602654631,20441204451,10002025863,20539938771,10410388770,20263019807,20601277299,10002360638,20383958581,20265258370,20105221453,10410385134,10002165363
2022-12-21 11:35:09,804 INFO : Procesando 1631 números de RUC
2022-12-21 11:35:09,806 INFO : RUC del 1 al 10
2022-12-21 11:35:14,923 DEBUG: Iniciando validacion
2022-12-21 11:35:14,930 DEBUG: Revisando en BD RUC: 20609585740
2022-12-21 11:35:15,073 DEBUG: Revisando ruc: 20609585740
2022-12-21 11:36:15,618 INFO : Inicializando Servicio
2022-12-21 11:36:17,225 INFO : Procesando socios
2022-12-21 11:36:17,226 INFO : Conectando a la BD ZZZ_ECOACUICOLA_2911
2022-12-21 11:36:23,774 INFO : Conectado satisfactoriamente
2022-12-21 11:36:23,841 INFO : Iniciando el Proceso
2022-12-21 11:36:23,843 INFO : Procesando RUC individual
2022-12-21 11:36:23,858 INFO : Buscando socios
2022-12-21 11:36:23,871 INFO : Encontrados 1631
2022-12-21 11:36:23,887 DEBUG: RUC encontrados: 20609585740,10026451839,20600644778,10026484699,10026384937,20602286623,20480880154,20602336442,10026658387,20600685393,20525506704,20122720650,20330791501,20604120226,10026661892,20603828446,20600697626,10427393955,10026513613,10026120336,10026160010,20556321541,20459277332,20601572533,20105367407,20600861400,20274361531,20526385854,20526488581,20355156584,20356367066,20356883749,20601783267,20484210676,20600756622,20510930895,20547386176,10180488664,20106498386,20514737364,20484259764,20600455282,20518417275,20600918771,20396466768,20513106832,20175642341,20601908761,20518634454,10471740026,10471215321,10038885419,20392664310,20530101305,20601202370,20530047769,20100402727,20419020606,20441475056,20563124637,10470111203,20418453177,20529921927,20502625293,20331066703,20530205852,20602229123,20102351038,20603875045,20102847670,20385739771,10176034683,20530323626,20600200039,20605707328,20601756421,20551935508,20505155328,20122535917,20484320188,20479942766,20516367670,20602202586,20483907223,20602336141,10179144919,20516398478,20511445389,10179036857,20481382417,10178205388,20601906610,20600300076,20451555104,20525286071,20480214502,20529751665,20601656095,20603766891,10026061976,20337093826,20546867731,20441487143,20453884091,20524698057,20515010476,10178449813,20603596294,20601128617,20601158290,20100027021,10026075926,10026080687,20608653351,10026082698,10026338668,20295613620,10026300679,20314727500,20290308802,20481997390,20602310567,20479813877,10062029361,20483813831,10709291578,20480353022,20514307432,20600695291,10721963182,20526568185,10724904187,20525673431,20600928831,20108475081,10706688167,10082420822,20601732212,20483923342,20117332714,20525265405,20483608668,10061923565,20547530552,20602362656,20600135563,20144341512,20601602653,20483894814,20555962984,10772441083,10729435185,20100244714,10741591401,10743024139,20102167296,10077910455,10778018344,20601158257,20542904896,10181337244,10454825379,20525342914,20483998270,20605215654,10056403596,10056407192,10056426545,10056424798,20510716974,20172627421,20522547957,20484127426,20526272731,20605452567,20538619036,20112816993,20607835544,20530352481,20601349559,20604731241,20537801566,10464743486,10027713888,20603780346,10038675791,20488025679,10038674558,20600874943,20605793003,20604291802,20600169158,15483913629,20525359485,10038799989,10028235092,10038992703,20488087194,20492519121,20421530107,20602767290,20557984357,20602712894,20508916079,10038712336,20601639891,20604676691,20525227732,20601817455,20554742573,20509152552,10709252521,20530299571,20530313230,10719027232,20493120752,20424084418,20409206922,20602170366,20495700071,20482547134,20502509382,20544677706,20521302390,20509959766,20562956311,20530085857,20389230724,20504367721,20529786701,20526250924,20526282966,20522861155,10454195693,20603023057,20602117911,10749280951,20603306857,20604735794,20409388851,20607739880,20603523424,20503955882,20525554008,20602369804,20337511172,20399119066,20565591160,20101357610,20510620195,20513074370,10430068003,20607841013,20525997171,20492842339,20484194026,20607964107,10035887488,10167582759,20604854327,20530207553,20605010319,20525944728,20511066957,10028914151,20526643578,10469705787,20512321357,20604403864,20512972536,20530283063,20526055048,20535849936,20607147672,20556342386,20538185010,10002022431,20530321682,20529801867,20604665605,20540098876,20516504332,20601610664,20605568395,20543493351,20605741577,20555992387,20484327948,20602033661,20536877682,20100512077,20231328425,20523051521,20525346740,10409083116,20525371345,20492691969,20525387853,20525908845,20525518541,20605676848,20537540070,10026310763,20525582800,20330286874,20603184409,20536645552,20603343329,20606706856,20100028698,20525703364,20600837827,20604198373,20543639231,20605950842,20601555434,20559819574,20525813623,20604349983,20525939481,20609684438,20526207913,20526233329,20484249530,20377146663,20600269292,20600302214,20600314000,20526517947,20526653883,10063922981,20517519490,20529480530,20554884874,20608228447,20511013080,20502630378,20529784911,20529760656,20526058578,20553157529,20268214527,20441097604,20529932881,20483803797,20529938145,10026276042,20131312955,20542089106,20530211232,20484034258,20261159733,20484304654,20608947451,20600421990,10437551541,20529842547,20530328857,20530611681,20602253873,20607571768,20606817704,20601034809,20124163693,20601544548,20537304422,10034683731,20602173730,10028923088,20538118177,10028575519,20604786691,20484096369,20525684475,10027998602,20601379504,20543306771,20544093895,20550685851,20546892175,20549858865,20604491682,10181893082,10803140516,10079621965,10028434532,20529730072,10402260675,10417708958,10437725620,20552515766,20510274009,10700120819,17102862554,20600637470,20604496838,20603425091,10105433668,20530267378,10704715990,10082504767,20556250694,20559561542,20602540376,10734231911,20307150981,20559617190,20606766719,20601790662,20484315931,20559912191,20432940161,20561219789,20512122311,10082439060,20604762651,20521238284,20525488536,20602366261,20566205247,20600005155,10078200338,10103468863,20607842915,10093366251,20529938064,20603218869,20510644451,20601012287,20145038384,20603392851,20540010375,20600149645,20600163346,20559683575,20602661149,20600354044,20600464281,20602915540,20602673422,10421277708,20346669625,20525786715,20600875028,20600876211,20600581768,20601259983,20601322898,20530302386,20602835660,20601408130,10026917323,10028762122,20601466202,20601474361,20604765774,10091353364,20601590922,20603683693,20483995092,20540087751,20601759374,10026107836,20602790917,20601767423,20608529510,20605876677,20606756705,20601843839,20608608681,20600967844,20515971921,20606581107,20602092390,20606188642,15603452981,20399642109,20258352638,20544142004,20608529994,20513632569,20602156738,20526575807,20544178297,20604206180,20600106237,10758441135,10028118134,20513541849,20418647371,20477582461,20432824099,20609276801,20542169398,20602787061,20602787576,20417926632,20602806902,10002383301,20602872476,20100042500,20146721410,20525871747,20551094198,20602897002,20603966521,10165889148,10420361977,20603156324,10026808168,20525652271,20603412011,20601893844,10028308944,20603641214,20603709293,20132676004,20102708394,20525523463,20100488427,20100776562,20606750138,20604129291,10446024944,20603160607,20604544271,20525830129,20606278099,20603302746,10026282948,20604820830,10408310976,20525681298,20604912271,20605470611,10723731513,20608538802,20530081517,20101996116,20605029290,20605213236,20605594507,20605597140,20605687661,20605699627,20609575566,10179214038,20604769494,20606688777,20409232761,20606954981,20554545743,10411749539,10401906091,20605506837,20608278363,20440852671,20601032971,20608479491,20608608487,20484180157,20484270067,20608891227,20608947524,20525728600,20606504765,20603790465,20608336380,20601986621,10458830288,20536938657,20530214762,20160349914,10472937931,20504973990,20526104782,20608479423,20324203118,20136247396,20603731124,20607107051,20608103873,20608983024,20526602626,20529992514,20261239923,20132091979,20609337592,10028568377,10413505548,10032340607,10002407847,20100084172,20477704248,10026481835,10091567674,20251357413,20223968971,20601668131,20601762243,20609904047,20392777190,20604751986,20219178264,20526249322,20231843460,20296081567,20257692109,20604817375,20608634585,20549758054,20367075776,20112811096,20522051315,20409222294,20530240178,20409250581,20601750351,20602979734,20440703837,20600138228,20556129518,20561232611,20544424751,10702936794,20602099203,20502699491,20525509550,20530076866,20102021836,10027346249,20530239676,20601509653,20539707613,20601599881,10403008236,20603075910,20100082714,20529936100,20505062826,20529735465,20440484345,10742353007,10028063313,20508828960,20604117012,20605636374,20484290173,10762361472,20564490351,20605691693,20605821864,20610111701,20344877158,20483801239,10034702603,20605825274,20484214744,20601842158,20609513854,20606195738,20483393955,20600222849,20609358115,20606647451,20602009395,20451770099,20601814154,20602022731,20482814604,20524279160,20552252731,20481672768,20386659959,20530096115,20606222697,20526138172,20602255612,20525397816,20106897914,20604872368,20602717187,20609574667,20604665664,20488142802,20539830733,10410559701,20225116459,20504645984,20600652614,20418933381,20526566301,10758137151,20510910517,20605114734,20530167071,20335020872,20100227461,10095386828,20602798802,20606020598,20530184596,20514746355,10082386039,10420897761,20606994185,20603730501,20467534026,20100089051,20518364481,20607134953,20601254175,20136890329,10081919149,10082112362,20100000688,20529754419,20484164208,10420049388,10421149068,10421451309,10421753135,10420731731,10420765890,20600229576,20608878131,20536537407,20339899895,20409281622,20530172156,20530121918,20566156360,10034731956,20480297289,20305765784,10076170997,20538810682,20529720867,10074762820,20555271566,10074351471,20601584191,20419922391,10028185354,10078731805,10424565119,20342210814,10077976456,20100292875,20105210338,20606830191,20517182673,20601394902,20600087178,20601591911,10033677559,20526445008,20525852874,20602691862,20602814255,20100083362,20507281967,20605860053,20547579721,10402646034,20510407670,20602925995,20512220755,20502900936,20600174399,20286616225,10451363277,20526081804,20100141583,20600826574,20102424523,20529911298,10439931081,20605352121,20547922981,20102120061,10028889335,10028898784,20554123911,20548183279,20511315337,20100063680,20602081801,10709064679,10033413748,20603334729,10032132541,20392889231,10031204726,10412672084,20566407621,20105396172,10032365472,10032365740,10032365944,10032382156,20530136869,10036685455,20526618549,10477728061,20395492129,20602686320,10036683673,10417866928,10728022961,10003278463,20602683924,20100118336,20607658090,20602403425,20526041250,20530310991,20530242626,10804887178,20601589193,20484044997,20601536260,10417659434,10028961826,20505897812,20505370130,20600335619,20530213367,10036930000,10036930701,20529921846,20491781409,20563050765,20530192424,20100346479,10036937055,20529961554,20393011727,20101392369,20481330964,10450059507,10026899627,20563739771,20525977651,10473136088,15493213412,10028109232,20525271634,10406045833,20530228399,20268910515,20500453401,20439147076,20602341969,20600954351,10036124828,20602477089,10002193073,10182200862,20602163297,20510526415,10416355628,20100305101,20481829683,10036237053,20537480077,10420400697,20525758347,20507141791,10414862743,10182204949,10035940664,20514156558,20600384962,10758890592,20605669604,20482814191,20399536929,20492455050,10026615882,20102536593,10038839760,10479161661,20158179688,20602339891,20602051154,10406871997,20603045905,10026082388,20481828016,20603182198,20530338496,10027987554,10419949855,20441490446,20602690408,20601543151,20603681551,20600085205,20601398789,10180902851,20603261993,20601706980,20600710789,20602877770,20483433507,20601289807,10036454038,20606600241,20440878394,10454484687,20536364201,10449522244,10701672271,20440882821,10035047692,20601787394,20552543972,10028252477,20602592899,20511407533,10734458762,20530014321,20474102158,20600411978,20454186002,10091454420,20409264965,20102505957,20600859553,20543046095,20600947193,10028935647,20601301050,15165362532,20605294007,10030856886,10033563880,20606034696,20573813708,20409298355,10028763170,20604113629,10026931881,10450116471,20301604794,20605402128,20112273922,10167220253,20601107245,20605730001,20601111200,20131719559,10026450522,20554387498,10036977308,20388710994,20602601316,20606367377,20266614803,10471334494,20601515581,10436564789,20510037562,10472469954,20172606777,20606883669,10460322427,20484335614,20607021342,20607978779,20605239936,20409494294,20603891784,20483845520,20543854043,20565643496,20517374661,20547999691,20608775286,10475777749,20197316269,20600996372,10475362140,20479566250,10181244360,10477241803,10702151037,10026184733,20529961635,20563027607,10026537270,10028397840,10483177009,10483299864,10484074467,20467089464,10489619704,20601448697,10434746537,10434077112,10425191239,10435834715,10434789694,10435193094,20602224181,10102659860,20557069721,10431391908,20604718369,10430529701,10430832005,20268784625,10433313025,20113539594,20603000286,10431837892,10432367466,10442083571,10105373029,10443631122,20600897382,10443809606,10444270476,10036833594,10103180037,20605239740,10436807541,10434149521,10439307043,10426801294,10438429196,20504342817,20251995967,20526059116,10093895768,10424496940,10467161704,20526540680,10422079420,10026598546,10423737391,20479457710,20602674429,20366990357,10423245579,20103044155,20530063454,10026931032,10428487881,10428525189,20603839464,20603246234,20602905145,10429997947,10033675807,20602283080,10430377430,20600525272,10474087536,20503386730,10028566480,20511230935,20506210900,10732056322,20600315031,20600685423,20601438586,20396583055,20455477957,20607792187,20524403863,20511027382,20545699126,20600381742,10461738295,10460029894,10460452568,10464957516,10461937352,10466304081,20601584108,20475260199,10028794792,20537746956,20602274021,10469439793,20601210674,20100080002,20483912731,20520997734,20601646464,10165925969,20483917377,20136165667,10449424706,20213503384,10450318405,10449637408,10449941476,10449987158,20525937195,10028274934,20547689403,20440162062,10445473419,20601924936,20526352336,20600815742,20409419594,20502257634,10444907016,10447368906,20507637141,10422197449,20600488318,10445660499,10446951799,10456752778,10455154397,10026717502,10455721089,10035071097,20154477374,10459044880,10459456061,10457446409,10026718541,10457548538,10451721009,10454855626,10453196947,20101053157,20484084948,20600450736,10403483007,10038850691,10035793521,20601547300,10068076108,20601332796,20484252247,15604723202,20601308992,20600226585,20601498775,10027179270,20530254390,20563792745,20600056574,20556744263,20106975737,20601821169,20601750792,20602494498,20254053822,20384121838,10077992770,10082314135,10091710205,20601325439,20525765394,20601738792,20418896915,20603224079,10802691403,20519361672,10096701557,20600432258,20526572701,20601293090,20600577370,17105212208,10108060242,10164232781,20526533471,20600073711,20100006376,20604708509,10027207281,20546801471,20606946628,10404975949,10164232790,20601582113,20602533116,20601050324,20526362137,20100025915,15276280101,20100044626,20600909135,20539866762,10407671819,20505720131,20547706189,20604778191,20259572887,20508754079,10178637768,20603278233,10455178695,10806631642,20526016069,20602485570,20604760586,20601772273,10028918041,10422740827,20602939970,20100051169,20225058319,20600442288,10027690888,20545044545,20526543948,10407223573,10069748568,10481767780,20100055318,20509469327,20604943737,20483899379,10415001865,20392599828,20601100160,20603827326,10409429390,10181807836,20141441371,20509693634,20515610821,20501622819,10035983100,10031332406,10032004631,10327640629,20603279329,10027266601,20481928665,10081856236,10437532121,10459259771,20484228290,20100784239,20101256422,20390900407,20601704341,20484284441,10736808787,20471133770,10432730439,10727622760,20606161591,10424692285,10485028957,20605208810,20601010772,20144961146,10028042707,10400672755,10408261355,20462256940,10444555161,20482762027,10449662747,20605391193,10429781944,10464436940,10472914176,20526695454,10705441435,10077006309,20462441178,20477667709,10448202157,10437397959,10409384060,10459017033,20604725799,10468575375,10028590615,20563332230,20525707351,20409410295,20602837808,10471940475,20482587276,20102954247,20501262260,20602486339,10714754659,10461458888,20602769691,20603818734,10026530216,10463178726,20606358351,20487872581,10478084167,20382829302,20508032286,20100654025,20525320431,10426448888,20484133230,20546255299,20600989244,20131494450,20535653365,20100268575,20608680161,20100302421,20483930047,20545596823,10700503203,20100456495,20102670214,10028660371,20572230491,10719618320,20554039708,10413019970,20398527993,20605808311,20138563201,20602108687,20100105862,20570594860,20529858460,20135948641,20604211388,20484284106,20530236731,20101077099,10426887792,20602784631,10076062434,20603571127,20601971519,20101130160,20529891912,10443809533,20604211451,20526414544,20515829424,20602183107,20103365628,20604083037,20606323507,20167884491,20604152110,10411374535,20461851887,20525376576,10408103831,10028214354,20479726982,20566231833,20557338056,20483835648,20409397337,20100171814,20602620396,20137868955,20131644109,10805626297,20276885431,20526637764,20525564062,20602266916,20602687806,10757461230,20526520140,10804769396,10256542256,20100312736,20536218999,20566321662,20101200125,20101461786,20504979092,10293780817,20100017491,20101639275,20509952591,20483902264,20601099960,20561374750,10430382441,20600448286,20530266487,20494691524,10445490101,20100043140,20109969452,20433092776,20111740438,10211215599,20206432692,20526393369,20526394250,20110169109,20525411401,20100055661,20131016396,10412443140,10801767848,20530268773,20308491081,20602392661,20600979559,20100114349,20100166578,20526375034,20525476791,20555863731,10460323032,20550894859,20553320021,20356264411,20530313078,20526154291,20601153964,20100176450,20211040352,20100365341,20101281371,20100421195,20555949708,10179357190,20516577488,20560053151,20526279825,10165907812,20526083335,20111064394,20601849845,20534470402,20529837462,20604163936,20125327509,20542906597,20529996188,20603239238,20501842771,20115915828,20543499391,20603859244,20544144121,20507012044,20602880266,20526426046,20545198429,10729471467,20259814210,20529897872,20526280165,20432295754,20601494427,20517909875,20603752091,20601659248,20513594705,20502132343,20601834813,20601969255,20101128777,20600395832,20548707529,20522974944,20530180680,20604540594,20602895701,20530317499,20507417966,20529983281,20604085307,20526394845,20566604702,20602658644,20366873717,10333279393,20550205409,20530189806,20101056091,20603246285,20603455500,20546688136,20543725821,20549521984,10028243958,10027823543,10027791722,20601847451,20379902996,10027712083,20102426810,10479008774,20514706302,10405539301,10036606890,10411149418,10027925915,20601917883,20493027973,10027853108,10027833948,10027845695,10027878704,10027873711,10026844890,20604026050,10026854119,20510767889,10180975417,20388203111,20108528894,20604671494,10028508714,20484287466,20550502446,10026727109,20277131570,20477240152,10026870211,20456931554,10401567947,10027233169,10027152321,20602475019,20538743471,15398572600,10027394081,20548423172,20483808756,10027027283,10027082357,10028569551,10028613101,10028432114,20602600247,20492092313,10028484882,10174403550,10028820629,20360815031,20131529181,20348687191,20113539675,20550115752,20604845964,20101030963,20440459669,20122529780,20515874136,20122909931,10026553283,20131257750,20525602258,20409382739,20481691550,20440983261,10028078914,10028090604,10028316017,10028319041,10032037921,10028333264,10028291863,20530139701,20525555152,20502953541,10028339998,20132712086,20601899591,20609261359,10028229581,20525925693,20601362890,20600044266,10002530053,20486591529,10002538381,20602031030,20302757641,20530327613,20546010938,20559747212,20600530292,20600052595,20154477536,10026670441,20526576366,20604262250,10002502475,20601509351,20601989761,20530204708,20600187075,20601407737,20600133561,10026755013,20604269530,20161772373,20517253520,20114673774,20293331066,20602618073,20546458211,20202380621,20175674382,20537042126,20504511945,20409273875,10003697865,20101902740,20184778824,20602654631,20441204451,10002025863,20539938771,10410388770,20263019807,20601277299,10002360638,20383958581,20265258370,20105221453,10410385134,10002165363
2022-12-21 11:36:23,983 INFO : Procesando 1631 números de RUC
2022-12-21 11:36:23,985 INFO : RUC del 1 al 10
2022-12-21 11:36:29,062 DEBUG: Iniciando validacion
2022-12-21 11:36:29,068 DEBUG: Revisando en BD RUC: 20609585740
2022-12-21 11:36:29,186 DEBUG: Revisando ruc: 20609585740
2022-12-21 11:36:34,556 DEBUG: Comparando SUNAT con BD
2022-12-21 11:36:34,706 ERROR: Invalid field name
System.Runtime.InteropServices.COMException (0xFFFFFBAE): Invalid field name
   en SAPbobsCOM.IFields.Item(Object Index)
   en SN_SUNAT_SRV.Methods.dlBPartner.ValidarCambioSocio(BusinessPartners oPartner, String Address) en C:\Users\ventura1\Desktop\JSOLIS\servicio_20122022_1625\servicio_20122022_1625\servicio\SN_SUNAT_SRV\Methods\dlBPartner.cs:línea 513
   en SN_SUNAT_SRV.Methods.dlBPartner.validarMaestroSocios(String[] Datos, Boolean CambioDirEnt, String& error, Int32& sociosAct) en C:\Users\ventura1\Desktop\JSOLIS\servicio_20122022_1625\servicio_20122022_1625\servicio\SN_SUNAT_SRV\Methods\dlBPartner.cs:línea 423
2022-12-21 11:36:34,732 DEBUG: Validacion finalizada
2022-12-21 11:36:34,734 DEBUG: Iniciando validacion
2022-12-21 11:36:34,734 DEBUG: Revisando en BD RUC: 10026451839
2022-12-21 11:36:34,773 DEBUG: Revisando ruc: 10026451839
2022-12-21 11:36:36,430 DEBUG: Comparando SUNAT con BD
2022-12-21 11:36:40,189 ERROR: Error al actualizar: CardCode-PL10026451839 - -1116: (2) bpvs:LC12 - Si se trata de una Persona Natural con RUC sin Negocio, en la pestaña de Finanzas debe colocar el tipo de impuesto "Extranjero"
2022-12-21 11:36:40,198 DEBUG: Validacion finalizada
2022-12-21 11:36:40,198 DEBUG: Iniciando validacion
2022-12-21 11:36:40,200 DEBUG: Revisando en BD RUC: 20600644778
2022-12-21 11:36:40,243 DEBUG: Revisando ruc: 20600644778
2022-12-21 11:37:07,996 DEBUG: Comparando SUNAT con BD
2022-12-21 11:37:10,210 INFO : PL20600644778 actualizado
2022-12-21 11:37:10,216 DEBUG: Validacion finalizada
2022-12-21 11:37:10,216 DEBUG: Iniciando validacion
2022-12-21 11:37:10,220 DEBUG: Revisando en BD RUC: 10026484699
2022-12-21 11:37:10,254 DEBUG: Revisando ruc: 10026484699
2022-12-21 11:37:13,522 DEBUG: Comparando SUNAT con BD
2022-12-21 11:37:14,256 ERROR: Error al actualizar: CardCode-PL10026484699 - -1116: (2) bpvs:LC12 - Si se trata de una Persona Natural con RUC sin Negocio, en la pestaña de Finanzas debe colocar el tipo de impuesto "Extranjero"
2022-12-21 11:37:14,262 DEBUG: Validacion finalizada
2022-12-21 11:37:14,263 DEBUG: Iniciando validacion
2022-12-21 11:37:14,265 DEBUG: Revisando en BD RUC: 10026384937
2022-12-21 11:37:14,304 DEBUG: Revisando ruc: 10026384937
2022-12-21 11:37:57,453 INFO : Inicializando Servicio
2022-12-21 11:37:59,073 INFO : Procesando socios
2022-12-21 11:37:59,073 INFO : Conectando a la BD ZZZ_ECOACUICOLA_2911
2022-12-21 11:38:05,743 INFO : Conectado satisfactoriamente
2022-12-21 11:38:05,821 INFO : Iniciando el Proceso
2022-12-21 11:38:05,822 INFO : Procesando RUC individual
2022-12-21 11:38:05,842 INFO : Buscando socios
2022-12-21 11:38:05,883 INFO : Encontrados 1628
2022-12-21 11:38:05,910 DEBUG: RUC encontrados: 20609585740,10026384937,20602286623,20480880154,20602336442,10026658387,20600685393,20525506704,20122720650,20330791501,20604120226,10026661892,20603828446,20600697626,10427393955,10026513613,10026120336,10026160010,20556321541,20459277332,20601572533,20105367407,20600861400,20274361531,20526385854,20526488581,20355156584,20356367066,20356883749,20601783267,20484210676,20600756622,20510930895,20547386176,10180488664,20106498386,20514737364,20484259764,20600455282,20518417275,20600918771,20396466768,20513106832,20175642341,20601908761,20518634454,10471740026,10471215321,10038885419,20392664310,20530101305,20601202370,20530047769,20100402727,20419020606,20441475056,20563124637,10470111203,20418453177,20529921927,20502625293,20331066703,20530205852,20602229123,20102351038,20603875045,20102847670,20385739771,10176034683,20530323626,20600200039,20605707328,20601756421,20551935508,20505155328,20122535917,20484320188,20479942766,20516367670,20602202586,20483907223,20602336141,10179144919,20516398478,20511445389,10179036857,20481382417,10178205388,20601906610,20600300076,20451555104,20525286071,20480214502,20529751665,20601656095,20603766891,10026061976,20337093826,20546867731,20441487143,20453884091,20524698057,20515010476,10178449813,20603596294,20601128617,20601158290,20100027021,10026075926,10026080687,20608653351,10026082698,10026338668,20295613620,10026300679,20314727500,20290308802,20481997390,20602310567,20479813877,10062029361,20483813831,10709291578,20480353022,20514307432,20600695291,10721963182,20526568185,10724904187,20525673431,20600928831,20108475081,10706688167,10082420822,20601732212,20483923342,20117332714,20525265405,20483608668,10061923565,20547530552,20602362656,20600135563,20144341512,20601602653,20483894814,20555962984,10772441083,10729435185,20100244714,10741591401,10743024139,20102167296,10077910455,10778018344,20601158257,20542904896,10181337244,10454825379,20525342914,20483998270,20605215654,10056403596,10056407192,10056426545,10056424798,20510716974,20172627421,20522547957,20484127426,20526272731,20605452567,20538619036,20112816993,20607835544,20530352481,20601349559,20604731241,20537801566,10464743486,10027713888,20603780346,10038675791,20488025679,10038674558,20600874943,20605793003,20604291802,20600169158,15483913629,20525359485,10038799989,10028235092,10038992703,20488087194,20492519121,20421530107,20602767290,20557984357,20602712894,20508916079,10038712336,20601639891,20604676691,20525227732,20601817455,20554742573,20509152552,10709252521,20530299571,20530313230,10719027232,20493120752,20424084418,20409206922,20602170366,20495700071,20482547134,20502509382,20544677706,20521302390,20509959766,20562956311,20530085857,20389230724,20504367721,20529786701,20526250924,20526282966,20522861155,10454195693,20603023057,20602117911,10749280951,20603306857,20604735794,20409388851,20607739880,20603523424,20503955882,20525554008,20602369804,20337511172,20399119066,20565591160,20101357610,20510620195,20513074370,10430068003,20607841013,20525997171,20492842339,20484194026,20607964107,10035887488,10167582759,20604854327,20530207553,20605010319,20525944728,20511066957,10028914151,20526643578,10469705787,20512321357,20604403864,20512972536,20530283063,20526055048,20535849936,20607147672,20556342386,20538185010,10002022431,20530321682,20529801867,20604665605,20540098876,20516504332,20601610664,20605568395,20543493351,20605741577,20555992387,20484327948,20602033661,20536877682,20100512077,20231328425,20523051521,20525346740,10409083116,20525371345,20492691969,20525387853,20525908845,20525518541,20605676848,20537540070,10026310763,20525582800,20330286874,20603184409,20536645552,20603343329,20606706856,20100028698,20525703364,20600837827,20604198373,20543639231,20605950842,20601555434,20559819574,20525813623,20604349983,20525939481,20609684438,20526207913,20526233329,20484249530,20377146663,20600269292,20600302214,20600314000,20526517947,20526653883,10063922981,20517519490,20529480530,20554884874,20608228447,20511013080,20502630378,20529784911,20529760656,20526058578,20553157529,20268214527,20441097604,20529932881,20483803797,20529938145,10026276042,20131312955,20542089106,20530211232,20484034258,20261159733,20484304654,20608947451,20600421990,10437551541,20529842547,20530328857,20530611681,20602253873,20607571768,20606817704,20601034809,20124163693,20601544548,20537304422,10034683731,20602173730,10028923088,20538118177,10028575519,20604786691,20484096369,20525684475,10027998602,20601379504,20543306771,20544093895,20550685851,20546892175,20549858865,20604491682,10181893082,10803140516,10079621965,10028434532,20529730072,10402260675,10417708958,10437725620,20552515766,20510274009,10700120819,17102862554,20600637470,20604496838,20603425091,10105433668,20530267378,10704715990,10082504767,20556250694,20559561542,20602540376,10734231911,20307150981,20559617190,20606766719,20601790662,20484315931,20559912191,20432940161,20561219789,20512122311,10082439060,20604762651,20521238284,20525488536,20602366261,20566205247,20600005155,10078200338,10103468863,20607842915,10093366251,20529938064,20603218869,20510644451,20601012287,20145038384,20603392851,20540010375,20600149645,20600163346,20559683575,20602661149,20600354044,20600464281,20602915540,20602673422,10421277708,20346669625,20525786715,20600875028,20600876211,20600581768,20601259983,20601322898,20530302386,20602835660,20601408130,10026917323,10028762122,20601466202,20601474361,20604765774,10091353364,20601590922,20603683693,20483995092,20540087751,20601759374,10026107836,20602790917,20601767423,20608529510,20605876677,20606756705,20601843839,20608608681,20600967844,20515971921,20606581107,20602092390,20606188642,15603452981,20399642109,20258352638,20544142004,20608529994,20513632569,20602156738,20526575807,20544178297,20604206180,20600106237,10758441135,10028118134,20513541849,20418647371,20477582461,20432824099,20609276801,20542169398,20602787061,20602787576,20417926632,20602806902,10002383301,20602872476,20100042500,20146721410,20525871747,20551094198,20602897002,20603966521,10165889148,10420361977,20603156324,10026808168,20525652271,20603412011,20601893844,10028308944,20603641214,20603709293,20132676004,20102708394,20525523463,20100488427,20100776562,20606750138,20604129291,10446024944,20603160607,20604544271,20525830129,20606278099,20603302746,10026282948,20604820830,10408310976,20525681298,20604912271,20605470611,10723731513,20608538802,20530081517,20101996116,20605029290,20605213236,20605594507,20605597140,20605687661,20605699627,20609575566,10179214038,20604769494,20606688777,20409232761,20606954981,20554545743,10411749539,10401906091,20605506837,20608278363,20440852671,20601032971,20608479491,20608608487,20484180157,20484270067,20608891227,20608947524,20525728600,20606504765,20603790465,20608336380,20601986621,10458830288,20536938657,20530214762,20160349914,10472937931,20504973990,20526104782,20608479423,20324203118,20136247396,20603731124,20607107051,20608103873,20608983024,20526602626,20529992514,20261239923,20132091979,20609337592,10028568377,10413505548,10032340607,10002407847,20100084172,20477704248,10026481835,10091567674,20251357413,20223968971,20601668131,20601762243,20609904047,20392777190,20604751986,20219178264,20526249322,20231843460,20296081567,20257692109,20604817375,20608634585,20549758054,20367075776,20112811096,20522051315,20409222294,20530240178,20409250581,20601750351,20602979734,20440703837,20600138228,20556129518,20561232611,20544424751,10702936794,20602099203,20502699491,20525509550,20530076866,20102021836,10027346249,20530239676,20601509653,20539707613,20601599881,10403008236,20603075910,20100082714,20529936100,20505062826,20529735465,20440484345,10742353007,10028063313,20508828960,20604117012,20605636374,20484290173,10762361472,20564490351,20605691693,20605821864,20610111701,20344877158,20483801239,10034702603,20605825274,20484214744,20601842158,20609513854,20606195738,20483393955,20600222849,20609358115,20606647451,20602009395,20451770099,20601814154,20602022731,20482814604,20524279160,20552252731,20481672768,20386659959,20530096115,20606222697,20526138172,20602255612,20525397816,20106897914,20604872368,20602717187,20609574667,20604665664,20488142802,20539830733,10410559701,20225116459,20504645984,20600652614,20418933381,20526566301,10758137151,20510910517,20605114734,20530167071,20335020872,20100227461,10095386828,20602798802,20606020598,20530184596,20514746355,10082386039,10420897761,20606994185,20603730501,20467534026,20100089051,20518364481,20607134953,20601254175,20136890329,10081919149,10082112362,20100000688,20529754419,20484164208,10420049388,10421149068,10421451309,10421753135,10420731731,10420765890,20600229576,20608878131,20536537407,20339899895,20409281622,20530172156,20530121918,20566156360,10034731956,20480297289,20305765784,10076170997,20538810682,20529720867,10074762820,20555271566,10074351471,20601584191,20419922391,10028185354,10078731805,10424565119,20342210814,10077976456,20100292875,20105210338,20606830191,20517182673,20601394902,20600087178,20601591911,10033677559,20526445008,20525852874,20602691862,20602814255,20100083362,20507281967,20605860053,20547579721,10402646034,20510407670,20602925995,20512220755,20502900936,20600174399,20286616225,10451363277,20526081804,20100141583,20600826574,20102424523,20529911298,10439931081,20605352121,20547922981,20102120061,10028889335,10028898784,20554123911,20548183279,20511315337,20100063680,20602081801,10709064679,10033413748,20603334729,10032132541,20392889231,10031204726,10412672084,20566407621,20105396172,10032365472,10032365740,10032365944,10032382156,20530136869,10036685455,20526618549,10477728061,20395492129,20602686320,10036683673,10417866928,10728022961,10003278463,20602683924,20100118336,20607658090,20602403425,20526041250,20530310991,20530242626,10804887178,20601589193,20484044997,20601536260,10417659434,10028961826,20505897812,20505370130,20600335619,20530213367,10036930000,10036930701,20529921846,20491781409,20563050765,20530192424,20100346479,10036937055,20529961554,20393011727,20101392369,20481330964,10450059507,10026899627,20563739771,20525977651,10473136088,15493213412,10028109232,20525271634,10406045833,20530228399,20268910515,20500453401,20439147076,20602341969,20600954351,10036124828,20602477089,10002193073,10182200862,20602163297,20510526415,10416355628,20100305101,20481829683,10036237053,20537480077,10420400697,20525758347,20507141791,10414862743,10182204949,10035940664,20514156558,20600384962,10758890592,20605669604,20482814191,20399536929,20492455050,10026615882,20102536593,10038839760,10479161661,20158179688,20602339891,20602051154,10406871997,20603045905,10026082388,20481828016,20603182198,20530338496,10027987554,10419949855,20441490446,20602690408,20601543151,20603681551,20600085205,20601398789,10180902851,20603261993,20601706980,20600710789,20602877770,20483433507,20601289807,10036454038,20606600241,20440878394,10454484687,20536364201,10449522244,10701672271,20440882821,10035047692,20601787394,20552543972,10028252477,20602592899,20511407533,10734458762,20530014321,20474102158,20600411978,20454186002,10091454420,20409264965,20102505957,20600859553,20543046095,20600947193,10028935647,20601301050,15165362532,20605294007,10030856886,10033563880,20606034696,20573813708,20409298355,10028763170,20604113629,10026931881,10450116471,20301604794,20605402128,20112273922,10167220253,20601107245,20605730001,20601111200,20131719559,10026450522,20554387498,10036977308,20388710994,20602601316,20606367377,20266614803,10471334494,20601515581,10436564789,20510037562,10472469954,20172606777,20606883669,10460322427,20484335614,20607021342,20607978779,20605239936,20409494294,20603891784,20483845520,20543854043,20565643496,20517374661,20547999691,20608775286,10475777749,20197316269,20600996372,10475362140,20479566250,10181244360,10477241803,10702151037,10026184733,20529961635,20563027607,10026537270,10028397840,10483177009,10483299864,10484074467,20467089464,10489619704,20601448697,10434746537,10434077112,10425191239,10435834715,10434789694,10435193094,20602224181,10102659860,20557069721,10431391908,20604718369,10430529701,10430832005,20268784625,10433313025,20113539594,20603000286,10431837892,10432367466,10442083571,10105373029,10443631122,20600897382,10443809606,10444270476,10036833594,10103180037,20605239740,10436807541,10434149521,10439307043,10426801294,10438429196,20504342817,20251995967,20526059116,10093895768,10424496940,10467161704,20526540680,10422079420,10026598546,10423737391,20479457710,20602674429,20366990357,10423245579,20103044155,20530063454,10026931032,10428487881,10428525189,20603839464,20603246234,20602905145,10429997947,10033675807,20602283080,10430377430,20600525272,10474087536,20503386730,10028566480,20511230935,20506210900,10732056322,20600315031,20600685423,20601438586,20396583055,20455477957,20607792187,20524403863,20511027382,20545699126,20600381742,10461738295,10460029894,10460452568,10464957516,10461937352,10466304081,20601584108,20475260199,10028794792,20537746956,20602274021,10469439793,20601210674,20100080002,20483912731,20520997734,20601646464,10165925969,20483917377,20136165667,10449424706,20213503384,10450318405,10449637408,10449941476,10449987158,20525937195,10028274934,20547689403,20440162062,10445473419,20601924936,20526352336,20600815742,20409419594,20502257634,10444907016,10447368906,20507637141,10422197449,20600488318,10445660499,10446951799,10456752778,10455154397,10026717502,10455721089,10035071097,20154477374,10459044880,10459456061,10457446409,10026718541,10457548538,10451721009,10454855626,10453196947,20101053157,20484084948,20600450736,10403483007,10038850691,10035793521,20601547300,10068076108,20601332796,20484252247,15604723202,20601308992,20600226585,20601498775,10027179270,20530254390,20563792745,20600056574,20556744263,20106975737,20601821169,20601750792,20602494498,20254053822,20384121838,10077992770,10082314135,10091710205,20601325439,20525765394,20601738792,20418896915,20603224079,10802691403,20519361672,10096701557,20600432258,20526572701,20601293090,20600577370,17105212208,10108060242,10164232781,20526533471,20600073711,20100006376,20604708509,10027207281,20546801471,20606946628,10404975949,10164232790,20601582113,20602533116,20601050324,20526362137,20100025915,15276280101,20100044626,20600909135,20539866762,10407671819,20505720131,20547706189,20604778191,20259572887,20508754079,10178637768,20603278233,10455178695,10806631642,20526016069,20602485570,20604760586,20601772273,10028918041,10422740827,20602939970,20100051169,20225058319,20600442288,10027690888,20545044545,20526543948,10407223573,10069748568,10481767780,20100055318,20509469327,20604943737,20483899379,10415001865,20392599828,20601100160,20603827326,10409429390,10181807836,20141441371,20509693634,20515610821,20501622819,10035983100,10031332406,10032004631,10327640629,20603279329,10027266601,20481928665,10081856236,10437532121,10459259771,20484228290,20100784239,20101256422,20390900407,20601704341,20484284441,10736808787,20471133770,10432730439,10727622760,20606161591,10424692285,10485028957,20605208810,20601010772,20144961146,10028042707,10400672755,10408261355,20462256940,10444555161,20482762027,10449662747,20605391193,10429781944,10464436940,10472914176,20526695454,10705441435,10077006309,20462441178,20477667709,10448202157,10437397959,10409384060,10459017033,20604725799,10468575375,10028590615,20563332230,20525707351,20409410295,20602837808,10471940475,20482587276,20102954247,20501262260,20602486339,10714754659,10461458888,20602769691,20603818734,10026530216,10463178726,20606358351,20487872581,10478084167,20382829302,20508032286,20100654025,20525320431,10426448888,20484133230,20546255299,20600989244,20131494450,20535653365,20100268575,20608680161,20100302421,20483930047,20545596823,10700503203,20100456495,20102670214,10028660371,20572230491,10719618320,20554039708,10413019970,20398527993,20605808311,20138563201,20602108687,20100105862,20570594860,20529858460,20135948641,20604211388,20484284106,20530236731,20101077099,10426887792,20602784631,10076062434,20603571127,20601971519,20101130160,20529891912,10443809533,20604211451,20526414544,20515829424,20602183107,20103365628,20604083037,20606323507,20167884491,20604152110,10411374535,20461851887,20525376576,10408103831,10028214354,20479726982,20566231833,20557338056,20483835648,20409397337,20100171814,20602620396,20137868955,20131644109,10805626297,20276885431,20526637764,20525564062,20602266916,20602687806,10757461230,20526520140,10804769396,10256542256,20100312736,20536218999,20566321662,20101200125,20101461786,20504979092,10293780817,20100017491,20101639275,20509952591,20483902264,20601099960,20561374750,10430382441,20600448286,20530266487,20494691524,10445490101,20100043140,20109969452,20433092776,20111740438,10211215599,20206432692,20526393369,20526394250,20110169109,20525411401,20100055661,20131016396,10412443140,10801767848,20530268773,20308491081,20602392661,20600979559,20100114349,20100166578,20526375034,20525476791,20555863731,10460323032,20550894859,20553320021,20356264411,20530313078,20526154291,20601153964,20100176450,20211040352,20100365341,20101281371,20100421195,20555949708,10179357190,20516577488,20560053151,20526279825,10165907812,20526083335,20111064394,20601849845,20534470402,20529837462,20604163936,20125327509,20542906597,20529996188,20603239238,20501842771,20115915828,20543499391,20603859244,20544144121,20507012044,20602880266,20526426046,20545198429,10729471467,20259814210,20529897872,20526280165,20432295754,20601494427,20517909875,20603752091,20601659248,20513594705,20502132343,20601834813,20601969255,20101128777,20600395832,20548707529,20522974944,20530180680,20604540594,20602895701,20530317499,20507417966,20529983281,20604085307,20526394845,20566604702,20602658644,20366873717,10333279393,20550205409,20530189806,20101056091,20603246285,20603455500,20546688136,20543725821,20549521984,10028243958,10027823543,10027791722,20601847451,20379902996,10027712083,20102426810,10479008774,20514706302,10405539301,10036606890,10411149418,10027925915,20601917883,20493027973,10027853108,10027833948,10027845695,10027878704,10027873711,10026844890,20604026050,10026854119,20510767889,10180975417,20388203111,20108528894,20604671494,10028508714,20484287466,20550502446,10026727109,20277131570,20477240152,10026870211,20456931554,10401567947,10027233169,10027152321,20602475019,20538743471,15398572600,10027394081,20548423172,20483808756,10027027283,10027082357,10028569551,10028613101,10028432114,20602600247,20492092313,10028484882,10174403550,10028820629,20360815031,20131529181,20348687191,20113539675,20550115752,20604845964,20101030963,20440459669,20122529780,20515874136,20122909931,10026553283,20131257750,20525602258,20409382739,20481691550,20440983261,10028078914,10028090604,10028316017,10028319041,10032037921,10028333264,10028291863,20530139701,20525555152,20502953541,10028339998,20132712086,20601899591,20609261359,10028229581,20525925693,20601362890,20600044266,10002530053,20486591529,10002538381,20602031030,20302757641,20530327613,20546010938,20559747212,20600530292,20600052595,20154477536,10026670441,20526576366,20604262250,10002502475,20601509351,20601989761,20530204708,20600187075,20601407737,20600133561,10026755013,20604269530,20161772373,20517253520,20114673774,20293331066,20602618073,20546458211,20202380621,20175674382,20537042126,20504511945,20409273875,10003697865,20101902740,20184778824,20602654631,20441204451,10002025863,20539938771,10410388770,20263019807,20601277299,10002360638,20383958581,20265258370,20105221453,10410385134,10002165363
2022-12-21 11:38:06,038 INFO : Procesando 1628 números de RUC
2022-12-21 11:38:06,039 INFO : RUC del 1 al 10
2022-12-21 11:38:17,249 DEBUG: Iniciando validacion
2022-12-21 11:38:17,258 DEBUG: Revisando en BD RUC: 20609585740
2022-12-21 11:38:17,386 DEBUG: Revisando ruc: 20609585740
2022-12-21 11:38:21,001 DEBUG: Comparando SUNAT con BD
2022-12-21 11:38:29,495 ERROR: Invalid field name
System.Runtime.InteropServices.COMException (0xFFFFFBAE): Invalid field name
   en SAPbobsCOM.IFields.Item(Object Index)
   en SN_SUNAT_SRV.Methods.dlBPartner.ValidarCambioSocio(BusinessPartners oPartner, String Address) en C:\Users\ventura1\Desktop\JSOLIS\servicio_20122022_1625\servicio_20122022_1625\servicio\SN_SUNAT_SRV\Methods\dlBPartner.cs:línea 513
   en SN_SUNAT_SRV.Methods.dlBPartner.validarMaestroSocios(String[] Datos, Boolean CambioDirEnt, String& error, Int32& sociosAct) en C:\Users\ventura1\Desktop\JSOLIS\servicio_20122022_1625\servicio_20122022_1625\servicio\SN_SUNAT_SRV\Methods\dlBPartner.cs:línea 423
2022-12-21 11:38:36,533 DEBUG: Validacion finalizada
2022-12-21 11:38:36,533 DEBUG: Iniciando validacion
2022-12-21 11:38:36,535 DEBUG: Revisando en BD RUC: 10026384937
2022-12-21 11:38:36,575 DEBUG: Revisando ruc: 10026384937
2022-12-21 11:38:37,772 DEBUG: Comparando SUNAT con BD
2022-12-21 11:38:39,040 INFO : PL10026384937 actualizado
2022-12-21 11:38:39,051 DEBUG: Validacion finalizada
2022-12-21 11:38:39,052 DEBUG: Iniciando validacion
2022-12-21 11:38:39,053 DEBUG: Revisando en BD RUC: 20602286623
2022-12-21 11:38:39,084 DEBUG: Revisando ruc: 20602286623
2022-12-21 11:38:40,415 DEBUG: Comparando SUNAT con BD
2022-12-21 11:38:42,088 INFO : PL20602286623 actualizado
2022-12-21 11:38:42,095 DEBUG: Validacion finalizada
2022-12-21 11:38:42,095 DEBUG: Iniciando validacion
2022-12-21 11:38:42,096 DEBUG: Revisando en BD RUC: 20480880154
2022-12-21 11:38:42,152 DEBUG: Revisando ruc: 20480880154
2022-12-21 11:38:42,177 DEBUG: 20160901
2022-12-21 11:38:45,904 DEBUG: Comparando SUNAT con BD
2022-12-21 11:38:49,245 ERROR: Invalid field name
System.Runtime.InteropServices.COMException (0xFFFFFBAE): Invalid field name
   en SAPbobsCOM.IFields.Item(Object Index)
   en SN_SUNAT_SRV.Methods.dlBPartner.ValidarCambioSocio(BusinessPartners oPartner, String Address) en C:\Users\ventura1\Desktop\JSOLIS\servicio_20122022_1625\servicio_20122022_1625\servicio\SN_SUNAT_SRV\Methods\dlBPartner.cs:línea 513
   en SN_SUNAT_SRV.Methods.dlBPartner.validarMaestroSocios(String[] Datos, Boolean CambioDirEnt, String& error, Int32& sociosAct) en C:\Users\ventura1\Desktop\JSOLIS\servicio_20122022_1625\servicio_20122022_1625\servicio\SN_SUNAT_SRV\Methods\dlBPartner.cs:línea 423
2022-12-21 11:38:49,255 DEBUG: Validacion finalizada
2022-12-21 11:38:49,256 DEBUG: Iniciando validacion
2022-12-21 11:38:49,257 DEBUG: Revisando en BD RUC: 20602336442
2022-12-21 11:38:49,295 DEBUG: Revisando ruc: 20602336442
2022-12-21 11:38:49,408 DEBUG: Comparando SUNAT con BD
2022-12-21 11:38:49,533 ERROR: Invalid field name
System.Runtime.InteropServices.COMException (0xFFFFFBAE): Invalid field name
   en SAPbobsCOM.IFields.Item(Object Index)
   en SN_SUNAT_SRV.Methods.dlBPartner.ValidarCambioSocio(BusinessPartners oPartner, String Address) en C:\Users\ventura1\Desktop\JSOLIS\servicio_20122022_1625\servicio_20122022_1625\servicio\SN_SUNAT_SRV\Methods\dlBPartner.cs:línea 513
   en SN_SUNAT_SRV.Methods.dlBPartner.validarMaestroSocios(String[] Datos, Boolean CambioDirEnt, String& error, Int32& sociosAct) en C:\Users\ventura1\Desktop\JSOLIS\servicio_20122022_1625\servicio_20122022_1625\servicio\SN_SUNAT_SRV\Methods\dlBPartner.cs:línea 423
2022-12-21 11:38:49,544 DEBUG: Validacion finalizada
2022-12-21 11:38:49,544 DEBUG: Iniciando validacion
2022-12-21 11:38:49,545 DEBUG: Revisando en BD RUC: 10026658387
2022-12-21 11:38:49,600 DEBUG: Revisando ruc: 10026658387
2022-12-21 11:38:49,707 DEBUG: Comparando SUNAT con BD
2022-12-21 11:38:50,382 ERROR: Error al actualizar: CardCode-PL10026658387 - -1116: (2) bpvs:LC12 - Si se trata de una Persona Natural con RUC sin Negocio, en la pestaña de Finanzas debe colocar el tipo de impuesto "Extranjero"
2022-12-21 11:38:50,391 DEBUG: Validacion finalizada
2022-12-21 11:38:50,391 DEBUG: Iniciando validacion
2022-12-21 11:38:50,393 DEBUG: Revisando en BD RUC: 20600685393
2022-12-21 11:38:50,437 DEBUG: Revisando ruc: 20600685393
2022-12-21 11:38:50,568 DEBUG: Comparando SUNAT con BD
2022-12-21 11:38:51,819 INFO : PL20600685393 actualizado
2022-12-21 11:38:51,826 DEBUG: Validacion finalizada
2022-12-21 11:38:51,826 DEBUG: Iniciando validacion
2022-12-21 11:38:51,828 DEBUG: Revisando en BD RUC: 20525506704
2022-12-21 11:38:51,867 DEBUG: Revisando ruc: 20525506704
2022-12-21 11:38:51,987 DEBUG: Comparando SUNAT con BD
2022-12-21 11:38:52,121 ERROR: Invalid field name
System.Runtime.InteropServices.COMException (0xFFFFFBAE): Invalid field name
   en SAPbobsCOM.IFields.Item(Object Index)
   en SN_SUNAT_SRV.Methods.dlBPartner.ValidarCambioSocio(BusinessPartners oPartner, String Address) en C:\Users\ventura1\Desktop\JSOLIS\servicio_20122022_1625\servicio_20122022_1625\servicio\SN_SUNAT_SRV\Methods\dlBPartner.cs:línea 513
   en SN_SUNAT_SRV.Methods.dlBPartner.validarMaestroSocios(String[] Datos, Boolean CambioDirEnt, String& error, Int32& sociosAct) en C:\Users\ventura1\Desktop\JSOLIS\servicio_20122022_1625\servicio_20122022_1625\servicio\SN_SUNAT_SRV\Methods\dlBPartner.cs:línea 423
2022-12-21 11:38:52,135 DEBUG: Validacion finalizada
2022-12-21 11:38:52,135 DEBUG: Iniciando validacion
2022-12-21 11:38:52,136 DEBUG: Revisando en BD RUC: 20122720650
2022-12-21 11:38:52,163 DEBUG: Revisando ruc: 20122720650
2022-12-21 11:38:52,177 DEBUG: 20121101
2022-12-21 11:38:52,177 DEBUG: 20160201
2022-12-21 11:38:52,276 DEBUG: Comparando SUNAT con BD
2022-12-21 11:38:53,741 INFO : PL20122720650 actualizado
2022-12-21 11:38:53,748 DEBUG: Validacion finalizada
2022-12-21 11:38:53,751 DEBUG: Iniciando validacion
2022-12-21 11:38:53,758 DEBUG: Revisando en BD RUC: 20330791501
2022-12-21 11:38:53,809 DEBUG: Revisando ruc: 20330791501
2022-12-21 11:38:53,833 DEBUG: 20020601
2022-12-21 11:38:53,930 DEBUG: Comparando SUNAT con BD
2022-12-21 11:38:55,256 INFO : PL20330791501 actualizado
2022-12-21 11:38:55,263 DEBUG: Validacion finalizada
2022-12-21 11:38:55,263 INFO : Resultado: 9 correctos, 1 errores, 0 inválidos, 5 Socios Procesados -  Total Acumulado: 5
2022-12-21 11:38:55,266 INFO : RUC del 11 al 20
2022-12-21 11:38:57,567 DEBUG: Iniciando validacion
2022-12-21 11:38:57,567 DEBUG: Revisando en BD RUC: 20604120226
2022-12-21 11:38:57,602 DEBUG: Revisando ruc: 20604120226
2022-12-21 11:38:57,734 DEBUG: Comparando SUNAT con BD
2022-12-21 11:38:58,855 INFO : PL20604120226 actualizado
2022-12-21 11:38:58,862 DEBUG: Validacion finalizada
2022-12-21 11:38:58,862 DEBUG: Iniciando validacion
2022-12-21 11:38:58,863 DEBUG: Revisando en BD RUC: 10026661892
2022-12-21 11:38:58,924 DEBUG: Revisando ruc: 10026661892
2022-12-21 11:38:59,052 DEBUG: Comparando SUNAT con BD
2022-12-21 11:38:59,946 ERROR: Error al actualizar: CardCode-PL10026661892 - -1116: (2) bpvs:LC18 - Debe registrar por lo menos una dirección de almacén
2022-12-21 11:38:59,953 DEBUG: Validacion finalizada
2022-12-21 11:38:59,954 DEBUG: Iniciando validacion
2022-12-21 11:38:59,956 DEBUG: Revisando en BD RUC: 20603828446
2022-12-21 11:38:59,993 DEBUG: Revisando ruc: 20603828446
2022-12-21 11:39:00,129 DEBUG: Comparando SUNAT con BD
2022-12-21 11:39:01,176 INFO : PL20603828446 actualizado
2022-12-21 11:39:01,186 DEBUG: Validacion finalizada
2022-12-21 11:39:01,186 DEBUG: Iniciando validacion
2022-12-21 11:39:01,189 DEBUG: Revisando en BD RUC: 20600697626
2022-12-21 11:39:01,234 DEBUG: Revisando ruc: 20600697626
2022-12-21 11:39:01,369 DEBUG: Comparando SUNAT con BD
2022-12-21 11:39:01,498 ERROR: Invalid field name
System.Runtime.InteropServices.COMException (0xFFFFFBAE): Invalid field name
   en SAPbobsCOM.IFields.Item(Object Index)
   en SN_SUNAT_SRV.Methods.dlBPartner.ValidarCambioSocio(BusinessPartners oPartner, String Address) en C:\Users\ventura1\Desktop\JSOLIS\servicio_20122022_1625\servicio_20122022_1625\servicio\SN_SUNAT_SRV\Methods\dlBPartner.cs:línea 513
   en SN_SUNAT_SRV.Methods.dlBPartner.validarMaestroSocios(String[] Datos, Boolean CambioDirEnt, String& error, Int32& sociosAct) en C:\Users\ventura1\Desktop\JSOLIS\servicio_20122022_1625\servicio_20122022_1625\servicio\SN_SUNAT_SRV\Methods\dlBPartner.cs:línea 423
2022-12-21 11:39:01,507 DEBUG: Validacion finalizada
2022-12-21 11:39:01,508 DEBUG: Iniciando validacion
2022-12-21 11:39:01,508 DEBUG: Revisando en BD RUC: 10427393955
2022-12-21 11:39:01,547 DEBUG: Revisando ruc: 10427393955
2022-12-21 11:39:01,654 DEBUG: Comparando SUNAT con BD
2022-12-21 11:39:01,794 ERROR: Invalid field name
System.Runtime.InteropServices.COMException (0xFFFFFBAE): Invalid field name
   en SAPbobsCOM.IFields.Item(Object Index)
   en SN_SUNAT_SRV.Methods.dlBPartner.ValidarCambioSocio(BusinessPartners oPartner, String Address) en C:\Users\ventura1\Desktop\JSOLIS\servicio_20122022_1625\servicio_20122022_1625\servicio\SN_SUNAT_SRV\Methods\dlBPartner.cs:línea 513
   en SN_SUNAT_SRV.Methods.dlBPartner.validarMaestroSocios(String[] Datos, Boolean CambioDirEnt, String& error, Int32& sociosAct) en C:\Users\ventura1\Desktop\JSOLIS\servicio_20122022_1625\servicio_20122022_1625\servicio\SN_SUNAT_SRV\Methods\dlBPartner.cs:línea 423
2022-12-21 11:39:01,806 DEBUG: Validacion finalizada
2022-12-21 11:39:01,806 DEBUG: Iniciando validacion
2022-12-21 11:39:01,808 DEBUG: Revisando en BD RUC: 10026513613
2022-12-21 11:39:01,848 DEBUG: Revisando ruc: 10026513613
2022-12-21 11:39:01,946 DEBUG: Comparando SUNAT con BD
2022-12-21 11:39:02,640 ERROR: Error al actualizar: CardCode-PL10026513613 - -1116: (2) bpvs:LC12 - Si se trata de una Persona Natural con RUC sin Negocio, en la pestaña de Finanzas debe colocar el tipo de impuesto "Extranjero"
2022-12-21 11:39:02,651 DEBUG: Validacion finalizada
2022-12-21 11:39:02,652 DEBUG: Iniciando validacion
2022-12-21 11:39:02,653 DEBUG: Revisando en BD RUC: 10026120336
2022-12-21 11:39:02,682 DEBUG: Revisando ruc: 10026120336
2022-12-21 11:39:02,770 DEBUG: Comparando SUNAT con BD
2022-12-21 11:39:02,891 ERROR: Invalid field name
System.Runtime.InteropServices.COMException (0xFFFFFBAE): Invalid field name
   en SAPbobsCOM.IFields.Item(Object Index)
   en SN_SUNAT_SRV.Methods.dlBPartner.ValidarCambioSocio(BusinessPartners oPartner, String Address) en C:\Users\ventura1\Desktop\JSOLIS\servicio_20122022_1625\servicio_20122022_1625\servicio\SN_SUNAT_SRV\Methods\dlBPartner.cs:línea 513
   en SN_SUNAT_SRV.Methods.dlBPartner.validarMaestroSocios(String[] Datos, Boolean CambioDirEnt, String& error, Int32& sociosAct) en C:\Users\ventura1\Desktop\JSOLIS\servicio_20122022_1625\servicio_20122022_1625\servicio\SN_SUNAT_SRV\Methods\dlBPartner.cs:línea 423
2022-12-21 11:39:02,902 DEBUG: Validacion finalizada
2022-12-21 11:39:02,903 DEBUG: Iniciando validacion
2022-12-21 11:39:02,905 DEBUG: Revisando en BD RUC: 10026160010
2022-12-21 11:39:02,949 DEBUG: Revisando ruc: 10026160010
2022-12-21 11:39:03,026 DEBUG: Comparando SUNAT con BD
2022-12-21 11:39:04,108 INFO : PL10026160010 actualizado
2022-12-21 11:39:04,112 DEBUG: Validacion finalizada
2022-12-21 11:39:04,113 DEBUG: Iniciando validacion
2022-12-21 11:39:04,114 DEBUG: Revisando en BD RUC: 20556321541
2022-12-21 11:39:04,146 DEBUG: Revisando ruc: 20556321541
2022-12-21 11:39:04,258 DEBUG: Comparando SUNAT con BD
2022-12-21 11:39:05,402 INFO : PL20556321541 actualizado
2022-12-21 11:39:05,409 DEBUG: Validacion finalizada
2022-12-21 11:39:05,410 DEBUG: Iniciando validacion
2022-12-21 11:39:05,411 DEBUG: Revisando en BD RUC: 20459277332
2022-12-21 11:39:05,448 DEBUG: Revisando ruc: 20459277332
2022-12-21 11:39:05,581 DEBUG: Comparando SUNAT con BD
2022-12-21 11:39:06,758 INFO : PL20459277332 actualizado
2022-12-21 11:39:06,765 DEBUG: Validacion finalizada
2022-12-21 11:39:06,766 INFO : Resultado: 8 correctos, 2 errores, 0 inválidos, 5 Socios Procesados -  Total Acumulado: 10
2022-12-21 11:39:06,766 INFO : RUC del 21 al 30
2022-12-21 11:39:08,265 DEBUG: Iniciando validacion
2022-12-21 11:39:08,266 DEBUG: Revisando en BD RUC: 20601572533
2022-12-21 11:39:08,294 DEBUG: Revisando ruc: 20601572533
2022-12-21 11:39:08,423 DEBUG: Comparando SUNAT con BD
2022-12-21 11:39:09,814 INFO : PL20601572533 actualizado
2022-12-21 11:39:09,823 DEBUG: Validacion finalizada
2022-12-21 11:39:09,824 DEBUG: Iniciando validacion
2022-12-21 11:39:09,825 DEBUG: Revisando en BD RUC: 20105367407
2022-12-21 11:39:09,871 DEBUG: Revisando ruc: 20105367407
2022-12-21 11:39:09,896 DEBUG: 20040501
2022-12-21 11:39:09,897 DEBUG: 20060401
2022-12-21 11:39:10,013 DEBUG: Comparando SUNAT con BD
2022-12-21 11:39:11,184 INFO : PL20105367407 actualizado
2022-12-21 11:39:11,192 DEBUG: Validacion finalizada
2022-12-21 11:39:11,193 DEBUG: Iniciando validacion
2022-12-21 11:39:11,196 DEBUG: Revisando en BD RUC: 20600861400
2022-12-21 11:39:11,226 DEBUG: Revisando ruc: 20600861400
2022-12-21 11:39:11,362 DEBUG: Comparando SUNAT con BD
2022-12-21 11:39:11,498 ERROR: Invalid field name
System.Runtime.InteropServices.COMException (0xFFFFFBAE): Invalid field name
   en SAPbobsCOM.IFields.Item(Object Index)
   en SN_SUNAT_SRV.Methods.dlBPartner.ValidarCambioSocio(BusinessPartners oPartner, String Address) en C:\Users\ventura1\Desktop\JSOLIS\servicio_20122022_1625\servicio_20122022_1625\servicio\SN_SUNAT_SRV\Methods\dlBPartner.cs:línea 513
   en SN_SUNAT_SRV.Methods.dlBPartner.validarMaestroSocios(String[] Datos, Boolean CambioDirEnt, String& error, Int32& sociosAct) en C:\Users\ventura1\Desktop\JSOLIS\servicio_20122022_1625\servicio_20122022_1625\servicio\SN_SUNAT_SRV\Methods\dlBPartner.cs:línea 423
2022-12-21 11:39:11,507 DEBUG: Validacion finalizada
2022-12-21 11:39:11,507 DEBUG: Iniciando validacion
2022-12-21 11:39:11,509 DEBUG: Revisando en BD RUC: 20274361531
2022-12-21 11:39:11,555 DEBUG: Revisando ruc: 20274361531
2022-12-21 11:39:11,679 DEBUG: Comparando SUNAT con BD
2022-12-21 11:39:11,797 ERROR: Invalid field name
System.Runtime.InteropServices.COMException (0xFFFFFBAE): Invalid field name
   en SAPbobsCOM.IFields.Item(Object Index)
   en SN_SUNAT_SRV.Methods.dlBPartner.ValidarCambioSocio(BusinessPartners oPartner, String Address) en C:\Users\ventura1\Desktop\JSOLIS\servicio_20122022_1625\servicio_20122022_1625\servicio\SN_SUNAT_SRV\Methods\dlBPartner.cs:línea 513
   en SN_SUNAT_SRV.Methods.dlBPartner.validarMaestroSocios(String[] Datos, Boolean CambioDirEnt, String& error, Int32& sociosAct) en C:\Users\ventura1\Desktop\JSOLIS\servicio_20122022_1625\servicio_20122022_1625\servicio\SN_SUNAT_SRV\Methods\dlBPartner.cs:línea 423
2022-12-21 11:39:11,804 DEBUG: Validacion finalizada
2022-12-21 11:39:11,804 DEBUG: Iniciando validacion
2022-12-21 11:39:11,804 DEBUG: Revisando en BD RUC: 20526385854
2022-12-21 11:39:11,835 DEBUG: Revisando ruc: 20526385854
2022-12-21 11:39:11,948 DEBUG: Comparando SUNAT con BD
2022-12-21 11:39:12,074 ERROR: Invalid field name
System.Runtime.InteropServices.COMException (0xFFFFFBAE): Invalid field name
   en SAPbobsCOM.IFields.Item(Object Index)
   en SN_SUNAT_SRV.Methods.dlBPartner.ValidarCambioSocio(BusinessPartners oPartner, String Address) en C:\Users\ventura1\Desktop\JSOLIS\servicio_20122022_1625\servicio_20122022_1625\servicio\SN_SUNAT_SRV\Methods\dlBPartner.cs:línea 513
   en SN_SUNAT_SRV.Methods.dlBPartner.validarMaestroSocios(String[] Datos, Boolean CambioDirEnt, String& error, Int32& sociosAct) en C:\Users\ventura1\Desktop\JSOLIS\servicio_20122022_1625\servicio_20122022_1625\servicio\SN_SUNAT_SRV\Methods\dlBPartner.cs:línea 423
2022-12-21 11:39:12,083 DEBUG: Validacion finalizada
2022-12-21 11:39:12,083 DEBUG: Iniciando validacion
2022-12-21 11:39:12,085 DEBUG: Revisando en BD RUC: 20526488581
2022-12-21 11:39:12,118 DEBUG: Revisando ruc: 20526488581
2022-12-21 11:39:12,232 DEBUG: Comparando SUNAT con BD
2022-12-21 11:39:12,362 ERROR: Invalid field name
System.Runtime.InteropServices.COMException (0xFFFFFBAE): Invalid field name
   en SAPbobsCOM.IFields.Item(Object Index)
   en SN_SUNAT_SRV.Methods.dlBPartner.ValidarCambioSocio(BusinessPartners oPartner, String Address) en C:\Users\ventura1\Desktop\JSOLIS\servicio_20122022_1625\servicio_20122022_1625\servicio\SN_SUNAT_SRV\Methods\dlBPartner.cs:línea 513
   en SN_SUNAT_SRV.Methods.dlBPartner.validarMaestroSocios(String[] Datos, Boolean CambioDirEnt, String& error, Int32& sociosAct) en C:\Users\ventura1\Desktop\JSOLIS\servicio_20122022_1625\servicio_20122022_1625\servicio\SN_SUNAT_SRV\Methods\dlBPartner.cs:línea 423
2022-12-21 11:39:12,376 DEBUG: Validacion finalizada
2022-12-21 11:39:12,378 DEBUG: Iniciando validacion
2022-12-21 11:39:12,379 DEBUG: Revisando en BD RUC: 20355156584
2022-12-21 11:39:12,418 DEBUG: Revisando ruc: 20355156584
2022-12-21 11:39:12,535 DEBUG: Comparando SUNAT con BD
2022-12-21 11:39:13,816 INFO : PL20355156584 actualizado
2022-12-21 11:39:13,824 DEBUG: Validacion finalizada
2022-12-21 11:39:13,824 DEBUG: Iniciando validacion
2022-12-21 11:39:13,825 DEBUG: Revisando en BD RUC: 20356367066
2022-12-21 11:39:13,878 DEBUG: Revisando ruc: 20356367066
2022-12-21 11:39:13,896 DEBUG: 20220201
2022-12-21 11:39:13,990 DEBUG: Comparando SUNAT con BD
2022-12-21 11:39:15,227 INFO : PL20356367066 actualizado
2022-12-21 11:39:15,232 DEBUG: Validacion finalizada
2022-12-21 11:39:15,232 DEBUG: Iniciando validacion
2022-12-21 11:39:15,233 DEBUG: Revisando en BD RUC: 20356883749
2022-12-21 11:39:15,304 DEBUG: Revisando ruc: 20356883749
2022-12-21 11:39:15,413 DEBUG: Comparando SUNAT con BD
2022-12-21 11:39:15,539 ERROR: Invalid field name
System.Runtime.InteropServices.COMException (0xFFFFFBAE): Invalid field name
   en SAPbobsCOM.IFields.Item(Object Index)
   en SN_SUNAT_SRV.Methods.dlBPartner.ValidarCambioSocio(BusinessPartners oPartner, String Address) en C:\Users\ventura1\Desktop\JSOLIS\servicio_20122022_1625\servicio_20122022_1625\servicio\SN_SUNAT_SRV\Methods\dlBPartner.cs:línea 513
   en SN_SUNAT_SRV.Methods.dlBPartner.validarMaestroSocios(String[] Datos, Boolean CambioDirEnt, String& error, Int32& sociosAct) en C:\Users\ventura1\Desktop\JSOLIS\servicio_20122022_1625\servicio_20122022_1625\servicio\SN_SUNAT_SRV\Methods\dlBPartner.cs:línea 423
2022-12-21 11:39:15,546 DEBUG: Validacion finalizada
2022-12-21 11:39:15,546 DEBUG: Iniciando validacion
2022-12-21 11:39:15,548 DEBUG: Revisando en BD RUC: 20601783267
2022-12-21 11:39:15,618 DEBUG: Revisando ruc: 20601783267
2022-12-21 11:39:15,757 DEBUG: Comparando SUNAT con BD
2022-12-21 11:39:17,218 INFO : PL20601783267 actualizado
2022-12-21 11:39:17,226 DEBUG: Validacion finalizada
2022-12-21 11:39:17,226 INFO : Resultado: 10 correctos, 0 errores, 0 inválidos, 5 Socios Procesados -  Total Acumulado: 15
2022-12-21 11:39:17,227 INFO : RUC del 31 al 40
2022-12-21 11:39:18,647 DEBUG: Iniciando validacion
2022-12-21 11:39:18,647 DEBUG: Revisando en BD RUC: 20484210676
2022-12-21 11:39:18,707 DEBUG: Revisando ruc: 20484210676
2022-12-21 11:39:18,865 DEBUG: Comparando SUNAT con BD
2022-12-21 11:41:35,332 INFO : Inicializando Servicio
2022-12-21 11:41:36,997 INFO : Procesando socios
2022-12-21 11:41:36,997 INFO : Conectando a la BD ZZZ_ECOACUICOLA_2911
2022-12-21 11:41:43,909 INFO : Conectado satisfactoriamente
2022-12-21 11:41:43,982 INFO : Iniciando el Proceso
2022-12-21 11:41:43,984 INFO : Procesando RUC individual
2022-12-21 11:41:44,003 INFO : Buscando socios
2022-12-21 11:41:44,050 INFO : Encontrados 1610
2022-12-21 11:41:44,069 DEBUG: RUC encontrados: 20609585740,20480880154,20602336442,20525506704,20600697626,10427393955,10026120336,20600861400,20274361531,20526385854,20526488581,20356883749,20484210676,20600756622,20510930895,20547386176,10180488664,20106498386,20514737364,20484259764,20600455282,20518417275,20600918771,20396466768,20513106832,20175642341,20601908761,20518634454,10471740026,10471215321,10038885419,20392664310,20530101305,20601202370,20530047769,20100402727,20419020606,20441475056,20563124637,10470111203,20418453177,20529921927,20502625293,20331066703,20530205852,20602229123,20102351038,20603875045,20102847670,20385739771,10176034683,20530323626,20600200039,20605707328,20601756421,20551935508,20505155328,20122535917,20484320188,20479942766,20516367670,20602202586,20483907223,20602336141,10179144919,20516398478,20511445389,10179036857,20481382417,10178205388,20601906610,20600300076,20451555104,20525286071,20480214502,20529751665,20601656095,20603766891,10026061976,20337093826,20546867731,20441487143,20453884091,20524698057,20515010476,10178449813,20603596294,20601128617,20601158290,20100027021,10026075926,10026080687,20608653351,10026082698,10026338668,20295613620,10026300679,20314727500,20290308802,20481997390,20602310567,20479813877,10062029361,20483813831,10709291578,20480353022,20514307432,20600695291,10721963182,20526568185,10724904187,20525673431,20600928831,20108475081,10706688167,10082420822,20601732212,20483923342,20117332714,20525265405,20483608668,10061923565,20547530552,20602362656,20600135563,20144341512,20601602653,20483894814,20555962984,10772441083,10729435185,20100244714,10741591401,10743024139,20102167296,10077910455,10778018344,20601158257,20542904896,10181337244,10454825379,20525342914,20483998270,20605215654,10056403596,10056407192,10056426545,10056424798,20510716974,20172627421,20522547957,20484127426,20526272731,20605452567,20538619036,20112816993,20607835544,20530352481,20601349559,20604731241,20537801566,10464743486,10027713888,20603780346,10038675791,20488025679,10038674558,20600874943,20605793003,20604291802,20600169158,15483913629,20525359485,10038799989,10028235092,10038992703,20488087194,20492519121,20421530107,20602767290,20557984357,20602712894,20508916079,10038712336,20601639891,20604676691,20525227732,20601817455,20554742573,20509152552,10709252521,20530299571,20530313230,10719027232,20493120752,20424084418,20409206922,20602170366,20495700071,20482547134,20502509382,20544677706,20521302390,20509959766,20562956311,20530085857,20389230724,20504367721,20529786701,20526250924,20526282966,20522861155,10454195693,20603023057,20602117911,10749280951,20603306857,20604735794,20409388851,20607739880,20603523424,20503955882,20525554008,20602369804,20337511172,20399119066,20565591160,20101357610,20510620195,20513074370,10430068003,20607841013,20525997171,20492842339,20484194026,20607964107,10035887488,10167582759,20604854327,20530207553,20605010319,20525944728,20511066957,10028914151,20526643578,10469705787,20512321357,20604403864,20512972536,20530283063,20526055048,20535849936,20607147672,20556342386,20538185010,10002022431,20530321682,20529801867,20604665605,20540098876,20516504332,20601610664,20605568395,20543493351,20605741577,20555992387,20484327948,20602033661,20536877682,20100512077,20231328425,20523051521,20525346740,10409083116,20525371345,20492691969,20525387853,20525908845,20525518541,20605676848,20537540070,10026310763,20525582800,20330286874,20603184409,20536645552,20603343329,20606706856,20100028698,20525703364,20600837827,20604198373,20543639231,20605950842,20601555434,20559819574,20525813623,20604349983,20525939481,20609684438,20526207913,20526233329,20484249530,20377146663,20600269292,20600302214,20600314000,20526517947,20526653883,10063922981,20517519490,20529480530,20554884874,20608228447,20511013080,20502630378,20529784911,20529760656,20526058578,20553157529,20268214527,20441097604,20529932881,20483803797,20529938145,10026276042,20131312955,20542089106,20530211232,20484034258,20261159733,20484304654,20608947451,20600421990,10437551541,20529842547,20530328857,20530611681,20602253873,20607571768,20606817704,20601034809,20124163693,20601544548,20537304422,10034683731,20602173730,10028923088,20538118177,10028575519,20604786691,20484096369,20525684475,10027998602,20601379504,20543306771,20544093895,20550685851,20546892175,20549858865,20604491682,10181893082,10803140516,10079621965,10028434532,20529730072,10402260675,10417708958,10437725620,20552515766,20510274009,10700120819,17102862554,20600637470,20604496838,20603425091,10105433668,20530267378,10704715990,10082504767,20556250694,20559561542,20602540376,10734231911,20307150981,20559617190,20606766719,20601790662,20484315931,20559912191,20432940161,20561219789,20512122311,10082439060,20604762651,20521238284,20525488536,20602366261,20566205247,20600005155,10078200338,10103468863,20607842915,10093366251,20529938064,20603218869,20510644451,20601012287,20145038384,20603392851,20540010375,20600149645,20600163346,20559683575,20602661149,20600354044,20600464281,20602915540,20602673422,10421277708,20346669625,20525786715,20600875028,20600876211,20600581768,20601259983,20601322898,20530302386,20602835660,20601408130,10026917323,10028762122,20601466202,20601474361,20604765774,10091353364,20601590922,20603683693,20483995092,20540087751,20601759374,10026107836,20602790917,20601767423,20608529510,20605876677,20606756705,20601843839,20608608681,20600967844,20515971921,20606581107,20602092390,20606188642,15603452981,20399642109,20258352638,20544142004,20608529994,20513632569,20602156738,20526575807,20544178297,20604206180,20600106237,10758441135,10028118134,20513541849,20418647371,20477582461,20432824099,20609276801,20542169398,20602787061,20602787576,20417926632,20602806902,10002383301,20602872476,20100042500,20146721410,20525871747,20551094198,20602897002,20603966521,10165889148,10420361977,20603156324,10026808168,20525652271,20603412011,20601893844,10028308944,20603641214,20603709293,20132676004,20102708394,20525523463,20100488427,20100776562,20606750138,20604129291,10446024944,20603160607,20604544271,20525830129,20606278099,20603302746,10026282948,20604820830,10408310976,20525681298,20604912271,20605470611,10723731513,20608538802,20530081517,20101996116,20605029290,20605213236,20605594507,20605597140,20605687661,20605699627,20609575566,10179214038,20604769494,20606688777,20409232761,20606954981,20554545743,10411749539,10401906091,20605506837,20608278363,20440852671,20601032971,20608479491,20608608487,20484180157,20484270067,20608891227,20608947524,20525728600,20606504765,20603790465,20608336380,20601986621,10458830288,20536938657,20530214762,20160349914,10472937931,20504973990,20526104782,20608479423,20324203118,20136247396,20603731124,20607107051,20608103873,20608983024,20526602626,20529992514,20261239923,20132091979,20609337592,10028568377,10413505548,10032340607,10002407847,20100084172,20477704248,10026481835,10091567674,20251357413,20223968971,20601668131,20601762243,20609904047,20392777190,20604751986,20219178264,20526249322,20231843460,20296081567,20257692109,20604817375,20608634585,20549758054,20367075776,20112811096,20522051315,20409222294,20530240178,20409250581,20601750351,20602979734,20440703837,20600138228,20556129518,20561232611,20544424751,10702936794,20602099203,20502699491,20525509550,20530076866,20102021836,10027346249,20530239676,20601509653,20539707613,20601599881,10403008236,20603075910,20100082714,20529936100,20505062826,20529735465,20440484345,10742353007,10028063313,20508828960,20604117012,20605636374,20484290173,10762361472,20564490351,20605691693,20605821864,20610111701,20344877158,20483801239,10034702603,20605825274,20484214744,20601842158,20609513854,20606195738,20483393955,20600222849,20609358115,20606647451,20602009395,20451770099,20601814154,20602022731,20482814604,20524279160,20552252731,20481672768,20386659959,20530096115,20606222697,20526138172,20602255612,20525397816,20106897914,20604872368,20602717187,20609574667,20604665664,20488142802,20539830733,10410559701,20225116459,20504645984,20600652614,20418933381,20526566301,10758137151,20510910517,20605114734,20530167071,20335020872,20100227461,10095386828,20602798802,20606020598,20530184596,20514746355,10082386039,10420897761,20606994185,20603730501,20467534026,20100089051,20518364481,20607134953,20601254175,20136890329,10081919149,10082112362,20100000688,20529754419,20484164208,10420049388,10421149068,10421451309,10421753135,10420731731,10420765890,20600229576,20608878131,20536537407,20339899895,20409281622,20530172156,20530121918,20566156360,10034731956,20480297289,20305765784,10076170997,20538810682,20529720867,10074762820,20555271566,10074351471,20601584191,20419922391,10028185354,10078731805,10424565119,20342210814,10077976456,20100292875,20105210338,20606830191,20517182673,20601394902,20600087178,20601591911,10033677559,20526445008,20525852874,20602691862,20602814255,20100083362,20507281967,20605860053,20547579721,10402646034,20510407670,20602925995,20512220755,20502900936,20600174399,20286616225,10451363277,20526081804,20100141583,20600826574,20102424523,20529911298,10439931081,20605352121,20547922981,20102120061,10028889335,10028898784,20554123911,20548183279,20511315337,20100063680,20602081801,10709064679,10033413748,20603334729,10032132541,20392889231,10031204726,10412672084,20566407621,20105396172,10032365472,10032365740,10032365944,10032382156,20530136869,10036685455,20526618549,10477728061,20395492129,20602686320,10036683673,10417866928,10728022961,10003278463,20602683924,20100118336,20607658090,20602403425,20526041250,20530310991,20530242626,10804887178,20601589193,20484044997,20601536260,10417659434,10028961826,20505897812,20505370130,20600335619,20530213367,10036930000,10036930701,20529921846,20491781409,20563050765,20530192424,20100346479,10036937055,20529961554,20393011727,20101392369,20481330964,10450059507,10026899627,20563739771,20525977651,10473136088,15493213412,10028109232,20525271634,10406045833,20530228399,20268910515,20500453401,20439147076,20602341969,20600954351,10036124828,20602477089,10002193073,10182200862,20602163297,20510526415,10416355628,20100305101,20481829683,10036237053,20537480077,10420400697,20525758347,20507141791,10414862743,10182204949,10035940664,20514156558,20600384962,10758890592,20605669604,20482814191,20399536929,20492455050,10026615882,20102536593,10038839760,10479161661,20158179688,20602339891,20602051154,10406871997,20603045905,10026082388,20481828016,20603182198,20530338496,10027987554,10419949855,20441490446,20602690408,20601543151,20603681551,20600085205,20601398789,10180902851,20603261993,20601706980,20600710789,20602877770,20483433507,20601289807,10036454038,20606600241,20440878394,10454484687,20536364201,10449522244,10701672271,20440882821,10035047692,20601787394,20552543972,10028252477,20602592899,20511407533,10734458762,20530014321,20474102158,20600411978,20454186002,10091454420,20409264965,20102505957,20600859553,20543046095,20600947193,10028935647,20601301050,15165362532,20605294007,10030856886,10033563880,20606034696,20573813708,20409298355,10028763170,20604113629,10026931881,10450116471,20301604794,20605402128,20112273922,10167220253,20601107245,20605730001,20601111200,20131719559,10026450522,20554387498,10036977308,20388710994,20602601316,20606367377,20266614803,10471334494,20601515581,10436564789,20510037562,10472469954,20172606777,20606883669,10460322427,20484335614,20607021342,20607978779,20605239936,20409494294,20603891784,20483845520,20543854043,20565643496,20517374661,20547999691,20608775286,10475777749,20197316269,20600996372,10475362140,20479566250,10181244360,10477241803,10702151037,10026184733,20529961635,20563027607,10026537270,10028397840,10483177009,10483299864,10484074467,20467089464,10489619704,20601448697,10434746537,10434077112,10425191239,10435834715,10434789694,10435193094,20602224181,10102659860,20557069721,10431391908,20604718369,10430529701,10430832005,20268784625,10433313025,20113539594,20603000286,10431837892,10432367466,10442083571,10105373029,10443631122,20600897382,10443809606,10444270476,10036833594,10103180037,20605239740,10436807541,10434149521,10439307043,10426801294,10438429196,20504342817,20251995967,20526059116,10093895768,10424496940,10467161704,20526540680,10422079420,10026598546,10423737391,20479457710,20602674429,20366990357,10423245579,20103044155,20530063454,10026931032,10428487881,10428525189,20603839464,20603246234,20602905145,10429997947,10033675807,20602283080,10430377430,20600525272,10474087536,20503386730,10028566480,20511230935,20506210900,10732056322,20600315031,20600685423,20601438586,20396583055,20455477957,20607792187,20524403863,20511027382,20545699126,20600381742,10461738295,10460029894,10460452568,10464957516,10461937352,10466304081,20601584108,20475260199,10028794792,20537746956,20602274021,10469439793,20601210674,20100080002,20483912731,20520997734,20601646464,10165925969,20483917377,20136165667,10449424706,20213503384,10450318405,10449637408,10449941476,10449987158,20525937195,10028274934,20547689403,20440162062,10445473419,20601924936,20526352336,20600815742,20409419594,20502257634,10444907016,10447368906,20507637141,10422197449,20600488318,10445660499,10446951799,10456752778,10455154397,10026717502,10455721089,10035071097,20154477374,10459044880,10459456061,10457446409,10026718541,10457548538,10451721009,10454855626,10453196947,20101053157,20484084948,20600450736,10403483007,10038850691,10035793521,20601547300,10068076108,20601332796,20484252247,15604723202,20601308992,20600226585,20601498775,10027179270,20530254390,20563792745,20600056574,20556744263,20106975737,20601821169,20601750792,20602494498,20254053822,20384121838,10077992770,10082314135,10091710205,20601325439,20525765394,20601738792,20418896915,20603224079,10802691403,20519361672,10096701557,20600432258,20526572701,20601293090,20600577370,17105212208,10108060242,10164232781,20526533471,20600073711,20100006376,20604708509,10027207281,20546801471,20606946628,10404975949,10164232790,20601582113,20602533116,20601050324,20526362137,20100025915,15276280101,20100044626,20600909135,20539866762,10407671819,20505720131,20547706189,20604778191,20259572887,20508754079,10178637768,20603278233,10455178695,10806631642,20526016069,20602485570,20604760586,20601772273,10028918041,10422740827,20602939970,20100051169,20225058319,20600442288,10027690888,20545044545,20526543948,10407223573,10069748568,10481767780,20100055318,20509469327,20604943737,20483899379,10415001865,20392599828,20601100160,20603827326,10409429390,10181807836,20141441371,20509693634,20515610821,20501622819,10035983100,10031332406,10032004631,10327640629,20603279329,10027266601,20481928665,10081856236,10437532121,10459259771,20484228290,20100784239,20101256422,20390900407,20601704341,20484284441,10736808787,20471133770,10432730439,10727622760,20606161591,10424692285,10485028957,20605208810,20601010772,20144961146,10028042707,10400672755,10408261355,20462256940,10444555161,20482762027,10449662747,20605391193,10429781944,10464436940,10472914176,20526695454,10705441435,10077006309,20462441178,20477667709,10448202157,10437397959,10409384060,10459017033,20604725799,10468575375,10028590615,20563332230,20525707351,20409410295,20602837808,10471940475,20482587276,20102954247,20501262260,20602486339,10714754659,10461458888,20602769691,20603818734,10026530216,10463178726,20606358351,20487872581,10478084167,20382829302,20508032286,20100654025,20525320431,10426448888,20484133230,20546255299,20600989244,20131494450,20535653365,20100268575,20608680161,20100302421,20483930047,20545596823,10700503203,20100456495,20102670214,10028660371,20572230491,10719618320,20554039708,10413019970,20398527993,20605808311,20138563201,20602108687,20100105862,20570594860,20529858460,20135948641,20604211388,20484284106,20530236731,20101077099,10426887792,20602784631,10076062434,20603571127,20601971519,20101130160,20529891912,10443809533,20604211451,20526414544,20515829424,20602183107,20103365628,20604083037,20606323507,20167884491,20604152110,10411374535,20461851887,20525376576,10408103831,10028214354,20479726982,20566231833,20557338056,20483835648,20409397337,20100171814,20602620396,20137868955,20131644109,10805626297,20276885431,20526637764,20525564062,20602266916,20602687806,10757461230,20526520140,10804769396,10256542256,20100312736,20536218999,20566321662,20101200125,20101461786,20504979092,10293780817,20100017491,20101639275,20509952591,20483902264,20601099960,20561374750,10430382441,20600448286,20530266487,20494691524,10445490101,20100043140,20109969452,20433092776,20111740438,10211215599,20206432692,20526393369,20526394250,20110169109,20525411401,20100055661,20131016396,10412443140,10801767848,20530268773,20308491081,20602392661,20600979559,20100114349,20100166578,20526375034,20525476791,20555863731,10460323032,20550894859,20553320021,20356264411,20530313078,20526154291,20601153964,20100176450,20211040352,20100365341,20101281371,20100421195,20555949708,10179357190,20516577488,20560053151,20526279825,10165907812,20526083335,20111064394,20601849845,20534470402,20529837462,20604163936,20125327509,20542906597,20529996188,20603239238,20501842771,20115915828,20543499391,20603859244,20544144121,20507012044,20602880266,20526426046,20545198429,10729471467,20259814210,20529897872,20526280165,20432295754,20601494427,20517909875,20603752091,20601659248,20513594705,20502132343,20601834813,20601969255,20101128777,20600395832,20548707529,20522974944,20530180680,20604540594,20602895701,20530317499,20507417966,20529983281,20604085307,20526394845,20566604702,20602658644,20366873717,10333279393,20550205409,20530189806,20101056091,20603246285,20603455500,20546688136,20543725821,20549521984,10028243958,10027823543,10027791722,20601847451,20379902996,10027712083,20102426810,10479008774,20514706302,10405539301,10036606890,10411149418,10027925915,20601917883,20493027973,10027853108,10027833948,10027845695,10027878704,10027873711,10026844890,20604026050,10026854119,20510767889,10180975417,20388203111,20108528894,20604671494,10028508714,20484287466,20550502446,10026727109,20277131570,20477240152,10026870211,20456931554,10401567947,10027233169,10027152321,20602475019,20538743471,15398572600,10027394081,20548423172,20483808756,10027027283,10027082357,10028569551,10028613101,10028432114,20602600247,20492092313,10028484882,10174403550,10028820629,20360815031,20131529181,20348687191,20113539675,20550115752,20604845964,20101030963,20440459669,20122529780,20515874136,20122909931,10026553283,20131257750,20525602258,20409382739,20481691550,20440983261,10028078914,10028090604,10028316017,10028319041,10032037921,10028333264,10028291863,20530139701,20525555152,20502953541,10028339998,20132712086,20601899591,20609261359,10028229581,20525925693,20601362890,20600044266,10002530053,20486591529,10002538381,20602031030,20302757641,20530327613,20546010938,20559747212,20600530292,20600052595,20154477536,10026670441,20526576366,20604262250,10002502475,20601509351,20601989761,20530204708,20600187075,20601407737,20600133561,10026755013,20604269530,20161772373,20517253520,20114673774,20293331066,20602618073,20546458211,20202380621,20175674382,20537042126,20504511945,20409273875,10003697865,20101902740,20184778824,20602654631,20441204451,10002025863,20539938771,10410388770,20263019807,20601277299,10002360638,20383958581,20265258370,20105221453,10410385134,10002165363
2022-12-21 11:41:44,168 INFO : Procesando 1610 números de RUC
2022-12-21 11:41:44,170 INFO : RUC del 1 al 10
2022-12-21 11:41:46,940 DEBUG: Iniciando validacion
2022-12-21 11:41:46,946 DEBUG: Revisando en BD RUC: 20609585740
2022-12-21 11:41:47,070 DEBUG: Revisando ruc: 20609585740
2022-12-21 11:41:47,247 DEBUG: Comparando SUNAT con BD
2022-12-21 11:41:50,657 INFO : PL20609585740 actualizado
2022-12-21 11:41:50,667 DEBUG: Validacion finalizada
2022-12-21 11:41:50,668 DEBUG: Iniciando validacion
2022-12-21 11:41:50,669 DEBUG: Revisando en BD RUC: 20480880154
2022-12-21 11:41:50,700 DEBUG: Revisando ruc: 20480880154
2022-12-21 11:41:50,729 DEBUG: 20160901
2022-12-21 11:41:50,819 DEBUG: Comparando SUNAT con BD
2022-12-21 11:41:53,406 INFO : PL20480880154 actualizado
2022-12-21 11:41:53,413 DEBUG: Validacion finalizada
2022-12-21 11:41:53,413 DEBUG: Iniciando validacion
2022-12-21 11:41:53,415 DEBUG: Revisando en BD RUC: 20602336442
2022-12-21 11:41:53,455 DEBUG: Revisando ruc: 20602336442
2022-12-21 11:41:53,581 DEBUG: Comparando SUNAT con BD
2022-12-21 11:41:57,493 INFO : PL20602336442 actualizado
2022-12-21 11:41:57,498 DEBUG: Validacion finalizada
2022-12-21 11:41:57,499 DEBUG: Iniciando validacion
2022-12-21 11:41:57,500 DEBUG: Revisando en BD RUC: 20525506704
2022-12-21 11:41:57,528 DEBUG: Revisando ruc: 20525506704
2022-12-21 11:41:57,645 DEBUG: Comparando SUNAT con BD
2022-12-21 11:41:58,894 INFO : PL20525506704 actualizado
2022-12-21 11:41:58,901 DEBUG: Validacion finalizada
2022-12-21 11:41:58,902 DEBUG: Iniciando validacion
2022-12-21 11:41:58,903 DEBUG: Revisando en BD RUC: 20600697626
2022-12-21 11:41:58,935 DEBUG: Revisando ruc: 20600697626
2022-12-21 11:41:59,070 DEBUG: Comparando SUNAT con BD
2022-12-21 11:42:00,498 INFO : PL20600697626 actualizado
2022-12-21 11:42:00,506 DEBUG: Validacion finalizada
2022-12-21 11:42:00,507 DEBUG: Iniciando validacion
2022-12-21 11:42:00,508 DEBUG: Revisando en BD RUC: 10427393955
2022-12-21 11:42:00,548 DEBUG: Revisando ruc: 10427393955
2022-12-21 11:42:00,637 DEBUG: Comparando SUNAT con BD
2022-12-21 11:42:01,603 ERROR: Error al actualizar: CardCode-PL10427393955 - -1116: (2) bpvs:LC12 - Si se trata de una Persona Natural con RUC sin Negocio, en la pestaña de Finanzas debe colocar el tipo de impuesto "Extranjero"
2022-12-21 11:42:01,609 DEBUG: Validacion finalizada
2022-12-21 11:42:01,609 DEBUG: Iniciando validacion
2022-12-21 11:42:01,610 DEBUG: Revisando en BD RUC: 10026120336
2022-12-21 11:42:01,651 DEBUG: Revisando ruc: 10026120336
2022-12-21 11:42:01,736 DEBUG: Comparando SUNAT con BD
2022-12-21 11:42:02,582 ERROR: Error al actualizar: CardCode-PL10026120336 - -1116: (2) bpvs:LC20 - En la pestaña Direcciones, debe llenar los campos "Calle/Número", "Distrito", "Ciudad", "Departamento" de todas las direcciones
2022-12-21 11:42:02,597 DEBUG: Validacion finalizada
2022-12-21 11:42:02,597 DEBUG: Iniciando validacion
2022-12-21 11:42:02,599 DEBUG: Revisando en BD RUC: 20600861400
2022-12-21 11:42:02,640 DEBUG: Revisando ruc: 20600861400
2022-12-21 11:42:02,785 DEBUG: Comparando SUNAT con BD
2022-12-21 11:42:04,123 INFO : PL20600861400 actualizado
2022-12-21 11:42:04,129 DEBUG: Validacion finalizada
2022-12-21 11:42:04,130 DEBUG: Iniciando validacion
2022-12-21 11:42:04,131 DEBUG: Revisando en BD RUC: 20274361531
2022-12-21 11:42:04,174 DEBUG: Revisando ruc: 20274361531
2022-12-21 11:42:04,296 DEBUG: Comparando SUNAT con BD
2022-12-21 11:42:05,333 INFO : CL20274361531 actualizado
2022-12-21 11:42:05,354 DEBUG: Revisando ruc: 20274361531
2022-12-21 11:42:05,459 DEBUG: Comparando SUNAT con BD
2022-12-21 11:42:06,420 INFO : PL20274361531 actualizado
2022-12-21 11:42:06,429 DEBUG: Validacion finalizada
2022-12-21 11:42:06,430 DEBUG: Iniciando validacion
2022-12-21 11:42:06,430 DEBUG: Revisando en BD RUC: 20526385854
2022-12-21 11:42:06,466 DEBUG: Revisando ruc: 20526385854
2022-12-21 11:42:06,579 DEBUG: Comparando SUNAT con BD
2022-12-21 11:42:07,830 INFO : PL20526385854 actualizado
2022-12-21 11:42:07,835 DEBUG: Validacion finalizada
2022-12-21 11:42:07,844 INFO : Resultado: 8 correctos, 2 errores, 0 inválidos, 9 Socios Procesados -  Total Acumulado: 9
2022-12-21 11:42:07,854 INFO : RUC del 11 al 20
2022-12-21 11:42:10,411 DEBUG: Iniciando validacion
2022-12-21 11:42:10,411 DEBUG: Revisando en BD RUC: 20526488581
2022-12-21 11:42:10,438 DEBUG: Revisando ruc: 20526488581
2022-12-21 11:42:10,565 DEBUG: Comparando SUNAT con BD
2022-12-21 11:42:11,834 INFO : PL20526488581 actualizado
2022-12-21 11:42:11,843 DEBUG: Validacion finalizada
2022-12-21 11:42:11,844 DEBUG: Iniciando validacion
2022-12-21 11:42:11,845 DEBUG: Revisando en BD RUC: 20356883749
2022-12-21 11:42:11,900 DEBUG: Revisando ruc: 20356883749
2022-12-21 11:42:12,016 DEBUG: Comparando SUNAT con BD
2022-12-21 11:42:13,302 INFO : PL20356883749 actualizado
2022-12-21 11:42:13,335 DEBUG: Revisando ruc: 20356883749
2022-12-21 11:42:13,457 DEBUG: Comparando SUNAT con BD
2022-12-21 11:42:14,489 INFO : CL20356883749 actualizado
2022-12-21 11:42:14,494 DEBUG: Validacion finalizada
2022-12-21 11:42:14,495 DEBUG: Iniciando validacion
2022-12-21 11:42:14,496 DEBUG: Revisando en BD RUC: 20484210676
2022-12-21 11:42:14,526 DEBUG: Revisando ruc: 20484210676
2022-12-21 11:42:14,636 DEBUG: Comparando SUNAT con BD
2022-12-21 11:42:15,880 INFO : PL20484210676 actualizado
2022-12-21 11:42:15,888 DEBUG: Validacion finalizada
2022-12-21 11:42:15,888 DEBUG: Iniciando validacion
2022-12-21 11:42:15,890 DEBUG: Revisando en BD RUC: 20600756622
2022-12-21 11:42:15,963 DEBUG: Revisando ruc: 20600756622
2022-12-21 11:42:16,105 DEBUG: Comparando SUNAT con BD
2022-12-21 11:42:17,606 INFO : PL20600756622 actualizado
2022-12-21 11:42:17,614 DEBUG: Validacion finalizada
2022-12-21 11:42:17,615 DEBUG: Iniciando validacion
2022-12-21 11:42:17,616 DEBUG: Revisando en BD RUC: 20510930895
2022-12-21 11:42:17,695 DEBUG: Revisando ruc: 20510930895
2022-12-21 11:42:17,834 DEBUG: Comparando SUNAT con BD
2022-12-21 11:42:19,275 INFO : PL20510930895 actualizado
2022-12-21 11:42:19,281 DEBUG: Validacion finalizada
2022-12-21 11:42:19,282 DEBUG: Iniciando validacion
2022-12-21 11:42:19,284 DEBUG: Revisando en BD RUC: 20547386176
2022-12-21 11:42:19,354 DEBUG: Revisando ruc: 20547386176
2022-12-21 11:42:19,481 DEBUG: Comparando SUNAT con BD
2022-12-21 11:42:20,602 INFO : PL20547386176 actualizado
2022-12-21 11:42:20,612 DEBUG: Validacion finalizada
2022-12-21 11:42:20,613 DEBUG: Iniciando validacion
2022-12-21 11:42:20,615 DEBUG: Revisando en BD RUC: 10180488664
2022-12-21 11:42:20,696 DEBUG: Revisando ruc: 10180488664
2022-12-21 11:42:20,798 DEBUG: Comparando SUNAT con BD
2022-12-21 11:42:21,547 ERROR: Error al actualizar: CardCode-PL10180488664 - -1116: (2) bpvs:LC12 - Si se trata de una Persona Natural con RUC sin Negocio, en la pestaña de Finanzas debe colocar el tipo de impuesto "Extranjero"
2022-12-21 11:42:21,556 DEBUG: Validacion finalizada
2022-12-21 11:42:21,557 DEBUG: Iniciando validacion
2022-12-21 11:42:21,562 DEBUG: Revisando en BD RUC: 20106498386
2022-12-21 11:42:21,637 DEBUG: Revisando ruc: 20106498386
2022-12-21 11:42:21,789 DEBUG: Comparando SUNAT con BD
2022-12-21 11:42:23,027 INFO : PL20106498386 actualizado
2022-12-21 11:42:23,033 DEBUG: Validacion finalizada
2022-12-21 11:42:23,033 DEBUG: Iniciando validacion
2022-12-21 11:42:23,036 DEBUG: Revisando en BD RUC: 20514737364
2022-12-21 11:42:23,108 DEBUG: Revisando ruc: 20514737364
2022-12-21 11:42:23,150 DEBUG: 20110501
2022-12-21 11:42:23,150 DEBUG: 20160201
2022-12-21 11:42:23,272 DEBUG: Comparando SUNAT con BD
2022-12-21 11:42:24,229 INFO : PL20514737364 actualizado
2022-12-21 11:42:24,238 DEBUG: Validacion finalizada
2022-12-21 11:42:24,239 DEBUG: Iniciando validacion
2022-12-21 11:42:24,241 DEBUG: Revisando en BD RUC: 20484259764
2022-12-21 11:42:24,306 DEBUG: Revisando ruc: 20484259764
2022-12-21 11:42:24,420 DEBUG: Comparando SUNAT con BD
2022-12-21 11:42:25,395 INFO : PL20484259764 actualizado
2022-12-21 11:42:25,403 DEBUG: Validacion finalizada
2022-12-21 11:42:25,403 INFO : Resultado: 9 correctos, 1 errores, 0 inválidos, 10 Socios Procesados -  Total Acumulado: 19
2022-12-21 11:42:25,405 INFO : RUC del 21 al 30
2022-12-21 11:42:27,219 DEBUG: Iniciando validacion
2022-12-21 11:42:27,220 DEBUG: Revisando en BD RUC: 20600455282
2022-12-21 11:42:27,287 DEBUG: Revisando ruc: 20600455282
2022-12-21 11:42:27,434 DEBUG: Comparando SUNAT con BD
2022-12-21 11:42:28,386 INFO : PL20600455282 actualizado
2022-12-21 11:42:28,392 DEBUG: Validacion finalizada
2022-12-21 11:42:28,392 DEBUG: Iniciando validacion
2022-12-21 11:42:28,394 DEBUG: Revisando en BD RUC: 20518417275
2022-12-21 11:42:28,471 DEBUG: Revisando ruc: 20518417275
2022-12-21 11:42:28,494 DEBUG: 20180901
2022-12-21 11:42:28,602 DEBUG: Comparando SUNAT con BD
2022-12-21 11:42:41,909 INFO : Inicializando Servicio
2022-12-21 11:42:43,447 INFO : Procesando socios
2022-12-21 11:42:43,448 INFO : Conectando a la BD ZZZ_ECOACUICOLA_2911
2022-12-21 11:42:49,909 INFO : Conectado satisfactoriamente
2022-12-21 11:42:49,968 INFO : Iniciando el Proceso
2022-12-21 11:42:49,972 INFO : Procesando RUC individual
2022-12-21 11:42:50,003 INFO : Buscando socios
2022-12-21 11:42:50,063 INFO : Encontrados 1589
2022-12-21 11:42:50,079 DEBUG: RUC encontrados: 20518417275,20600918771,20396466768,20513106832,20175642341,20601908761,20518634454,10471740026,10471215321,10038885419,20392664310,20530101305,20601202370,20530047769,20100402727,20419020606,20441475056,20563124637,10470111203,20418453177,20529921927,20502625293,20331066703,20530205852,20602229123,20102351038,20603875045,20102847670,20385739771,10176034683,20530323626,20600200039,20605707328,20601756421,20551935508,20505155328,20122535917,20484320188,20479942766,20516367670,20602202586,20483907223,20602336141,10179144919,20516398478,20511445389,10179036857,20481382417,10178205388,20601906610,20600300076,20451555104,20525286071,20480214502,20529751665,20601656095,20603766891,10026061976,20337093826,20546867731,20441487143,20453884091,20524698057,20515010476,10178449813,20603596294,20601128617,20601158290,20100027021,10026075926,10026080687,20608653351,10026082698,10026338668,20295613620,10026300679,20314727500,20290308802,20481997390,20602310567,20479813877,10062029361,20483813831,10709291578,20480353022,20514307432,20600695291,10721963182,20526568185,10724904187,20525673431,20600928831,20108475081,10706688167,10082420822,20601732212,20483923342,20117332714,20525265405,20483608668,10061923565,20547530552,20602362656,20600135563,20144341512,20601602653,20483894814,20555962984,10772441083,10729435185,20100244714,10741591401,10743024139,20102167296,10077910455,10778018344,20601158257,20542904896,10181337244,10454825379,20525342914,20483998270,20605215654,10056403596,10056407192,10056426545,10056424798,20510716974,20172627421,20522547957,20484127426,20526272731,20605452567,20538619036,20112816993,20607835544,20530352481,20601349559,20604731241,20537801566,10464743486,10027713888,20603780346,10038675791,20488025679,10038674558,20600874943,20605793003,20604291802,20600169158,15483913629,20525359485,10038799989,10028235092,10038992703,20488087194,20492519121,20421530107,20602767290,20557984357,20602712894,20508916079,10038712336,20601639891,20604676691,20525227732,20601817455,20554742573,20509152552,10709252521,20530299571,20530313230,10719027232,20493120752,20424084418,20409206922,20602170366,20495700071,20482547134,20502509382,20544677706,20521302390,20509959766,20562956311,20530085857,20389230724,20504367721,20529786701,20526250924,20526282966,20522861155,10454195693,20603023057,20602117911,10749280951,20603306857,20604735794,20409388851,20607739880,20603523424,20503955882,20525554008,20602369804,20337511172,20399119066,20565591160,20101357610,20510620195,20513074370,10430068003,20607841013,20525997171,20492842339,20484194026,20607964107,10035887488,10167582759,20604854327,20530207553,20605010319,20525944728,20511066957,10028914151,20526643578,10469705787,20512321357,20604403864,20512972536,20530283063,20526055048,20535849936,20607147672,20556342386,20538185010,10002022431,20530321682,20529801867,20604665605,20540098876,20516504332,20601610664,20605568395,20543493351,20605741577,20555992387,20484327948,20602033661,20536877682,20100512077,20231328425,20523051521,20525346740,10409083116,20525371345,20492691969,20525387853,20525908845,20525518541,20605676848,20537540070,10026310763,20525582800,20330286874,20603184409,20536645552,20603343329,20606706856,20100028698,20525703364,20600837827,20604198373,20543639231,20605950842,20601555434,20559819574,20525813623,20604349983,20525939481,20609684438,20526207913,20526233329,20484249530,20377146663,20600269292,20600302214,20600314000,20526517947,20526653883,10063922981,20517519490,20529480530,20554884874,20608228447,20511013080,20502630378,20529784911,20529760656,20526058578,20553157529,20268214527,20441097604,20529932881,20483803797,20529938145,10026276042,20131312955,20542089106,20530211232,20484034258,20261159733,20484304654,20608947451,20600421990,10437551541,20529842547,20530328857,20530611681,20602253873,20607571768,20606817704,20601034809,20124163693,20601544548,20537304422,10034683731,20602173730,10028923088,20538118177,10028575519,20604786691,20484096369,20525684475,10027998602,20601379504,20543306771,20544093895,20550685851,20546892175,20549858865,20604491682,10181893082,10803140516,10079621965,10028434532,20529730072,10402260675,10417708958,10437725620,20552515766,20510274009,10700120819,17102862554,20600637470,20604496838,20603425091,10105433668,20530267378,10704715990,10082504767,20556250694,20559561542,20602540376,10734231911,20307150981,20559617190,20606766719,20601790662,20484315931,20559912191,20432940161,20561219789,20512122311,10082439060,20604762651,20521238284,20525488536,20602366261,20566205247,20600005155,10078200338,10103468863,20607842915,10093366251,20529938064,20603218869,20510644451,20601012287,20145038384,20603392851,20540010375,20600149645,20600163346,20559683575,20602661149,20600354044,20600464281,20602915540,20602673422,10421277708,20346669625,20525786715,20600875028,20600876211,20600581768,20601259983,20601322898,20530302386,20602835660,20601408130,10026917323,10028762122,20601466202,20601474361,20604765774,10091353364,20601590922,20603683693,20483995092,20540087751,20601759374,10026107836,20602790917,20601767423,20608529510,20605876677,20606756705,20601843839,20608608681,20600967844,20515971921,20606581107,20602092390,20606188642,15603452981,20399642109,20258352638,20544142004,20608529994,20513632569,20602156738,20526575807,20544178297,20604206180,20600106237,10758441135,10028118134,20513541849,20418647371,20477582461,20432824099,20609276801,20542169398,20602787061,20602787576,20417926632,20602806902,10002383301,20602872476,20100042500,20146721410,20525871747,20551094198,20602897002,20603966521,10165889148,10420361977,20603156324,10026808168,20525652271,20603412011,20601893844,10028308944,20603641214,20603709293,20132676004,20102708394,20525523463,20100488427,20100776562,20606750138,20604129291,10446024944,20603160607,20604544271,20525830129,20606278099,20603302746,10026282948,20604820830,10408310976,20525681298,20604912271,20605470611,10723731513,20608538802,20530081517,20101996116,20605029290,20605213236,20605594507,20605597140,20605687661,20605699627,20609575566,10179214038,20604769494,20606688777,20409232761,20606954981,20554545743,10411749539,10401906091,20605506837,20608278363,20440852671,20601032971,20608479491,20608608487,20484180157,20484270067,20608891227,20608947524,20525728600,20606504765,20603790465,20608336380,20601986621,10458830288,20536938657,20530214762,20160349914,10472937931,20504973990,20526104782,20608479423,20324203118,20136247396,20603731124,20607107051,20608103873,20608983024,20526602626,20529992514,20261239923,20132091979,20609337592,10028568377,10413505548,10032340607,10002407847,20100084172,20477704248,10026481835,10091567674,20251357413,20223968971,20601668131,20601762243,20609904047,20392777190,20604751986,20219178264,20526249322,20231843460,20296081567,20257692109,20604817375,20608634585,20549758054,20367075776,20112811096,20522051315,20409222294,20530240178,20409250581,20601750351,20602979734,20440703837,20600138228,20556129518,20561232611,20544424751,10702936794,20602099203,20502699491,20525509550,20530076866,20102021836,10027346249,20530239676,20601509653,20539707613,20601599881,10403008236,20603075910,20100082714,20529936100,20505062826,20529735465,20440484345,10742353007,10028063313,20508828960,20604117012,20605636374,20484290173,10762361472,20564490351,20605691693,20605821864,20610111701,20344877158,20483801239,10034702603,20605825274,20484214744,20601842158,20609513854,20606195738,20483393955,20600222849,20609358115,20606647451,20602009395,20451770099,20601814154,20602022731,20482814604,20524279160,20552252731,20481672768,20386659959,20530096115,20606222697,20526138172,20602255612,20525397816,20106897914,20604872368,20602717187,20609574667,20604665664,20488142802,20539830733,10410559701,20225116459,20504645984,20600652614,20418933381,20526566301,10758137151,20510910517,20605114734,20530167071,20335020872,20100227461,10095386828,20602798802,20606020598,20530184596,20514746355,10082386039,10420897761,20606994185,20603730501,20467534026,20100089051,20518364481,20607134953,20601254175,20136890329,10081919149,10082112362,20100000688,20529754419,20484164208,10420049388,10421149068,10421451309,10421753135,10420731731,10420765890,20600229576,20608878131,20536537407,20339899895,20409281622,20530172156,20530121918,20566156360,10034731956,20480297289,20305765784,10076170997,20538810682,20529720867,10074762820,20555271566,10074351471,20601584191,20419922391,10028185354,10078731805,10424565119,20342210814,10077976456,20100292875,20105210338,20606830191,20517182673,20601394902,20600087178,20601591911,10033677559,20526445008,20525852874,20602691862,20602814255,20100083362,20507281967,20605860053,20547579721,10402646034,20510407670,20602925995,20512220755,20502900936,20600174399,20286616225,10451363277,20526081804,20100141583,20600826574,20102424523,20529911298,10439931081,20605352121,20547922981,20102120061,10028889335,10028898784,20554123911,20548183279,20511315337,20100063680,20602081801,10709064679,10033413748,20603334729,10032132541,20392889231,10031204726,10412672084,20566407621,20105396172,10032365472,10032365740,10032365944,10032382156,20530136869,10036685455,20526618549,10477728061,20395492129,20602686320,10036683673,10417866928,10728022961,10003278463,20602683924,20100118336,20607658090,20602403425,20526041250,20530310991,20530242626,10804887178,20601589193,20484044997,20601536260,10417659434,10028961826,20505897812,20505370130,20600335619,20530213367,10036930000,10036930701,20529921846,20491781409,20563050765,20530192424,20100346479,10036937055,20529961554,20393011727,20101392369,20481330964,10450059507,10026899627,20563739771,20525977651,10473136088,15493213412,10028109232,20525271634,10406045833,20530228399,20268910515,20500453401,20439147076,20602341969,20600954351,10036124828,20602477089,10002193073,10182200862,20602163297,20510526415,10416355628,20100305101,20481829683,10036237053,20537480077,10420400697,20525758347,20507141791,10414862743,10182204949,10035940664,20514156558,20600384962,10758890592,20605669604,20482814191,20399536929,20492455050,10026615882,20102536593,10038839760,10479161661,20158179688,20602339891,20602051154,10406871997,20603045905,10026082388,20481828016,20603182198,20530338496,10027987554,10419949855,20441490446,20602690408,20601543151,20603681551,20600085205,20601398789,10180902851,20603261993,20601706980,20600710789,20602877770,20483433507,20601289807,10036454038,20606600241,20440878394,10454484687,20536364201,10449522244,10701672271,20440882821,10035047692,20601787394,20552543972,10028252477,20602592899,20511407533,10734458762,20530014321,20474102158,20600411978,20454186002,10091454420,20409264965,20102505957,20600859553,20543046095,20600947193,10028935647,20601301050,15165362532,20605294007,10030856886,10033563880,20606034696,20573813708,20409298355,10028763170,20604113629,10026931881,10450116471,20301604794,20605402128,20112273922,10167220253,20601107245,20605730001,20601111200,20131719559,10026450522,20554387498,10036977308,20388710994,20602601316,20606367377,20266614803,10471334494,20601515581,10436564789,20510037562,10472469954,20172606777,20606883669,10460322427,20484335614,20607021342,20607978779,20605239936,20409494294,20603891784,20483845520,20543854043,20565643496,20517374661,20547999691,20608775286,10475777749,20197316269,20600996372,10475362140,20479566250,10181244360,10477241803,10702151037,10026184733,20529961635,20563027607,10026537270,10028397840,10483177009,10483299864,10484074467,20467089464,10489619704,20601448697,10434746537,10434077112,10425191239,10435834715,10434789694,10435193094,20602224181,10102659860,20557069721,10431391908,20604718369,10430529701,10430832005,20268784625,10433313025,20113539594,20603000286,10431837892,10432367466,10442083571,10105373029,10443631122,20600897382,10443809606,10444270476,10036833594,10103180037,20605239740,10436807541,10434149521,10439307043,10426801294,10438429196,20504342817,20251995967,20526059116,10093895768,10424496940,10467161704,20526540680,10422079420,10026598546,10423737391,20479457710,20602674429,20366990357,10423245579,20103044155,20530063454,10026931032,10428487881,10428525189,20603839464,20603246234,20602905145,10429997947,10033675807,20602283080,10430377430,20600525272,10474087536,20503386730,10028566480,20511230935,20506210900,10732056322,20600315031,20600685423,20601438586,20396583055,20455477957,20607792187,20524403863,20511027382,20545699126,20600381742,10461738295,10460029894,10460452568,10464957516,10461937352,10466304081,20601584108,20475260199,10028794792,20537746956,20602274021,10469439793,20601210674,20100080002,20483912731,20520997734,20601646464,10165925969,20483917377,20136165667,10449424706,20213503384,10450318405,10449637408,10449941476,10449987158,20525937195,10028274934,20547689403,20440162062,10445473419,20601924936,20526352336,20600815742,20409419594,20502257634,10444907016,10447368906,20507637141,10422197449,20600488318,10445660499,10446951799,10456752778,10455154397,10026717502,10455721089,10035071097,20154477374,10459044880,10459456061,10457446409,10026718541,10457548538,10451721009,10454855626,10453196947,20101053157,20484084948,20600450736,10403483007,10038850691,10035793521,20601547300,10068076108,20601332796,20484252247,15604723202,20601308992,20600226585,20601498775,10027179270,20530254390,20563792745,20600056574,20556744263,20106975737,20601821169,20601750792,20602494498,20254053822,20384121838,10077992770,10082314135,10091710205,20601325439,20525765394,20601738792,20418896915,20603224079,10802691403,20519361672,10096701557,20600432258,20526572701,20601293090,20600577370,17105212208,10108060242,10164232781,20526533471,20600073711,20100006376,20604708509,10027207281,20546801471,20606946628,10404975949,10164232790,20601582113,20602533116,20601050324,20526362137,20100025915,15276280101,20100044626,20600909135,20539866762,10407671819,20505720131,20547706189,20604778191,20259572887,20508754079,10178637768,20603278233,10455178695,10806631642,20526016069,20602485570,20604760586,20601772273,10028918041,10422740827,20602939970,20100051169,20225058319,20600442288,10027690888,20545044545,20526543948,10407223573,10069748568,10481767780,20100055318,20509469327,20604943737,20483899379,10415001865,20392599828,20601100160,20603827326,10409429390,10181807836,20141441371,20509693634,20515610821,20501622819,10035983100,10031332406,10032004631,10327640629,20603279329,10027266601,20481928665,10081856236,10437532121,10459259771,20484228290,20100784239,20101256422,20390900407,20601704341,20484284441,10736808787,20471133770,10432730439,10727622760,20606161591,10424692285,10485028957,20605208810,20601010772,20144961146,10028042707,10400672755,10408261355,20462256940,10444555161,20482762027,10449662747,20605391193,10429781944,10464436940,10472914176,20526695454,10705441435,10077006309,20462441178,20477667709,10448202157,10437397959,10409384060,10459017033,20604725799,10468575375,10028590615,20563332230,20525707351,20409410295,20602837808,10471940475,20482587276,20102954247,20501262260,20602486339,10714754659,10461458888,20602769691,20603818734,10026530216,10463178726,20606358351,20487872581,10478084167,20382829302,20508032286,20100654025,20525320431,10426448888,20484133230,20546255299,20600989244,20131494450,20535653365,20100268575,20608680161,20100302421,20483930047,20545596823,10700503203,20100456495,20102670214,10028660371,20572230491,10719618320,20554039708,10413019970,20398527993,20605808311,20138563201,20602108687,20100105862,20570594860,20529858460,20135948641,20604211388,20484284106,20530236731,20101077099,10426887792,20602784631,10076062434,20603571127,20601971519,20101130160,20529891912,10443809533,20604211451,20526414544,20515829424,20602183107,20103365628,20604083037,20606323507,20167884491,20604152110,10411374535,20461851887,20525376576,10408103831,10028214354,20479726982,20566231833,20557338056,20483835648,20409397337,20100171814,20602620396,20137868955,20131644109,10805626297,20276885431,20526637764,20525564062,20602266916,20602687806,10757461230,20526520140,10804769396,10256542256,20100312736,20536218999,20566321662,20101200125,20101461786,20504979092,10293780817,20100017491,20101639275,20509952591,20483902264,20601099960,20561374750,10430382441,20600448286,20530266487,20494691524,10445490101,20100043140,20109969452,20433092776,20111740438,10211215599,20206432692,20526393369,20526394250,20110169109,20525411401,20100055661,20131016396,10412443140,10801767848,20530268773,20308491081,20602392661,20600979559,20100114349,20100166578,20526375034,20525476791,20555863731,10460323032,20550894859,20553320021,20356264411,20530313078,20526154291,20601153964,20100176450,20211040352,20100365341,20101281371,20100421195,20555949708,10179357190,20516577488,20560053151,20526279825,10165907812,20526083335,20111064394,20601849845,20534470402,20529837462,20604163936,20125327509,20542906597,20529996188,20603239238,20501842771,20115915828,20543499391,20603859244,20544144121,20507012044,20602880266,20526426046,20545198429,10729471467,20259814210,20529897872,20526280165,20432295754,20601494427,20517909875,20603752091,20601659248,20513594705,20502132343,20601834813,20601969255,20101128777,20600395832,20548707529,20522974944,20530180680,20604540594,20602895701,20530317499,20507417966,20529983281,20604085307,20526394845,20566604702,20602658644,20366873717,10333279393,20550205409,20530189806,20101056091,20603246285,20603455500,20546688136,20543725821,20549521984,10028243958,10027823543,10027791722,20601847451,20379902996,10027712083,20102426810,10479008774,20514706302,10405539301,10036606890,10411149418,10027925915,20601917883,20493027973,10027853108,10027833948,10027845695,10027878704,10027873711,10026844890,20604026050,10026854119,20510767889,10180975417,20388203111,20108528894,20604671494,10028508714,20484287466,20550502446,10026727109,20277131570,20477240152,10026870211,20456931554,10401567947,10027233169,10027152321,20602475019,20538743471,15398572600,10027394081,20548423172,20483808756,10027027283,10027082357,10028569551,10028613101,10028432114,20602600247,20492092313,10028484882,10174403550,10028820629,20360815031,20131529181,20348687191,20113539675,20550115752,20604845964,20101030963,20440459669,20122529780,20515874136,20122909931,10026553283,20131257750,20525602258,20409382739,20481691550,20440983261,10028078914,10028090604,10028316017,10028319041,10032037921,10028333264,10028291863,20530139701,20525555152,20502953541,10028339998,20132712086,20601899591,20609261359,10028229581,20525925693,20601362890,20600044266,10002530053,20486591529,10002538381,20602031030,20302757641,20530327613,20546010938,20559747212,20600530292,20600052595,20154477536,10026670441,20526576366,20604262250,10002502475,20601509351,20601989761,20530204708,20600187075,20601407737,20600133561,10026755013,20604269530,20161772373,20517253520,20114673774,20293331066,20602618073,20546458211,20202380621,20175674382,20537042126,20504511945,20409273875,10003697865,20101902740,20184778824,20602654631,20441204451,10002025863,20539938771,10410388770,20263019807,20601277299,10002360638,20383958581,20265258370,20105221453,10410385134,10002165363
2022-12-21 11:42:50,192 INFO : Procesando 1589 números de RUC
2022-12-21 11:42:50,198 INFO : RUC del 1 al 10
2022-12-21 11:42:52,180 DEBUG: Iniciando validacion
2022-12-21 11:42:52,189 DEBUG: Revisando en BD RUC: 20518417275
2022-12-21 11:42:52,309 DEBUG: Revisando ruc: 20518417275
2022-12-21 11:42:52,340 DEBUG: 20180901
2022-12-21 11:42:52,480 DEBUG: Comparando SUNAT con BD
2022-12-21 11:42:54,347 INFO : PL20518417275 actualizado
2022-12-21 11:42:54,358 DEBUG: Validacion finalizada
2022-12-21 11:42:54,358 DEBUG: Iniciando validacion
2022-12-21 11:42:54,362 DEBUG: Revisando en BD RUC: 20600918771
2022-12-21 11:42:54,425 DEBUG: Revisando ruc: 20600918771
2022-12-21 11:42:54,577 DEBUG: Comparando SUNAT con BD
2022-12-21 11:42:55,762 INFO : PL20600918771 actualizado
2022-12-21 11:42:55,769 DEBUG: Validacion finalizada
2022-12-21 11:42:55,769 DEBUG: Iniciando validacion
2022-12-21 11:42:55,770 DEBUG: Revisando en BD RUC: 20396466768
2022-12-21 11:42:55,842 DEBUG: Revisando ruc: 20396466768
2022-12-21 11:42:55,873 DEBUG: 20121101
2022-12-21 11:42:55,874 DEBUG: 20160201
2022-12-21 11:42:55,985 DEBUG: Comparando SUNAT con BD
2022-12-21 11:42:57,114 INFO : PL20396466768 actualizado
2022-12-21 11:42:57,120 DEBUG: Validacion finalizada
2022-12-21 11:42:57,121 DEBUG: Iniciando validacion
2022-12-21 11:42:57,122 DEBUG: Revisando en BD RUC: 20513106832
2022-12-21 11:42:57,212 DEBUG: Revisando ruc: 20513106832
2022-12-21 11:42:57,365 DEBUG: Comparando SUNAT con BD
2022-12-21 11:42:58,951 INFO : PL20513106832 actualizado
2022-12-21 11:42:58,956 DEBUG: Validacion finalizada
2022-12-21 11:42:58,961 DEBUG: Iniciando validacion
2022-12-21 11:42:58,971 DEBUG: Revisando en BD RUC: 20175642341
2022-12-21 11:42:59,039 DEBUG: Revisando ruc: 20175642341
2022-12-21 11:42:59,057 DEBUG: 20121101
2022-12-21 11:42:59,147 DEBUG: Comparando SUNAT con BD
2022-12-21 11:43:00,588 INFO : PL20175642341 actualizado
2022-12-21 11:43:00,594 DEBUG: Validacion finalizada
2022-12-21 11:43:00,594 DEBUG: Iniciando validacion
2022-12-21 11:43:00,595 DEBUG: Revisando en BD RUC: 20601908761
2022-12-21 11:43:00,652 DEBUG: Revisando ruc: 20601908761
2022-12-21 11:43:00,758 DEBUG: Comparando SUNAT con BD
2022-12-21 11:43:02,205 INFO : PL20601908761 actualizado
2022-12-21 11:43:02,213 DEBUG: Validacion finalizada
2022-12-21 11:43:02,214 DEBUG: Iniciando validacion
2022-12-21 11:43:02,214 DEBUG: Revisando en BD RUC: 20518634454
2022-12-21 11:43:02,279 DEBUG: Revisando ruc: 20518634454
2022-12-21 11:43:02,394 DEBUG: Comparando SUNAT con BD
2022-12-21 11:43:03,715 INFO : PL20518634454 actualizado
2022-12-21 11:43:03,721 DEBUG: Validacion finalizada
2022-12-21 11:43:03,722 DEBUG: Iniciando validacion
2022-12-21 11:43:03,743 DEBUG: Revisando en BD RUC: 10471740026
2022-12-21 11:43:03,810 DEBUG: Revisando ruc: 10471740026
2022-12-21 11:43:03,900 DEBUG: Comparando SUNAT con BD
2022-12-21 11:43:04,774 ERROR: Error al actualizar: CardCode-PL10471740026 - -1116: (2) bpvs:LC12 - Si se trata de una Persona Natural con RUC sin Negocio, en la pestaña de Finanzas debe colocar el tipo de impuesto "Extranjero"
2022-12-21 11:43:04,782 DEBUG: Validacion finalizada
2022-12-21 11:43:04,782 DEBUG: Iniciando validacion
2022-12-21 11:43:04,783 DEBUG: Revisando en BD RUC: 10471215321
2022-12-21 11:43:04,838 DEBUG: Revisando ruc: 10471215321
2022-12-21 11:43:04,920 DEBUG: Comparando SUNAT con BD
2022-12-21 11:43:05,677 ERROR: Error al actualizar: CardCode-PL10471215321 - -1116: (2) bpvs:LC12 - Si se trata de una Persona Natural con RUC sin Negocio, en la pestaña de Finanzas debe colocar el tipo de impuesto "Extranjero"
2022-12-21 11:43:05,683 DEBUG: Validacion finalizada
2022-12-21 11:43:05,683 DEBUG: Iniciando validacion
2022-12-21 11:43:05,684 DEBUG: Revisando en BD RUC: 10038885419
2022-12-21 11:43:05,820 DEBUG: Revisando ruc: 10038885419
2022-12-21 11:43:05,913 DEBUG: Comparando SUNAT con BD
2022-12-21 11:43:07,067 INFO : PL10038885419 actualizado
2022-12-21 11:43:07,072 DEBUG: Validacion finalizada
2022-12-21 11:43:07,072 INFO : Resultado: 8 correctos, 2 errores, 0 inválidos, 8 Socios Procesados -  Total Acumulado: 8
2022-12-21 11:43:07,073 INFO : RUC del 11 al 20
2022-12-21 11:43:08,917 DEBUG: Iniciando validacion
2022-12-21 11:43:08,917 DEBUG: Revisando en BD RUC: 20392664310
2022-12-21 11:43:08,983 DEBUG: Revisando ruc: 20392664310
2022-12-21 11:43:09,011 DEBUG: 20180401
2022-12-21 11:43:09,011 DEBUG: 20150701
2022-12-21 11:43:09,110 DEBUG: Comparando SUNAT con BD
2022-12-21 11:43:10,557 INFO : PL20392664310 actualizado
2022-12-21 11:43:10,564 DEBUG: Validacion finalizada
2022-12-21 11:43:10,565 DEBUG: Iniciando validacion
2022-12-21 11:43:10,566 DEBUG: Revisando en BD RUC: 20530101305
2022-12-21 11:43:10,643 DEBUG: Revisando ruc: 20530101305
2022-12-21 11:43:10,668 DEBUG: 20180401
2022-12-21 11:43:10,756 DEBUG: Comparando SUNAT con BD
2022-12-21 11:43:11,735 INFO : PL20530101305 actualizado
2022-12-21 11:43:11,740 DEBUG: Validacion finalizada
2022-12-21 11:43:11,740 DEBUG: Iniciando validacion
2022-12-21 11:43:11,741 DEBUG: Revisando en BD RUC: 20601202370
2022-12-21 11:43:11,812 DEBUG: Revisando ruc: 20601202370
2022-12-21 11:43:11,935 DEBUG: Comparando SUNAT con BD
2022-12-21 11:43:12,875 INFO : PL20601202370 actualizado
2022-12-21 11:43:12,880 DEBUG: Validacion finalizada
2022-12-21 11:43:12,881 DEBUG: Iniciando validacion
2022-12-21 11:43:12,883 DEBUG: Revisando en BD RUC: 20530047769
2022-12-21 11:43:12,951 DEBUG: Revisando ruc: 20530047769
2022-12-21 11:43:13,050 DEBUG: Comparando SUNAT con BD
2022-12-21 11:43:14,333 INFO : PL20530047769 actualizado
2022-12-21 11:43:14,343 DEBUG: Validacion finalizada
2022-12-21 11:43:14,344 DEBUG: Iniciando validacion
2022-12-21 11:43:14,345 DEBUG: Revisando en BD RUC: 20100402727
2022-12-21 11:43:14,443 DEBUG: Revisando ruc: 20100402727
2022-12-21 11:43:14,567 DEBUG: Comparando SUNAT con BD
2022-12-21 11:43:15,734 INFO : PL20100402727 actualizado
2022-12-21 11:43:15,740 DEBUG: Validacion finalizada
2022-12-21 11:43:15,740 DEBUG: Iniciando validacion
2022-12-21 11:43:15,741 DEBUG: Revisando en BD RUC: 20419020606
2022-12-21 11:43:15,814 DEBUG: Revisando ruc: 20419020606
2022-12-21 11:43:15,838 DEBUG: 20170901
2022-12-21 11:43:15,839 DEBUG: 20140301
2022-12-21 11:43:15,945 DEBUG: Comparando SUNAT con BD
2022-12-21 11:43:16,914 INFO : PL20419020606 actualizado
2022-12-21 11:43:16,923 DEBUG: Validacion finalizada
2022-12-21 11:43:16,923 DEBUG: Iniciando validacion
2022-12-21 11:43:16,925 DEBUG: Revisando en BD RUC: 20441475056
2022-12-21 11:43:17,002 DEBUG: Revisando ruc: 20441475056
2022-12-21 11:43:17,127 DEBUG: Comparando SUNAT con BD
2022-12-21 11:43:18,288 INFO : PL20441475056 actualizado
2022-12-21 11:43:18,293 DEBUG: Validacion finalizada
2022-12-21 11:43:18,294 DEBUG: Iniciando validacion
2022-12-21 11:43:18,295 DEBUG: Revisando en BD RUC: 20563124637
2022-12-21 11:43:18,354 DEBUG: Revisando ruc: 20563124637
2022-12-21 11:43:18,470 DEBUG: Comparando SUNAT con BD
2022-12-21 11:43:19,468 INFO : CL20563124637 actualizado
2022-12-21 11:43:19,475 DEBUG: Validacion finalizada
2022-12-21 11:43:19,475 DEBUG: Iniciando validacion
2022-12-21 11:43:19,476 DEBUG: Revisando en BD RUC: 10470111203
2022-12-21 11:43:19,545 DEBUG: Revisando ruc: 10470111203
2022-12-21 11:43:19,625 DEBUG: Comparando SUNAT con BD
2022-12-21 11:43:20,280 ERROR: Error al actualizar: CardCode-PL10470111203 - -1116: (2) bpvs:LC12 - Si se trata de una Persona Natural con RUC sin Negocio, en la pestaña de Finanzas debe colocar el tipo de impuesto "Extranjero"
2022-12-21 11:43:20,292 DEBUG: Validacion finalizada
2022-12-21 11:43:20,292 DEBUG: Iniciando validacion
2022-12-21 11:43:20,296 DEBUG: Revisando en BD RUC: 20418453177
2022-12-21 11:43:20,355 DEBUG: Revisando ruc: 20418453177
2022-12-21 11:43:20,401 DEBUG: 20100901
2022-12-21 11:43:20,401 DEBUG: 20160201
2022-12-21 11:43:20,501 DEBUG: Comparando SUNAT con BD
2022-12-21 11:43:22,074 INFO : PL20418453177 actualizado
2022-12-21 11:43:22,082 DEBUG: Validacion finalizada
2022-12-21 11:43:22,082 INFO : Resultado: 9 correctos, 1 errores, 0 inválidos, 9 Socios Procesados -  Total Acumulado: 17
2022-12-21 11:43:22,083 INFO : RUC del 21 al 30
2022-12-21 11:43:23,393 DEBUG: Iniciando validacion
2022-12-21 11:43:23,394 DEBUG: Revisando en BD RUC: 20529921927
2022-12-21 11:43:23,459 DEBUG: Revisando ruc: 20529921927
2022-12-21 11:43:23,571 DEBUG: Comparando SUNAT con BD
2022-12-21 11:43:24,418 ERROR: Error al actualizar: CardCode-PL20529921927 - -1116: (2) bpvs:LC20 - En la pestaña Direcciones, debe llenar los campos "Calle/Número", "Distrito", "Ciudad", "Departamento" de todas las direcciones
2022-12-21 11:43:24,427 DEBUG: Validacion finalizada
2022-12-21 11:43:24,428 DEBUG: Iniciando validacion
2022-12-21 11:43:24,430 DEBUG: Revisando en BD RUC: 20502625293
2022-12-21 11:43:24,497 DEBUG: Revisando ruc: 20502625293
2022-12-21 11:43:24,600 DEBUG: Comparando SUNAT con BD
2022-12-21 11:43:25,560 INFO : PL20502625293 actualizado
2022-12-21 11:43:25,568 DEBUG: Validacion finalizada
2022-12-21 11:43:25,568 DEBUG: Iniciando validacion
2022-12-21 11:43:25,571 DEBUG: Revisando en BD RUC: 20331066703
2022-12-21 11:43:25,640 DEBUG: Revisando ruc: 20331066703
2022-12-21 11:43:25,683 DEBUG: 20020601
2022-12-21 11:43:25,778 DEBUG: Comparando SUNAT con BD
2022-12-21 11:43:26,754 INFO : PL20331066703 actualizado
2022-12-21 11:43:26,762 DEBUG: Validacion finalizada
2022-12-21 11:43:26,762 DEBUG: Iniciando validacion
2022-12-21 11:43:26,763 DEBUG: Revisando en BD RUC: 20530205852
2022-12-21 11:43:26,844 DEBUG: Revisando ruc: 20530205852
2022-12-21 11:43:26,954 DEBUG: Comparando SUNAT con BD
2022-12-21 11:43:27,952 INFO : PL20530205852 actualizado
2022-12-21 11:43:27,957 DEBUG: Validacion finalizada
2022-12-21 11:43:27,957 DEBUG: Iniciando validacion
2022-12-21 11:43:27,960 DEBUG: Revisando en BD RUC: 20602229123
2022-12-21 11:43:28,028 DEBUG: Revisando ruc: 20602229123
2022-12-21 11:43:28,144 DEBUG: Comparando SUNAT con BD
2022-12-21 11:43:29,545 INFO : PL20602229123 actualizado
2022-12-21 11:43:29,551 DEBUG: Validacion finalizada
2022-12-21 11:43:29,551 DEBUG: Iniciando validacion
2022-12-21 11:43:29,553 DEBUG: Revisando en BD RUC: 20102351038
2022-12-21 11:43:29,629 DEBUG: Revisando ruc: 20102351038
2022-12-21 11:43:29,749 DEBUG: Comparando SUNAT con BD
2022-12-21 11:43:30,702 INFO : PL20102351038 actualizado
2022-12-21 11:43:30,710 DEBUG: Validacion finalizada
2022-12-21 11:43:30,710 DEBUG: Iniciando validacion
2022-12-21 11:43:30,711 DEBUG: Revisando en BD RUC: 20603875045
2022-12-21 11:43:30,786 DEBUG: Revisando ruc: 20603875045
2022-12-21 11:43:30,912 DEBUG: Comparando SUNAT con BD
2022-12-21 11:43:31,905 INFO : CL20603875045 actualizado
2022-12-21 11:43:31,915 DEBUG: Validacion finalizada
2022-12-21 11:43:31,916 DEBUG: Iniciando validacion
2022-12-21 11:43:31,917 DEBUG: Revisando en BD RUC: 20102847670
2022-12-21 11:43:31,979 DEBUG: Revisando ruc: 20102847670
2022-12-21 11:43:32,098 DEBUG: Comparando SUNAT con BD
2022-12-21 11:43:33,320 INFO : PL20102847670 actualizado
2022-12-21 11:43:33,326 DEBUG: Validacion finalizada
2022-12-21 11:43:33,327 DEBUG: Iniciando validacion
2022-12-21 11:43:33,328 DEBUG: Revisando en BD RUC: 20385739771
2022-12-21 11:43:33,382 DEBUG: Revisando ruc: 20385739771
2022-12-21 11:43:33,400 DEBUG: 20170901
2022-12-21 11:43:33,400 DEBUG: 20140301
2022-12-21 11:43:33,491 DEBUG: Comparando SUNAT con BD
2022-12-21 11:43:39,719 INFO : PL20385739771 actualizado
2022-12-21 11:43:39,730 DEBUG: Validacion finalizada
2022-12-21 11:43:39,730 DEBUG: Iniciando validacion
2022-12-21 11:43:39,733 DEBUG: Revisando en BD RUC: 10176034683
2022-12-21 11:43:40,061 DEBUG: Revisando ruc: 10176034683
2022-12-21 11:43:41,424 DEBUG: Comparando SUNAT con BD
2022-12-21 11:43:42,850 INFO : PL10176034683 actualizado
2022-12-21 11:43:42,860 DEBUG: Validacion finalizada
2022-12-21 11:43:42,860 INFO : Resultado: 9 correctos, 1 errores, 0 inválidos, 9 Socios Procesados -  Total Acumulado: 26
2022-12-21 11:43:42,863 INFO : RUC del 31 al 40
2022-12-21 11:43:44,172 DEBUG: Iniciando validacion
2022-12-21 11:43:44,172 DEBUG: Revisando en BD RUC: 20530323626
2022-12-21 11:43:44,233 DEBUG: Revisando ruc: 20530323626
2022-12-21 11:43:44,358 DEBUG: Comparando SUNAT con BD
2022-12-21 11:43:45,352 INFO : PL20530323626 actualizado
2022-12-21 11:43:45,360 DEBUG: Validacion finalizada
2022-12-21 11:43:45,361 DEBUG: Iniciando validacion
2022-12-21 11:43:45,362 DEBUG: Revisando en BD RUC: 20600200039
2022-12-21 11:43:45,467 DEBUG: Revisando ruc: 20600200039
2022-12-21 11:43:45,607 DEBUG: Comparando SUNAT con BD
2022-12-21 11:43:46,932 INFO : PL20600200039 actualizado
2022-12-21 11:43:46,940 DEBUG: Validacion finalizada
2022-12-21 11:43:46,959 DEBUG: Iniciando validacion
2022-12-21 11:43:46,961 DEBUG: Revisando en BD RUC: 20605707328
2022-12-21 11:43:47,029 DEBUG: Revisando ruc: 20605707328
2022-12-21 11:43:47,140 DEBUG: Comparando SUNAT con BD
2022-12-21 11:43:48,378 INFO : PL20605707328 actualizado
2022-12-21 11:43:48,383 DEBUG: Validacion finalizada
2022-12-21 11:43:48,387 DEBUG: Iniciando validacion
2022-12-21 11:43:48,389 DEBUG: Revisando en BD RUC: 20601756421
2022-12-21 11:43:48,446 DEBUG: Revisando ruc: 20601756421
2022-12-21 11:43:48,559 DEBUG: Comparando SUNAT con BD
2022-12-21 11:43:49,531 INFO : PL20601756421 actualizado
2022-12-21 11:43:49,537 DEBUG: Validacion finalizada
2022-12-21 11:43:49,538 DEBUG: Iniciando validacion
2022-12-21 11:43:49,539 DEBUG: Revisando en BD RUC: 20551935508
2022-12-21 11:43:49,612 DEBUG: Revisando ruc: 20551935508
2022-12-21 11:43:49,740 DEBUG: Comparando SUNAT con BD
2022-12-21 11:43:50,696 INFO : PL20551935508 actualizado
2022-12-21 11:43:50,701 DEBUG: Validacion finalizada
2022-12-21 11:43:50,702 DEBUG: Iniciando validacion
2022-12-21 11:43:50,703 DEBUG: Revisando en BD RUC: 20505155328
2022-12-21 11:43:50,756 DEBUG: Revisando ruc: 20505155328
2022-12-21 11:43:50,868 DEBUG: Comparando SUNAT con BD
2022-12-21 11:43:51,813 INFO : PL20505155328 actualizado
2022-12-21 11:43:51,819 DEBUG: Validacion finalizada
2022-12-21 11:43:51,820 DEBUG: Iniciando validacion
2022-12-21 11:43:51,822 DEBUG: Revisando en BD RUC: 20122535917
2022-12-21 11:43:51,887 DEBUG: Revisando ruc: 20122535917
2022-12-21 11:43:51,900 DEBUG: 20180401
2022-12-21 11:43:51,987 DEBUG: Comparando SUNAT con BD
2022-12-21 11:43:52,910 INFO : PL20122535917 actualizado
2022-12-21 11:43:52,916 DEBUG: Validacion finalizada
2022-12-21 11:43:52,916 DEBUG: Iniciando validacion
2022-12-21 11:43:52,917 DEBUG: Revisando en BD RUC: 20484320188
2022-12-21 11:43:52,981 DEBUG: Revisando ruc: 20484320188
2022-12-21 11:43:53,088 DEBUG: Comparando SUNAT con BD
2022-12-21 11:43:54,215 INFO : PL20484320188 actualizado
2022-12-21 11:43:54,223 DEBUG: Validacion finalizada
2022-12-21 11:43:54,224 DEBUG: Iniciando validacion
2022-12-21 11:43:54,224 DEBUG: Revisando en BD RUC: 20479942766
2022-12-21 11:43:54,301 DEBUG: Revisando ruc: 20479942766
2022-12-21 11:43:54,456 DEBUG: Comparando SUNAT con BD
2022-12-21 11:43:55,393 INFO : PL20479942766 actualizado
2022-12-21 11:43:55,404 DEBUG: Validacion finalizada
2022-12-21 11:43:55,405 DEBUG: Iniciando validacion
2022-12-21 11:43:55,408 DEBUG: Revisando en BD RUC: 20516367670
2022-12-21 11:43:55,472 DEBUG: Revisando ruc: 20516367670
2022-12-21 11:43:55,496 DEBUG: 20130701
2022-12-21 11:43:55,590 DEBUG: Comparando SUNAT con BD
2022-12-21 11:43:56,823 INFO : PL20516367670 actualizado
2022-12-21 11:43:56,833 DEBUG: Validacion finalizada
2022-12-21 11:43:56,834 INFO : Resultado: 10 correctos, 0 errores, 0 inválidos, 10 Socios Procesados -  Total Acumulado: 36
2022-12-21 11:43:56,838 INFO : RUC del 41 al 50
2022-12-21 11:43:58,103 DEBUG: Iniciando validacion
2022-12-21 11:43:58,103 DEBUG: Revisando en BD RUC: 20602202586
2022-12-21 11:43:58,166 DEBUG: Revisando ruc: 20602202586
2022-12-21 11:43:58,279 DEBUG: Comparando SUNAT con BD
2022-12-21 11:43:59,520 INFO : PL20602202586 actualizado
2022-12-21 11:43:59,531 DEBUG: Validacion finalizada
2022-12-21 11:43:59,534 DEBUG: Iniciando validacion
2022-12-21 11:43:59,535 DEBUG: Revisando en BD RUC: 20483907223
2022-12-21 11:43:59,605 DEBUG: Revisando ruc: 20483907223
2022-12-21 11:43:59,705 DEBUG: Comparando SUNAT con BD
2022-12-21 11:44:00,665 INFO : PL20483907223 actualizado
2022-12-21 11:44:00,676 DEBUG: Validacion finalizada
2022-12-21 11:44:00,676 DEBUG: Iniciando validacion
2022-12-21 11:44:00,677 DEBUG: Revisando en BD RUC: 20602336141
2022-12-21 11:44:00,755 DEBUG: Revisando ruc: 20602336141
2022-12-21 11:44:00,917 DEBUG: Comparando SUNAT con BD
2022-12-21 11:44:01,897 INFO : PL20602336141 actualizado
2022-12-21 11:44:01,903 DEBUG: Validacion finalizada
2022-12-21 11:44:01,903 DEBUG: Iniciando validacion
2022-12-21 11:44:01,904 DEBUG: Revisando en BD RUC: 10179144919
2022-12-21 11:44:01,969 DEBUG: Revisando ruc: 10179144919
2022-12-21 11:44:02,054 DEBUG: Comparando SUNAT con BD
2022-12-21 11:44:02,755 ERROR: Error al actualizar: CardCode-PL10179144919 - -1116: (2) bpvs:LC12 - Si se trata de una Persona Natural con RUC sin Negocio, en la pestaña de Finanzas debe colocar el tipo de impuesto "Extranjero"
2022-12-21 11:44:02,762 DEBUG: Validacion finalizada
2022-12-21 11:44:02,762 DEBUG: Iniciando validacion
2022-12-21 11:44:02,763 DEBUG: Revisando en BD RUC: 20516398478
2022-12-21 11:44:02,822 DEBUG: Revisando ruc: 20516398478
2022-12-21 11:44:02,944 DEBUG: Comparando SUNAT con BD
2022-12-21 11:44:04,082 INFO : PL20516398478 actualizado
2022-12-21 11:44:04,096 DEBUG: Validacion finalizada
2022-12-21 11:44:04,109 DEBUG: Iniciando validacion
2022-12-21 11:44:04,111 DEBUG: Revisando en BD RUC: 20511445389
2022-12-21 11:44:04,165 DEBUG: Revisando ruc: 20511445389
2022-12-21 11:44:04,214 DEBUG: 20140301
2022-12-21 11:44:04,334 DEBUG: Comparando SUNAT con BD
2022-12-21 11:44:05,284 ERROR: Error al actualizar: CardCode-PL20511445389 - -1116: (2) bpvs:LC20 - En la pestaña Direcciones, debe llenar los campos "Calle/Número", "Distrito", "Ciudad", "Departamento" de todas las direcciones
2022-12-21 11:44:05,293 DEBUG: Validacion finalizada
2022-12-21 11:44:05,293 DEBUG: Iniciando validacion
2022-12-21 11:44:05,295 DEBUG: Revisando en BD RUC: 10179036857
2022-12-21 11:44:05,361 DEBUG: Revisando ruc: 10179036857
2022-12-21 11:44:05,445 DEBUG: Comparando SUNAT con BD
2022-12-21 11:44:06,272 ERROR: Error al actualizar: CardCode-PL10179036857 - -1116: (2) bpvs:LC20 - En la pestaña Direcciones, debe llenar los campos "Calle/Número", "Distrito", "Ciudad", "Departamento" de todas las direcciones
2022-12-21 11:44:06,281 DEBUG: Validacion finalizada
2022-12-21 11:44:06,281 DEBUG: Iniciando validacion
2022-12-21 11:44:06,285 DEBUG: Revisando en BD RUC: 20481382417
2022-12-21 11:44:06,361 DEBUG: Revisando ruc: 20481382417
2022-12-21 11:44:06,494 DEBUG: Comparando SUNAT con BD
2022-12-21 11:44:08,176 INFO : PL20481382417 actualizado
2022-12-21 11:44:08,188 DEBUG: Validacion finalizada
2022-12-21 11:44:08,188 DEBUG: Iniciando validacion
2022-12-21 11:44:08,190 DEBUG: Revisando en BD RUC: 10178205388
2022-12-21 11:44:08,259 DEBUG: Revisando ruc: 10178205388
2022-12-21 11:44:08,342 DEBUG: Comparando SUNAT con BD
2022-12-21 11:44:09,538 INFO : PL10178205388 actualizado
2022-12-21 11:44:09,544 DEBUG: Validacion finalizada
2022-12-21 11:44:09,545 DEBUG: Iniciando validacion
2022-12-21 11:44:09,546 DEBUG: Revisando en BD RUC: 20601906610
2022-12-21 11:44:09,599 DEBUG: Revisando ruc: 20601906610
2022-12-21 11:44:09,717 DEBUG: Comparando SUNAT con BD
2022-12-21 11:44:10,746 INFO : PL20601906610 actualizado
2022-12-21 11:44:10,754 DEBUG: Validacion finalizada
2022-12-21 11:44:10,755 INFO : Resultado: 7 correctos, 3 errores, 0 inválidos, 7 Socios Procesados -  Total Acumulado: 43
2022-12-21 11:44:10,756 INFO : RUC del 51 al 60
2022-12-21 11:44:12,238 DEBUG: Iniciando validacion
2022-12-21 11:44:12,239 DEBUG: Revisando en BD RUC: 20600300076
2022-12-21 11:44:12,289 DEBUG: Revisando ruc: 20600300076
2022-12-21 11:44:12,439 DEBUG: Comparando SUNAT con BD
2022-12-21 11:44:15,450 INFO : PL20600300076 actualizado
2022-12-21 11:44:15,455 DEBUG: Validacion finalizada
2022-12-21 11:44:15,456 DEBUG: Iniciando validacion
2022-12-21 11:44:15,456 DEBUG: Revisando en BD RUC: 20451555104
2022-12-21 11:44:15,505 DEBUG: Revisando ruc: 20451555104
2022-12-21 11:44:15,623 DEBUG: Comparando SUNAT con BD
2022-12-21 11:44:20,284 INFO : PL20451555104 actualizado
2022-12-21 11:44:20,289 DEBUG: Validacion finalizada
2022-12-21 11:44:20,290 DEBUG: Iniciando validacion
2022-12-21 11:44:20,291 DEBUG: Revisando en BD RUC: 20525286071
2022-12-21 11:44:20,352 DEBUG: Revisando ruc: 20525286071
2022-12-21 11:44:20,462 DEBUG: Comparando SUNAT con BD
2022-12-21 11:44:21,410 INFO : PL20525286071 actualizado
2022-12-21 11:44:21,415 DEBUG: Validacion finalizada
2022-12-21 11:44:21,415 DEBUG: Iniciando validacion
2022-12-21 11:44:21,416 DEBUG: Revisando en BD RUC: 20480214502
2022-12-21 11:44:21,474 DEBUG: Revisando ruc: 20480214502
2022-12-21 11:44:21,624 DEBUG: Comparando SUNAT con BD
2022-12-21 11:44:22,990 INFO : PL20480214502 actualizado
2022-12-21 11:44:22,996 DEBUG: Validacion finalizada
2022-12-21 11:44:22,997 DEBUG: Iniciando validacion
2022-12-21 11:44:22,997 DEBUG: Revisando en BD RUC: 20529751665
2022-12-21 11:44:23,057 DEBUG: Revisando ruc: 20529751665
2022-12-21 11:44:23,164 DEBUG: Comparando SUNAT con BD
2022-12-21 11:44:24,322 INFO : PL20529751665 actualizado
2022-12-21 11:44:24,327 DEBUG: Validacion finalizada
2022-12-21 11:44:24,327 DEBUG: Iniciando validacion
2022-12-21 11:44:24,328 DEBUG: Revisando en BD RUC: 20601656095
2022-12-21 11:44:24,382 DEBUG: Revisando ruc: 20601656095
2022-12-21 11:44:24,488 DEBUG: Comparando SUNAT con BD
2022-12-21 11:44:25,444 INFO : PL20601656095 actualizado
2022-12-21 11:44:25,450 DEBUG: Validacion finalizada
2022-12-21 11:44:25,451 DEBUG: Iniciando validacion
2022-12-21 11:44:25,451 DEBUG: Revisando en BD RUC: 20603766891
2022-12-21 11:44:25,506 DEBUG: Revisando ruc: 20603766891
2022-12-21 11:44:25,653 DEBUG: Comparando SUNAT con BD
2022-12-21 11:44:26,917 INFO : PL20603766891 actualizado
2022-12-21 11:44:26,923 DEBUG: Validacion finalizada
2022-12-21 11:44:26,924 DEBUG: Iniciando validacion
2022-12-21 11:44:26,925 DEBUG: Revisando en BD RUC: 10026061976
2022-12-21 11:44:26,980 DEBUG: Revisando ruc: 10026061976
2022-12-21 11:44:27,063 DEBUG: Comparando SUNAT con BD
2022-12-21 11:44:28,028 ERROR: Error al actualizar: CardCode-PL10026061976 - -1116: (2) bpvs:LC20 - En la pestaña Direcciones, debe llenar los campos "Calle/Número", "Distrito", "Ciudad", "Departamento" de todas las direcciones
2022-12-21 11:44:28,037 DEBUG: Validacion finalizada
2022-12-21 11:44:28,038 DEBUG: Iniciando validacion
2022-12-21 11:44:28,038 DEBUG: Revisando en BD RUC: 20337093826
2022-12-21 11:44:28,110 DEBUG: Revisando ruc: 20337093826
2022-12-21 11:44:28,219 DEBUG: Comparando SUNAT con BD
2022-12-21 11:44:29,181 INFO : PL20337093826 actualizado
2022-12-21 11:44:29,191 DEBUG: Validacion finalizada
2022-12-21 11:44:29,191 DEBUG: Iniciando validacion
2022-12-21 11:44:29,193 DEBUG: Revisando en BD RUC: 20546867731
2022-12-21 11:44:29,261 DEBUG: Revisando ruc: 20546867731
2022-12-21 11:44:29,277 DEBUG: 20191201
2022-12-21 11:44:29,378 DEBUG: Comparando SUNAT con BD
2022-12-21 11:44:30,596 INFO : PL20546867731 actualizado
2022-12-21 11:44:30,601 DEBUG: Validacion finalizada
2022-12-21 11:44:30,601 INFO : Resultado: 9 correctos, 1 errores, 0 inválidos, 9 Socios Procesados -  Total Acumulado: 52
2022-12-21 11:44:30,603 INFO : RUC del 61 al 70
2022-12-21 11:44:32,480 DEBUG: Iniciando validacion
2022-12-21 11:44:32,481 DEBUG: Revisando en BD RUC: 20441487143
2022-12-21 11:44:32,993 DEBUG: Revisando ruc: 20441487143
2022-12-21 11:44:33,132 DEBUG: Comparando SUNAT con BD
2022-12-21 11:44:34,377 INFO : PL20441487143 actualizado
2022-12-21 11:44:34,384 DEBUG: Validacion finalizada
2022-12-21 11:44:34,385 DEBUG: Iniciando validacion
2022-12-21 11:44:34,386 DEBUG: Revisando en BD RUC: 20453884091
2022-12-21 11:44:34,456 DEBUG: Revisando ruc: 20453884091
2022-12-21 11:44:34,570 DEBUG: Comparando SUNAT con BD
2022-12-21 11:44:35,820 INFO : PL20453884091 actualizado
2022-12-21 11:44:35,825 DEBUG: Validacion finalizada
2022-12-21 11:44:35,826 DEBUG: Iniciando validacion
2022-12-21 11:44:35,826 DEBUG: Revisando en BD RUC: 20524698057
2022-12-21 11:44:35,942 DEBUG: Revisando ruc: 20524698057
2022-12-21 11:44:36,074 DEBUG: Comparando SUNAT con BD
2022-12-21 11:44:37,170 INFO : PL20524698057 actualizado
2022-12-21 11:44:37,175 DEBUG: Validacion finalizada
2022-12-21 11:44:37,176 DEBUG: Iniciando validacion
2022-12-21 11:44:37,177 DEBUG: Revisando en BD RUC: 20515010476
2022-12-21 11:44:37,248 DEBUG: Revisando ruc: 20515010476
2022-12-21 11:44:37,355 DEBUG: Comparando SUNAT con BD
2022-12-21 11:44:38,664 INFO : PL20515010476 actualizado
2022-12-21 11:44:38,671 DEBUG: Validacion finalizada
2022-12-21 11:44:38,672 DEBUG: Iniciando validacion
2022-12-21 11:44:38,672 DEBUG: Revisando en BD RUC: 10178449813
2022-12-21 11:44:38,728 DEBUG: Revisando ruc: 10178449813
2022-12-21 11:44:38,809 DEBUG: Comparando SUNAT con BD
2022-12-21 11:44:39,483 ERROR: Error al actualizar: CardCode-PL10178449813 - -1116: (2) bpvs:LC12 - Si se trata de una Persona Natural con RUC sin Negocio, en la pestaña de Finanzas debe colocar el tipo de impuesto "Extranjero"
2022-12-21 11:44:39,492 DEBUG: Validacion finalizada
2022-12-21 11:44:39,492 DEBUG: Iniciando validacion
2022-12-21 11:44:39,497 DEBUG: Revisando en BD RUC: 20603596294
2022-12-21 11:44:39,560 DEBUG: Revisando ruc: 20603596294
2022-12-21 11:44:39,573 DEBUG: 20220201
2022-12-21 11:44:39,677 DEBUG: Comparando SUNAT con BD
2022-12-21 11:44:40,767 INFO : PL20603596294 actualizado
2022-12-21 11:44:40,773 DEBUG: Validacion finalizada
2022-12-21 11:44:40,773 DEBUG: Iniciando validacion
2022-12-21 11:44:40,774 DEBUG: Revisando en BD RUC: 20601128617
2022-12-21 11:44:40,846 DEBUG: Revisando ruc: 20601128617
2022-12-21 11:44:40,874 DEBUG: 20180901
2022-12-21 11:44:40,980 DEBUG: Comparando SUNAT con BD
2022-12-21 11:44:42,340 INFO : PL20601128617 actualizado
2022-12-21 11:44:42,346 DEBUG: Validacion finalizada
2022-12-21 11:44:42,347 DEBUG: Iniciando validacion
2022-12-21 11:44:42,347 DEBUG: Revisando en BD RUC: 20601158290
2022-12-21 11:44:42,403 DEBUG: Revisando ruc: 20601158290
2022-12-21 11:44:42,512 DEBUG: Comparando SUNAT con BD
2022-12-21 11:44:43,589 INFO : PL20601158290 actualizado
2022-12-21 11:44:43,600 DEBUG: Validacion finalizada
2022-12-21 11:44:43,601 DEBUG: Iniciando validacion
2022-12-21 11:44:43,603 DEBUG: Revisando en BD RUC: 20100027021
2022-12-21 11:44:43,667 DEBUG: Revisando ruc: 20100027021
2022-12-21 11:44:43,684 DEBUG: 20051001
2022-12-21 11:44:43,780 DEBUG: Comparando SUNAT con BD
2022-12-21 11:44:44,732 ERROR: Error al actualizar: CardCode-PL20100027021 - -1116: (2) bpvs:LC20 - En la pestaña Direcciones, debe llenar los campos "Calle/Número", "Distrito", "Ciudad", "Departamento" de todas las direcciones
2022-12-21 11:44:44,740 DEBUG: Validacion finalizada
2022-12-21 11:44:44,741 DEBUG: Iniciando validacion
2022-12-21 11:44:44,742 DEBUG: Revisando en BD RUC: 10026075926
2022-12-21 11:44:44,822 DEBUG: Revisando ruc: 10026075926
2022-12-21 11:44:44,904 DEBUG: Comparando SUNAT con BD
2022-12-21 11:44:45,832 INFO : PL10026075926 actualizado
2022-12-21 11:44:45,842 DEBUG: Validacion finalizada
2022-12-21 11:44:45,843 INFO : Resultado: 8 correctos, 2 errores, 0 inválidos, 8 Socios Procesados -  Total Acumulado: 60
2022-12-21 11:44:45,844 INFO : RUC del 71 al 80
2022-12-21 11:44:46,994 DEBUG: Iniciando validacion
2022-12-21 11:44:46,998 DEBUG: Revisando en BD RUC: 10026080687
2022-12-21 11:44:47,069 DEBUG: Revisando ruc: 10026080687
2022-12-21 11:44:47,159 DEBUG: Comparando SUNAT con BD
2022-12-21 11:44:47,847 ERROR: Error al actualizar: CardCode-PL10026080687 - -1116: (2) bpvs:LC12 - Si se trata de una Persona Natural con RUC sin Negocio, en la pestaña de Finanzas debe colocar el tipo de impuesto "Extranjero"
2022-12-21 11:44:47,855 DEBUG: Validacion finalizada
2022-12-21 11:44:47,856 DEBUG: Iniciando validacion
2022-12-21 11:44:47,856 DEBUG: Revisando en BD RUC: 20608653351
2022-12-21 11:44:47,921 DEBUG: Revisando ruc: 20608653351
2022-12-21 11:44:48,030 DEBUG: Comparando SUNAT con BD
2022-12-21 11:44:49,194 INFO : PL20608653351 actualizado
2022-12-21 11:44:49,199 DEBUG: Validacion finalizada
2022-12-21 11:44:49,199 DEBUG: Iniciando validacion
2022-12-21 11:44:49,200 DEBUG: Revisando en BD RUC: 10026082698
2022-12-21 11:44:49,264 DEBUG: Revisando ruc: 10026082698
2022-12-21 11:44:49,264 DEBUG: 20021001
2022-12-21 11:44:49,343 DEBUG: Comparando SUNAT con BD
2022-12-21 11:44:49,971 ERROR: Error al actualizar: CardCode-PL10026082698 - -1116: (2) bpvs:LC12 - Si se trata de una Persona Natural con RUC sin Negocio, en la pestaña de Finanzas debe colocar el tipo de impuesto "Extranjero"
2022-12-21 11:44:49,978 DEBUG: Validacion finalizada
2022-12-21 11:44:49,979 DEBUG: Iniciando validacion
2022-12-21 11:44:49,980 DEBUG: Revisando en BD RUC: 10026338668
2022-12-21 11:44:50,048 DEBUG: Revisando ruc: 10026338668
2022-12-21 11:44:50,126 DEBUG: Comparando SUNAT con BD
2022-12-21 11:44:51,039 INFO : PL10026338668 actualizado
2022-12-21 11:44:51,048 DEBUG: Validacion finalizada
2022-12-21 11:44:51,049 DEBUG: Iniciando validacion
2022-12-21 11:44:51,051 DEBUG: Revisando en BD RUC: 20295613620
2022-12-21 11:44:51,125 DEBUG: Revisando ruc: 20295613620
2022-12-21 11:44:51,184 DEBUG: 20020601
2022-12-21 11:44:51,289 DEBUG: Comparando SUNAT con BD
2022-12-21 11:44:52,073 ERROR: Error al actualizar: CardCode-PL20295613620 - -1116: (2) bpvs:LC20 - En la pestaña Direcciones, debe llenar los campos "Calle/Número", "Distrito", "Ciudad", "Departamento" de todas las direcciones
2022-12-21 11:44:52,080 DEBUG: Validacion finalizada
2022-12-21 11:44:52,081 DEBUG: Iniciando validacion
2022-12-21 11:44:52,081 DEBUG: Revisando en BD RUC: 10026300679
2022-12-21 11:44:52,133 DEBUG: Revisando ruc: 10026300679
2022-12-21 11:44:52,216 DEBUG: Comparando SUNAT con BD
2022-12-21 11:44:52,870 ERROR: Error al actualizar: CardCode-PL10026300679 - -1116: (2) bpvs:LC12 - Si se trata de una Persona Natural con RUC sin Negocio, en la pestaña de Finanzas debe colocar el tipo de impuesto "Extranjero"
2022-12-21 11:44:52,876 DEBUG: Validacion finalizada
2022-12-21 11:44:52,877 DEBUG: Iniciando validacion
2022-12-21 11:44:52,877 DEBUG: Revisando en BD RUC: 20314727500
2022-12-21 11:44:52,935 DEBUG: Revisando ruc: 20314727500
2022-12-21 11:44:53,045 DEBUG: Comparando SUNAT con BD
2022-12-21 11:44:54,628 INFO : PL20314727500 actualizado
2022-12-21 11:44:54,638 DEBUG: Validacion finalizada
2022-12-21 11:44:54,638 DEBUG: Iniciando validacion
2022-12-21 11:44:54,642 DEBUG: Revisando en BD RUC: 20290308802
2022-12-21 11:44:54,696 DEBUG: Revisando ruc: 20290308802
2022-12-21 11:44:54,807 DEBUG: Comparando SUNAT con BD
2022-12-21 11:44:56,276 INFO : PL20290308802 actualizado
2022-12-21 11:44:56,282 DEBUG: Validacion finalizada
2022-12-21 11:44:56,282 DEBUG: Iniciando validacion
2022-12-21 11:44:56,284 DEBUG: Revisando en BD RUC: 20481997390
2022-12-21 11:44:56,349 DEBUG: Revisando ruc: 20481997390
2022-12-21 11:44:56,462 DEBUG: Comparando SUNAT con BD
2022-12-21 11:44:57,406 INFO : PL20481997390 actualizado
2022-12-21 11:44:57,417 DEBUG: Validacion finalizada
2022-12-21 11:44:57,418 DEBUG: Iniciando validacion
2022-12-21 11:44:57,419 DEBUG: Revisando en BD RUC: 20602310567
2022-12-21 11:44:57,483 DEBUG: Revisando ruc: 20602310567
2022-12-21 11:44:57,585 DEBUG: Comparando SUNAT con BD
2022-12-21 11:44:59,651 INFO : PL20602310567 actualizado
2022-12-21 11:44:59,661 DEBUG: Validacion finalizada
2022-12-21 11:44:59,661 INFO : Resultado: 6 correctos, 4 errores, 0 inválidos, 6 Socios Procesados -  Total Acumulado: 66
2022-12-21 11:44:59,664 INFO : RUC del 81 al 90
2022-12-21 11:45:01,208 DEBUG: Iniciando validacion
2022-12-21 11:45:01,208 DEBUG: Revisando en BD RUC: 20479813877
2022-12-21 11:45:01,264 DEBUG: Revisando ruc: 20479813877
2022-12-21 11:45:01,313 DEBUG: 20160901
2022-12-21 11:45:01,403 DEBUG: Comparando SUNAT con BD
2022-12-21 11:45:02,598 INFO : PL20479813877 actualizado
2022-12-21 11:45:02,627 DEBUG: Revisando ruc: 20479813877
2022-12-21 11:45:02,653 DEBUG: 20160901
2022-12-21 11:45:02,743 DEBUG: Comparando SUNAT con BD
2022-12-21 11:45:03,265 ERROR: Error al actualizar: CardCode-CL20479813877 - -1116: (2) bpvs:LC02 - El código de Impuesto de la Dirección de Almacén debe ser el mismo para todas las direcciones.
2022-12-21 11:45:03,271 DEBUG: Validacion finalizada
2022-12-21 11:45:03,271 DEBUG: Iniciando validacion
2022-12-21 11:45:03,272 DEBUG: Revisando en BD RUC: 10062029361
2022-12-21 11:45:03,340 DEBUG: Revisando ruc: 10062029361
2022-12-21 11:45:03,416 DEBUG: Comparando SUNAT con BD
2022-12-21 11:45:04,046 ERROR: Error al actualizar: CardCode-PL10062029361 - -1116: (2) bpvs:LC12 - Si se trata de una Persona Natural con RUC sin Negocio, en la pestaña de Finanzas debe colocar el tipo de impuesto "Extranjero"
2022-12-21 11:45:04,053 DEBUG: Validacion finalizada
2022-12-21 11:45:04,054 DEBUG: Iniciando validacion
2022-12-21 11:45:04,055 DEBUG: Revisando en BD RUC: 20483813831
2022-12-21 11:45:04,119 DEBUG: Revisando ruc: 20483813831
2022-12-21 11:45:04,236 DEBUG: Comparando SUNAT con BD
2022-12-21 11:45:05,391 INFO : PL20483813831 actualizado
2022-12-21 11:45:05,401 DEBUG: Validacion finalizada
2022-12-21 11:45:05,402 DEBUG: Iniciando validacion
2022-12-21 11:45:05,402 DEBUG: Revisando en BD RUC: 10709291578
2022-12-21 11:45:05,462 DEBUG: Revisando ruc: 10709291578
2022-12-21 11:45:05,553 DEBUG: Comparando SUNAT con BD
2022-12-21 11:45:06,477 INFO : PL10709291578 actualizado
2022-12-21 11:45:06,483 DEBUG: Validacion finalizada
2022-12-21 11:45:06,484 DEBUG: Iniciando validacion
2022-12-21 11:45:06,487 DEBUG: Revisando en BD RUC: 20480353022
2022-12-21 11:45:06,545 DEBUG: Revisando ruc: 20480353022
2022-12-21 11:45:06,649 DEBUG: Comparando SUNAT con BD
2022-12-21 11:45:07,501 ERROR: Error al actualizar: CardCode-PL20480353022 - -1116: (2) bpvs:LC20 - En la pestaña Direcciones, debe llenar los campos "Calle/Número", "Distrito", "Ciudad", "Departamento" de todas las direcciones
2022-12-21 11:45:07,508 DEBUG: Validacion finalizada
2022-12-21 11:45:07,508 DEBUG: Iniciando validacion
2022-12-21 11:45:07,510 DEBUG: Revisando en BD RUC: 20514307432
2022-12-21 11:45:07,573 DEBUG: Revisando ruc: 20514307432
2022-12-21 11:45:07,690 DEBUG: Comparando SUNAT con BD
2022-12-21 11:45:08,666 ERROR: Error al actualizar: CardCode-PL20514307432 - -1116: (2) bpvs:LC20 - En la pestaña Direcciones, debe llenar los campos "Calle/Número", "Distrito", "Ciudad", "Departamento" de todas las direcciones
2022-12-21 11:45:08,673 DEBUG: Validacion finalizada
2022-12-21 11:45:08,673 DEBUG: Iniciando validacion
2022-12-21 11:45:08,674 DEBUG: Revisando en BD RUC: 20600695291
2022-12-21 11:45:08,733 DEBUG: Revisando ruc: 20600695291
2022-12-21 11:45:08,839 DEBUG: Comparando SUNAT con BD
2022-12-21 11:45:10,212 INFO : PL20600695291 actualizado
2022-12-21 11:45:10,217 DEBUG: Validacion finalizada
2022-12-21 11:45:10,217 DEBUG: Iniciando validacion
2022-12-21 11:45:10,219 DEBUG: Revisando en BD RUC: 10721963182
2022-12-21 11:45:10,275 DEBUG: Revisando ruc: 10721963182
2022-12-21 11:45:10,360 DEBUG: Comparando SUNAT con BD
2022-12-21 11:45:11,047 ERROR: Error al actualizar: CardCode-PL10721963182 - -1116: (2) bpvs:LC12 - Si se trata de una Persona Natural con RUC sin Negocio, en la pestaña de Finanzas debe colocar el tipo de impuesto "Extranjero"
2022-12-21 11:45:11,055 DEBUG: Validacion finalizada
2022-12-21 11:45:11,055 DEBUG: Iniciando validacion
2022-12-21 11:45:11,058 DEBUG: Revisando en BD RUC: 20526568185
2022-12-21 11:45:11,123 DEBUG: Revisando ruc: 20526568185
2022-12-21 11:45:11,232 DEBUG: Comparando SUNAT con BD
2022-12-21 11:45:12,167 INFO : PL20526568185 actualizado
2022-12-21 11:45:12,174 DEBUG: Validacion finalizada
2022-12-21 11:45:12,174 DEBUG: Iniciando validacion
2022-12-21 11:45:12,176 DEBUG: Revisando en BD RUC: 10724904187
2022-12-21 11:45:12,229 DEBUG: Revisando ruc: 10724904187
2022-12-21 11:45:12,320 DEBUG: Comparando SUNAT con BD
2022-12-21 11:45:13,222 ERROR: Error al actualizar: CardCode-PL10724904187 - -1116: (2) bpvs:LC18 - Debe registrar por lo menos una dirección de almacén
2022-12-21 11:45:13,227 DEBUG: Validacion finalizada
2022-12-21 11:45:13,228 INFO : Resultado: 4 correctos, 6 errores, 0 inválidos, 5 Socios Procesados -  Total Acumulado: 71
2022-12-21 11:45:13,229 INFO : RUC del 91 al 100
2022-12-21 11:45:15,208 DEBUG: Iniciando validacion
2022-12-21 11:45:15,208 DEBUG: Revisando en BD RUC: 20525673431
2022-12-21 11:45:15,269 DEBUG: Revisando ruc: 20525673431
2022-12-21 11:45:15,403 DEBUG: Comparando SUNAT con BD
2022-12-21 11:45:16,584 ERROR: Error al actualizar: CardCode-PL20525673431 - -1116: (2) bpvs:LC20 - En la pestaña Direcciones, debe llenar los campos "Calle/Número", "Distrito", "Ciudad", "Departamento" de todas las direcciones
2022-12-21 11:45:16,591 DEBUG: Validacion finalizada
2022-12-21 11:45:16,592 DEBUG: Iniciando validacion
2022-12-21 11:45:16,592 DEBUG: Revisando en BD RUC: 20600928831
2022-12-21 11:45:16,658 DEBUG: Revisando ruc: 20600928831
2022-12-21 11:45:16,761 DEBUG: Comparando SUNAT con BD
2022-12-21 11:45:17,905 INFO : PL20600928831 actualizado
2022-12-21 11:45:17,916 DEBUG: Validacion finalizada
2022-12-21 11:45:17,917 DEBUG: Iniciando validacion
2022-12-21 11:45:17,919 DEBUG: Revisando en BD RUC: 20108475081
2022-12-21 11:45:18,007 DEBUG: Revisando ruc: 20108475081
2022-12-21 11:45:18,058 DEBUG: 20160201
2022-12-21 11:45:18,163 DEBUG: Comparando SUNAT con BD
2022-12-21 11:45:19,446 INFO : PL20108475081 actualizado
2022-12-21 11:45:19,451 DEBUG: Validacion finalizada
2022-12-21 11:45:19,451 DEBUG: Iniciando validacion
2022-12-21 11:45:19,452 DEBUG: Revisando en BD RUC: 10706688167
2022-12-21 11:45:19,508 DEBUG: Revisando ruc: 10706688167
2022-12-21 11:45:19,590 DEBUG: Comparando SUNAT con BD
2022-12-21 11:45:20,516 INFO : PL10706688167 actualizado
2022-12-21 11:45:20,522 DEBUG: Validacion finalizada
2022-12-21 11:45:20,522 DEBUG: Iniciando validacion
2022-12-21 11:45:20,531 DEBUG: Revisando en BD RUC: 10082420822
2022-12-21 11:45:20,589 DEBUG: Revisando ruc: 10082420822
2022-12-21 11:45:20,669 DEBUG: Comparando SUNAT con BD
2022-12-21 11:45:21,502 ERROR: Error al actualizar: CardCode-PL10082420822 - -1116: (2) bpvs:LC12 - Si se trata de una Persona Natural con RUC sin Negocio, en la pestaña de Finanzas debe colocar el tipo de impuesto "Extranjero"
2022-12-21 11:45:21,511 DEBUG: Validacion finalizada
2022-12-21 11:45:21,513 DEBUG: Iniciando validacion
2022-12-21 11:45:21,514 DEBUG: Revisando en BD RUC: 20601732212
2022-12-21 11:45:21,577 DEBUG: Revisando ruc: 20601732212
2022-12-21 11:45:21,679 DEBUG: Comparando SUNAT con BD
2022-12-21 11:45:22,798 INFO : PL20601732212 actualizado
2022-12-21 11:45:22,806 DEBUG: Validacion finalizada
2022-12-21 11:45:22,806 DEBUG: Iniciando validacion
2022-12-21 11:45:22,808 DEBUG: Revisando en BD RUC: 20483923342
2022-12-21 11:45:22,875 DEBUG: Revisando ruc: 20483923342
2022-12-21 11:45:22,973 DEBUG: Comparando SUNAT con BD
2022-12-21 11:45:23,912 INFO : PL20483923342 actualizado
2022-12-21 11:45:23,921 DEBUG: Validacion finalizada
2022-12-21 11:45:23,921 DEBUG: Iniciando validacion
2022-12-21 11:45:23,923 DEBUG: Revisando en BD RUC: 20117332714
2022-12-21 11:45:23,982 DEBUG: Revisando ruc: 20117332714
2022-12-21 11:45:24,097 DEBUG: Comparando SUNAT con BD
2022-12-21 11:45:25,576 INFO : PL20117332714 actualizado
2022-12-21 11:45:25,583 DEBUG: Validacion finalizada
2022-12-21 11:45:25,586 DEBUG: Iniciando validacion
2022-12-21 11:45:25,590 DEBUG: Revisando en BD RUC: 20525265405
2022-12-21 11:45:25,655 DEBUG: Revisando ruc: 20525265405
2022-12-21 11:45:25,669 DEBUG: 20180901
2022-12-21 11:45:25,763 DEBUG: Comparando SUNAT con BD
2022-12-21 11:45:27,021 INFO : PL20525265405 actualizado
2022-12-21 11:45:27,026 DEBUG: Validacion finalizada
2022-12-21 11:45:27,026 DEBUG: Iniciando validacion
2022-12-21 11:45:27,028 DEBUG: Revisando en BD RUC: 20483608668
2022-12-21 11:45:27,089 DEBUG: Revisando ruc: 20483608668
2022-12-21 11:45:27,185 DEBUG: Comparando SUNAT con BD
2022-12-21 11:45:28,157 INFO : PL20483608668 actualizado
2022-12-21 11:45:28,167 DEBUG: Validacion finalizada
2022-12-21 11:45:28,168 INFO : Resultado: 8 correctos, 2 errores, 0 inválidos, 8 Socios Procesados -  Total Acumulado: 79
2022-12-21 11:45:28,169 INFO : RUC del 101 al 110
2022-12-21 11:45:29,840 DEBUG: Iniciando validacion
2022-12-21 11:45:29,840 DEBUG: Revisando en BD RUC: 10061923565
2022-12-21 11:45:29,899 DEBUG: Revisando ruc: 10061923565
2022-12-21 11:45:29,975 DEBUG: Comparando SUNAT con BD
2022-12-21 11:45:30,951 INFO : PL10061923565 actualizado
2022-12-21 11:45:30,959 DEBUG: Validacion finalizada
2022-12-21 11:45:30,960 DEBUG: Iniciando validacion
2022-12-21 11:45:30,961 DEBUG: Revisando en BD RUC: 20547530552
2022-12-21 11:45:31,024 DEBUG: Revisando ruc: 20547530552
2022-12-21 11:45:31,044 DEBUG: 20170601
2022-12-21 11:45:31,139 DEBUG: Comparando SUNAT con BD
2022-12-21 11:45:32,091 INFO : PL20547530552 actualizado
2022-12-21 11:45:32,096 DEBUG: Validacion finalizada
2022-12-21 11:45:32,096 DEBUG: Iniciando validacion
2022-12-21 11:45:32,097 DEBUG: Revisando en BD RUC: 20602362656
2022-12-21 11:45:32,150 DEBUG: Revisando ruc: 20602362656
2022-12-21 11:45:32,264 DEBUG: Comparando SUNAT con BD
2022-12-21 11:45:33,209 INFO : PL20602362656 actualizado
2022-12-21 11:45:33,217 DEBUG: Validacion finalizada
2022-12-21 11:45:33,217 DEBUG: Iniciando validacion
2022-12-21 11:45:33,219 DEBUG: Revisando en BD RUC: 20600135563
2022-12-21 11:45:33,281 DEBUG: Revisando ruc: 20600135563
2022-12-21 11:45:33,388 DEBUG: Comparando SUNAT con BD
2022-12-21 11:45:34,251 ERROR: Error al actualizar: CardCode-PL20600135563 - -1116: (2) bpvs:LC20 - En la pestaña Direcciones, debe llenar los campos "Calle/Número", "Distrito", "Ciudad", "Departamento" de todas las direcciones
2022-12-21 11:45:34,265 DEBUG: Validacion finalizada
2022-12-21 11:45:34,266 DEBUG: Iniciando validacion
2022-12-21 11:45:34,270 DEBUG: Revisando en BD RUC: 20144341512
2022-12-21 11:45:34,328 DEBUG: Revisando ruc: 20144341512
2022-12-21 11:45:34,432 DEBUG: Comparando SUNAT con BD
2022-12-21 11:45:35,540 INFO : PL20144341512 actualizado
2022-12-21 11:45:35,549 DEBUG: Validacion finalizada
2022-12-21 11:45:35,550 DEBUG: Iniciando validacion
2022-12-21 11:45:35,551 DEBUG: Revisando en BD RUC: 20601602653
2022-12-21 11:45:35,605 DEBUG: Revisando ruc: 20601602653
2022-12-21 11:45:35,715 DEBUG: Comparando SUNAT con BD
2022-12-21 11:45:36,772 INFO : PL20601602653 actualizado
2022-12-21 11:45:36,777 DEBUG: Validacion finalizada
2022-12-21 11:45:36,777 DEBUG: Iniciando validacion
2022-12-21 11:45:36,779 DEBUG: Revisando en BD RUC: 20483894814
2022-12-21 11:45:36,842 DEBUG: Revisando ruc: 20483894814
2022-12-21 11:45:36,858 DEBUG: 20110501
2022-12-21 11:45:36,859 DEBUG: 20160201
2022-12-21 11:45:36,966 DEBUG: Comparando SUNAT con BD
2022-12-21 11:45:37,838 ERROR: Error al actualizar: CardCode-PL20483894814 - -1116: (2) bpvs:LC20 - En la pestaña Direcciones, debe llenar los campos "Calle/Número", "Distrito", "Ciudad", "Departamento" de todas las direcciones
2022-12-21 11:45:37,870 DEBUG: Revisando ruc: 20483894814
2022-12-21 11:45:37,889 DEBUG: 20110501
2022-12-21 11:45:37,889 DEBUG: 20160201
2022-12-21 11:45:37,976 DEBUG: Comparando SUNAT con BD
2022-12-21 11:45:38,922 INFO : CLECLOSACL actualizado
2022-12-21 11:45:38,931 DEBUG: Validacion finalizada
2022-12-21 11:45:38,931 DEBUG: Iniciando validacion
2022-12-21 11:45:38,932 DEBUG: Revisando en BD RUC: 20555962984
2022-12-21 11:45:38,998 DEBUG: Revisando ruc: 20555962984
2022-12-21 11:45:39,115 DEBUG: Comparando SUNAT con BD
2022-12-21 11:45:40,752 INFO : PL20555962984 actualizado
2022-12-21 11:45:40,760 DEBUG: Validacion finalizada
2022-12-21 11:45:40,760 DEBUG: Iniciando validacion
2022-12-21 11:45:40,762 DEBUG: Revisando en BD RUC: 10772441083
2022-12-21 11:45:40,826 DEBUG: Revisando ruc: 10772441083
2022-12-21 11:45:40,911 DEBUG: Comparando SUNAT con BD
2022-12-21 11:45:41,573 ERROR: Error al actualizar: CardCode-PL10772441083 - -1116: (2) bpvs:LC12 - Si se trata de una Persona Natural con RUC sin Negocio, en la pestaña de Finanzas debe colocar el tipo de impuesto "Extranjero"
2022-12-21 11:45:41,579 DEBUG: Validacion finalizada
2022-12-21 11:45:41,580 DEBUG: Iniciando validacion
2022-12-21 11:45:41,581 DEBUG: Revisando en BD RUC: 10729435185
2022-12-21 11:45:41,634 DEBUG: Revisando ruc: 10729435185
2022-12-21 11:45:41,715 DEBUG: Comparando SUNAT con BD
2022-12-21 11:45:42,426 ERROR: Error al actualizar: CardCode-PL10729435185 - -1116: (2) bpvs:LC12 - Si se trata de una Persona Natural con RUC sin Negocio, en la pestaña de Finanzas debe colocar el tipo de impuesto "Extranjero"
2022-12-21 11:45:42,433 DEBUG: Validacion finalizada
2022-12-21 11:45:42,434 INFO : Resultado: 6 correctos, 4 errores, 0 inválidos, 7 Socios Procesados -  Total Acumulado: 86
2022-12-21 11:45:42,435 INFO : RUC del 111 al 120
2022-12-21 11:45:44,692 DEBUG: Iniciando validacion
2022-12-21 11:45:44,692 DEBUG: Revisando en BD RUC: 20100244714
2022-12-21 11:45:44,748 DEBUG: Revisando ruc: 20100244714
2022-12-21 11:45:44,856 DEBUG: Comparando SUNAT con BD
2022-12-21 11:45:46,218 INFO : PL20100244714 actualizado
2022-12-21 11:45:46,228 DEBUG: Validacion finalizada
2022-12-21 11:45:46,228 DEBUG: Iniciando validacion
2022-12-21 11:45:46,229 DEBUG: Revisando en BD RUC: 10741591401
2022-12-21 11:45:46,294 DEBUG: Revisando ruc: 10741591401
2022-12-21 11:45:46,371 DEBUG: Comparando SUNAT con BD
2022-12-21 11:45:47,048 ERROR: Error al actualizar: CardCode-PL10741591401 - -1116: (2) bpvs:LC12 - Si se trata de una Persona Natural con RUC sin Negocio, en la pestaña de Finanzas debe colocar el tipo de impuesto "Extranjero"
2022-12-21 11:45:47,057 DEBUG: Validacion finalizada
2022-12-21 11:45:47,058 DEBUG: Iniciando validacion
2022-12-21 11:45:47,064 DEBUG: Revisando en BD RUC: 10743024139
2022-12-21 11:45:47,118 DEBUG: Revisando ruc: 10743024139
2022-12-21 11:45:47,224 DEBUG: Comparando SUNAT con BD
2022-12-21 11:45:47,873 ERROR: Error al actualizar: CardCode-PL10743024139 - -1116: (2) bpvs:LC12 - Si se trata de una Persona Natural con RUC sin Negocio, en la pestaña de Finanzas debe colocar el tipo de impuesto "Extranjero"
2022-12-21 11:45:47,880 DEBUG: Validacion finalizada
2022-12-21 11:45:47,881 DEBUG: Iniciando validacion
2022-12-21 11:45:47,883 DEBUG: Revisando en BD RUC: 20102167296
2022-12-21 11:45:47,948 DEBUG: Revisando ruc: 20102167296
2022-12-21 11:45:48,056 DEBUG: Comparando SUNAT con BD
2022-12-21 11:45:49,489 INFO : PL20102167296 actualizado
2022-12-21 11:45:49,496 DEBUG: Validacion finalizada
2022-12-21 11:45:49,497 DEBUG: Iniciando validacion
2022-12-21 11:45:49,498 DEBUG: Revisando en BD RUC: 10077910455
2022-12-21 11:45:49,566 DEBUG: Revisando ruc: 10077910455
2022-12-21 11:45:49,566 DEBUG: 20220201
2022-12-21 11:45:49,660 DEBUG: Comparando SUNAT con BD
2022-12-21 11:45:51,016 INFO : PL10077910455 actualizado
2022-12-21 11:45:51,021 DEBUG: Validacion finalizada
2022-12-21 11:45:51,026 DEBUG: Iniciando validacion
2022-12-21 11:45:51,032 DEBUG: Revisando en BD RUC: 10778018344
2022-12-21 11:45:51,093 DEBUG: Revisando ruc: 10778018344
2022-12-21 11:45:51,183 DEBUG: Comparando SUNAT con BD
2022-12-21 11:45:52,118 INFO : PL10778018344 actualizado
2022-12-21 11:45:52,123 DEBUG: Validacion finalizada
2022-12-21 11:45:52,124 DEBUG: Iniciando validacion
2022-12-21 11:45:52,125 DEBUG: Revisando en BD RUC: 20601158257
2022-12-21 11:45:52,184 DEBUG: Revisando ruc: 20601158257
2022-12-21 11:45:52,289 DEBUG: Comparando SUNAT con BD
2022-12-21 11:45:53,390 INFO : PL20601158257 actualizado
2022-12-21 11:45:53,400 DEBUG: Validacion finalizada
2022-12-21 11:45:53,401 DEBUG: Iniciando validacion
2022-12-21 11:45:53,410 DEBUG: Revisando en BD RUC: 20542904896
2022-12-21 11:45:53,482 DEBUG: Revisando ruc: 20542904896
2022-12-21 11:45:53,531 DEBUG: 20190501
2022-12-21 11:45:53,636 DEBUG: Comparando SUNAT con BD
2022-12-21 11:45:54,622 INFO : PL20542904896 actualizado
2022-12-21 11:45:54,629 DEBUG: Validacion finalizada
2022-12-21 11:45:54,629 DEBUG: Iniciando validacion
2022-12-21 11:45:54,630 DEBUG: Revisando en BD RUC: 10181337244
2022-12-21 11:45:54,691 DEBUG: Revisando ruc: 10181337244
2022-12-21 11:45:54,772 DEBUG: Comparando SUNAT con BD
2022-12-21 11:45:55,556 ERROR: Error al actualizar: CardCode-PL10181337244 - -1116: (2) bpvs:LC20 - En la pestaña Direcciones, debe llenar los campos "Calle/Número", "Distrito", "Ciudad", "Departamento" de todas las direcciones
2022-12-21 11:45:55,565 DEBUG: Validacion finalizada
2022-12-21 11:45:55,565 DEBUG: Iniciando validacion
2022-12-21 11:45:55,568 DEBUG: Revisando en BD RUC: 10454825379
2022-12-21 11:45:55,641 DEBUG: Revisando ruc: 10454825379
2022-12-21 11:45:55,792 DEBUG: Comparando SUNAT con BD
2022-12-21 11:45:56,977 INFO : PL10454825379 actualizado
2022-12-21 11:45:56,984 DEBUG: Validacion finalizada
2022-12-21 11:45:56,985 INFO : Resultado: 7 correctos, 3 errores, 0 inválidos, 7 Socios Procesados -  Total Acumulado: 93
2022-12-21 11:45:56,987 INFO : RUC del 121 al 130
2022-12-21 11:45:58,432 DEBUG: Iniciando validacion
2022-12-21 11:45:58,432 DEBUG: Revisando en BD RUC: 20525342914
2022-12-21 11:45:58,493 DEBUG: Revisando ruc: 20525342914
2022-12-21 11:45:58,614 DEBUG: Comparando SUNAT con BD
2022-12-21 11:45:59,863 INFO : PL20525342914 actualizado
2022-12-21 11:45:59,872 DEBUG: Validacion finalizada
2022-12-21 11:45:59,872 DEBUG: Iniciando validacion
2022-12-21 11:45:59,874 DEBUG: Revisando en BD RUC: 20483998270
2022-12-21 11:45:59,954 DEBUG: Revisando ruc: 20483998270
2022-12-21 11:45:59,986 DEBUG: 20100101
2022-12-21 11:46:00,131 DEBUG: Comparando SUNAT con BD
2022-12-21 11:46:01,389 INFO : PL20483998270 actualizado
2022-12-21 11:46:01,416 DEBUG: Revisando ruc: 20483998270
2022-12-21 11:46:01,436 DEBUG: 20100101
2022-12-21 11:46:01,541 DEBUG: Comparando SUNAT con BD
2022-12-21 11:46:02,534 INFO : CL20483998270 actualizado
2022-12-21 11:46:02,540 DEBUG: Validacion finalizada
2022-12-21 11:46:02,540 DEBUG: Iniciando validacion
2022-12-21 11:46:02,544 DEBUG: Revisando en BD RUC: 20605215654
2022-12-21 11:46:02,617 DEBUG: Revisando ruc: 20605215654
2022-12-21 11:46:02,762 DEBUG: Comparando SUNAT con BD
2022-12-21 11:46:03,729 INFO : PL20605215654 actualizado
2022-12-21 11:46:03,737 DEBUG: Validacion finalizada
2022-12-21 11:46:03,737 DEBUG: Iniciando validacion
2022-12-21 11:46:03,738 DEBUG: Revisando en BD RUC: 10056403596
2022-12-21 11:46:03,793 DEBUG: Revisando ruc: 10056403596
2022-12-21 11:46:03,894 DEBUG: Comparando SUNAT con BD
2022-12-21 11:46:04,607 ERROR: Error al actualizar: CardCode-PL10056403596 - -1116: (2) bpvs:LC12 - Si se trata de una Persona Natural con RUC sin Negocio, en la pestaña de Finanzas debe colocar el tipo de impuesto "Extranjero"
2022-12-21 11:46:04,618 DEBUG: Validacion finalizada
2022-12-21 11:46:04,619 DEBUG: Iniciando validacion
2022-12-21 11:46:04,621 DEBUG: Revisando en BD RUC: 10056407192
2022-12-21 11:46:04,690 DEBUG: Revisando ruc: 10056407192
2022-12-21 11:46:04,785 DEBUG: Comparando SUNAT con BD
2022-12-21 11:46:06,118 INFO : PL10056407192 actualizado
2022-12-21 11:46:06,124 DEBUG: Validacion finalizada
2022-12-21 11:46:06,125 DEBUG: Iniciando validacion
2022-12-21 11:46:06,127 DEBUG: Revisando en BD RUC: 10056426545
2022-12-21 11:46:06,188 DEBUG: Revisando ruc: 10056426545
2022-12-21 11:46:06,281 DEBUG: Comparando SUNAT con BD
2022-12-21 11:46:07,282 INFO : PL10056426545 actualizado
2022-12-21 11:46:07,294 DEBUG: Validacion finalizada
2022-12-21 11:46:07,295 DEBUG: Iniciando validacion
2022-12-21 11:46:07,295 DEBUG: Revisando en BD RUC: 10056424798
2022-12-21 11:46:07,358 DEBUG: Revisando ruc: 10056424798
2022-12-21 11:46:07,444 DEBUG: Comparando SUNAT con BD
2022-12-21 11:46:08,334 ERROR: Error al actualizar: CardCode-PL10056424798 - -1116: (2) bpvs:LC12 - Si se trata de una Persona Natural con RUC sin Negocio, en la pestaña de Finanzas debe colocar el tipo de impuesto "Extranjero"
2022-12-21 11:46:08,341 DEBUG: Validacion finalizada
2022-12-21 11:46:08,341 DEBUG: Iniciando validacion
2022-12-21 11:46:08,342 DEBUG: Revisando en BD RUC: 20510716974
2022-12-21 11:46:08,412 DEBUG: Revisando ruc: 20510716974
2022-12-21 11:46:08,538 DEBUG: Comparando SUNAT con BD
2022-12-21 11:46:09,493 ERROR: Error al actualizar: CardCode-PL20510716974 - -1116: (2) bpvs:LC20 - En la pestaña Direcciones, debe llenar los campos "Calle/Número", "Distrito", "Ciudad", "Departamento" de todas las direcciones
2022-12-21 11:46:09,502 DEBUG: Validacion finalizada
2022-12-21 11:46:09,502 DEBUG: Iniciando validacion
2022-12-21 11:46:09,503 DEBUG: Revisando en BD RUC: 20172627421
2022-12-21 11:46:09,565 DEBUG: Revisando ruc: 20172627421
2022-12-21 11:46:09,595 DEBUG: 20090301
2022-12-21 11:46:09,696 DEBUG: Comparando SUNAT con BD
2022-12-21 11:46:10,950 INFO : PL20172627421 actualizado
2022-12-21 11:46:10,955 DEBUG: Validacion finalizada
2022-12-21 11:46:10,956 DEBUG: Iniciando validacion
2022-12-21 11:46:10,957 DEBUG: Revisando en BD RUC: 20522547957
2022-12-21 11:46:11,021 DEBUG: Revisando ruc: 20522547957
2022-12-21 11:46:11,045 DEBUG: 20160901
2022-12-21 11:46:11,152 DEBUG: Comparando SUNAT con BD
2022-12-21 11:46:12,026 ERROR: Error al actualizar: CardCode-PL20522547957 - -1116: (2) bpvs:LC20 - En la pestaña Direcciones, debe llenar los campos "Calle/Número", "Distrito", "Ciudad", "Departamento" de todas las direcciones
2022-12-21 11:46:12,036 DEBUG: Validacion finalizada
2022-12-21 11:46:12,037 INFO : Resultado: 6 correctos, 4 errores, 0 inválidos, 7 Socios Procesados -  Total Acumulado: 100
2022-12-21 11:46:12,038 INFO : RUC del 131 al 140
2022-12-21 11:46:14,100 DEBUG: Iniciando validacion
2022-12-21 11:46:14,101 DEBUG: Revisando en BD RUC: 20484127426
2022-12-21 11:46:14,160 DEBUG: Revisando ruc: 20484127426
2022-12-21 11:46:14,287 DEBUG: Comparando SUNAT con BD
2022-12-21 11:46:15,546 INFO : PL20484127426 actualizado
2022-12-21 11:46:15,558 DEBUG: Validacion finalizada
2022-12-21 11:46:15,558 DEBUG: Iniciando validacion
2022-12-21 11:46:15,563 DEBUG: Revisando en BD RUC: 20526272731
2022-12-21 11:46:15,623 DEBUG: Revisando ruc: 20526272731
2022-12-21 11:46:15,787 DEBUG: Comparando SUNAT con BD
2022-12-21 11:46:23,756 INFO : PL20526272731 actualizado
2022-12-21 11:46:23,762 DEBUG: Validacion finalizada
2022-12-21 11:46:23,762 DEBUG: Iniciando validacion
2022-12-21 11:46:23,763 DEBUG: Revisando en BD RUC: 20605452567
2022-12-21 11:46:23,844 DEBUG: Revisando ruc: 20605452567
2022-12-21 11:46:23,971 DEBUG: Comparando SUNAT con BD
2022-12-21 11:46:28,328 INFO : PL20605452567 actualizado
2022-12-21 11:46:28,333 DEBUG: Validacion finalizada
2022-12-21 11:46:28,333 DEBUG: Iniciando validacion
2022-12-21 11:46:28,334 DEBUG: Revisando en BD RUC: 20538619036
2022-12-21 11:46:28,391 DEBUG: Revisando ruc: 20538619036
2022-12-21 11:46:30,801 DEBUG: Comparando SUNAT con BD
2022-12-21 11:46:31,758 INFO : PL20538619036 actualizado
2022-12-21 11:46:31,766 DEBUG: Validacion finalizada
2022-12-21 11:46:31,767 DEBUG: Iniciando validacion
2022-12-21 11:46:31,768 DEBUG: Revisando en BD RUC: 20112816993
2022-12-21 11:46:31,842 DEBUG: Revisando ruc: 20112816993
2022-12-21 11:46:33,834 DEBUG: Comparando SUNAT con BD
2022-12-21 11:46:34,903 INFO : PL20112816993 actualizado
2022-12-21 11:46:34,908 DEBUG: Validacion finalizada
2022-12-21 11:46:34,908 DEBUG: Iniciando validacion
2022-12-21 11:46:34,909 DEBUG: Revisando en BD RUC: 20607835544
2022-12-21 11:46:34,969 DEBUG: Revisando ruc: 20607835544
2022-12-21 11:46:35,078 DEBUG: Comparando SUNAT con BD
2022-12-21 11:46:36,319 INFO : PL20607835544 actualizado
2022-12-21 11:46:36,324 DEBUG: Validacion finalizada
2022-12-21 11:46:36,325 DEBUG: Iniciando validacion
2022-12-21 11:46:36,328 DEBUG: Revisando en BD RUC: 20530352481
2022-12-21 11:46:36,394 DEBUG: Revisando ruc: 20530352481
2022-12-21 11:46:36,526 DEBUG: Comparando SUNAT con BD
2022-12-21 11:46:37,680 INFO : PL20530352481 actualizado
2022-12-21 11:46:37,686 DEBUG: Validacion finalizada
2022-12-21 11:46:37,689 DEBUG: Iniciando validacion
2022-12-21 11:46:37,690 DEBUG: Revisando en BD RUC: 20601349559
2022-12-21 11:46:37,758 DEBUG: Revisando ruc: 20601349559
2022-12-21 11:46:37,883 DEBUG: Comparando SUNAT con BD
2022-12-21 11:46:39,488 INFO : PL20601349559 actualizado
2022-12-21 11:46:39,496 DEBUG: Validacion finalizada
2022-12-21 11:46:39,497 DEBUG: Iniciando validacion
2022-12-21 11:46:39,498 DEBUG: Revisando en BD RUC: 20604731241
2022-12-21 11:46:39,566 DEBUG: Revisando ruc: 20604731241
2022-12-21 11:46:39,593 DEBUG: 20220201
2022-12-21 11:46:39,698 DEBUG: Comparando SUNAT con BD
2022-12-21 11:46:40,813 INFO : PL20604731241 actualizado
2022-12-21 11:46:40,840 DEBUG: Revisando ruc: 20604731241
2022-12-21 11:46:40,859 DEBUG: 20220201
2022-12-21 11:46:40,949 DEBUG: Comparando SUNAT con BD
2022-12-21 11:46:42,006 INFO : CL20604731241 actualizado
2022-12-21 11:46:42,012 DEBUG: Validacion finalizada
2022-12-21 11:46:42,013 DEBUG: Iniciando validacion
2022-12-21 11:46:42,014 DEBUG: Revisando en BD RUC: 20537801566
2022-12-21 11:46:42,083 DEBUG: Revisando ruc: 20537801566
2022-12-21 11:46:42,252 DEBUG: Comparando SUNAT con BD
2022-12-21 11:46:43,542 INFO : PL20537801566 actualizado
2022-12-21 11:46:43,547 DEBUG: Validacion finalizada
2022-12-21 11:46:43,548 INFO : Resultado: 10 correctos, 0 errores, 0 inválidos, 11 Socios Procesados -  Total Acumulado: 111
2022-12-21 11:46:43,548 INFO : RUC del 141 al 150
2022-12-21 11:46:46,225 DEBUG: Iniciando validacion
2022-12-21 11:46:46,225 DEBUG: Revisando en BD RUC: 10464743486
2022-12-21 11:46:46,284 DEBUG: Revisando ruc: 10464743486
2022-12-21 11:46:46,374 DEBUG: Comparando SUNAT con BD
2022-12-21 11:46:47,730 INFO : PL10464743486 actualizado
2022-12-21 11:46:47,736 DEBUG: Validacion finalizada
2022-12-21 11:46:47,736 DEBUG: Iniciando validacion
2022-12-21 11:46:47,737 DEBUG: Revisando en BD RUC: 10027713888
2022-12-21 11:46:47,799 DEBUG: Revisando ruc: 10027713888
2022-12-21 11:46:47,900 DEBUG: Comparando SUNAT con BD
2022-12-21 11:46:49,188 INFO : PL10027713888 actualizado
2022-12-21 11:46:49,196 DEBUG: Validacion finalizada
2022-12-21 11:46:49,196 DEBUG: Iniciando validacion
2022-12-21 11:46:49,196 DEBUG: Revisando en BD RUC: 20603780346
2022-12-21 11:46:49,265 DEBUG: Revisando ruc: 20603780346
2022-12-21 11:46:49,381 DEBUG: Comparando SUNAT con BD
2022-12-21 11:46:50,725 INFO : PL20603780346 actualizado
2022-12-21 11:46:50,731 DEBUG: Validacion finalizada
2022-12-21 11:46:50,731 DEBUG: Iniciando validacion
2022-12-21 11:46:50,732 DEBUG: Revisando en BD RUC: 10038675791
2022-12-21 11:46:50,796 DEBUG: Revisando ruc: 10038675791
2022-12-21 11:46:50,878 DEBUG: Comparando SUNAT con BD
2022-12-21 11:46:51,854 INFO : PL10038675791 actualizado
2022-12-21 11:46:51,860 DEBUG: Validacion finalizada
2022-12-21 11:46:51,860 DEBUG: Iniciando validacion
2022-12-21 11:46:51,861 DEBUG: Revisando en BD RUC: 20488025679
2022-12-21 11:46:51,922 DEBUG: Revisando ruc: 20488025679
2022-12-21 11:46:52,038 DEBUG: Comparando SUNAT con BD
2022-12-21 11:46:53,599 INFO : PL20488025679 actualizado
2022-12-21 11:46:53,606 DEBUG: Validacion finalizada
2022-12-21 11:46:53,607 DEBUG: Iniciando validacion
2022-12-21 11:46:53,607 DEBUG: Revisando en BD RUC: 10038674558
2022-12-21 11:46:53,691 DEBUG: Revisando ruc: 10038674558
2022-12-21 11:46:53,798 DEBUG: Comparando SUNAT con BD
2022-12-21 11:46:54,770 INFO : PL10038674558 actualizado
2022-12-21 11:46:54,775 DEBUG: Validacion finalizada
2022-12-21 11:46:54,776 DEBUG: Iniciando validacion
2022-12-21 11:46:54,776 DEBUG: Revisando en BD RUC: 20600874943
2022-12-21 11:46:54,847 DEBUG: Revisando ruc: 20600874943
2022-12-21 11:46:54,962 DEBUG: Comparando SUNAT con BD
2022-12-21 11:46:56,134 INFO : PL20600874943 actualizado
2022-12-21 11:46:56,140 DEBUG: Validacion finalizada
2022-12-21 11:46:56,141 DEBUG: Iniciando validacion
2022-12-21 11:46:56,141 DEBUG: Revisando en BD RUC: 20605793003
2022-12-21 11:46:56,216 DEBUG: Revisando ruc: 20605793003
2022-12-21 11:46:56,349 DEBUG: Comparando SUNAT con BD
2022-12-21 11:46:57,811 INFO : PL20605793003 actualizado
2022-12-21 11:46:57,821 DEBUG: Validacion finalizada
2022-12-21 11:46:57,821 DEBUG: Iniciando validacion
2022-12-21 11:46:57,824 DEBUG: Revisando en BD RUC: 20604291802
2022-12-21 11:46:57,894 DEBUG: Revisando ruc: 20604291802
2022-12-21 11:46:57,922 DEBUG: 20220201
2022-12-21 11:46:58,027 DEBUG: Comparando SUNAT con BD
2022-12-21 11:46:59,463 INFO : PL20604291802 actualizado
2022-12-21 11:46:59,468 DEBUG: Validacion finalizada
2022-12-21 11:46:59,469 DEBUG: Iniciando validacion
2022-12-21 11:46:59,469 DEBUG: Revisando en BD RUC: 20600169158
2022-12-21 11:46:59,533 DEBUG: Revisando ruc: 20600169158
2022-12-21 11:46:59,647 DEBUG: Comparando SUNAT con BD
2022-12-21 11:47:00,935 INFO : PL20600169158 actualizado
2022-12-21 11:47:00,941 DEBUG: Validacion finalizada
2022-12-21 11:47:00,941 INFO : Resultado: 10 correctos, 0 errores, 0 inválidos, 10 Socios Procesados -  Total Acumulado: 121
2022-12-21 11:47:00,944 INFO : RUC del 151 al 160
2022-12-21 11:47:03,387 DEBUG: Iniciando validacion
2022-12-21 11:47:03,387 DEBUG: Revisando en BD RUC: 15483913629
2022-12-21 11:47:03,445 DEBUG: Revisando ruc: 15483913629
2022-12-21 11:47:03,534 DEBUG: Comparando SUNAT con BD
2022-12-21 11:47:04,752 INFO : PL15483913629 actualizado
2022-12-21 11:47:04,760 DEBUG: Validacion finalizada
2022-12-21 11:47:04,761 DEBUG: Iniciando validacion
2022-12-21 11:47:04,763 DEBUG: Revisando en BD RUC: 20525359485
2022-12-21 11:47:04,830 DEBUG: Revisando ruc: 20525359485
2022-12-21 11:47:04,947 DEBUG: Comparando SUNAT con BD
2022-12-21 11:47:06,081 INFO : PL20525359485 actualizado
2022-12-21 11:47:06,088 DEBUG: Validacion finalizada
2022-12-21 11:47:06,089 DEBUG: Iniciando validacion
2022-12-21 11:47:06,089 DEBUG: Revisando en BD RUC: 10038799989
2022-12-21 11:47:06,162 DEBUG: Revisando ruc: 10038799989
2022-12-21 11:47:06,250 DEBUG: Comparando SUNAT con BD
2022-12-21 11:47:07,461 INFO : PL10038799989 actualizado
2022-12-21 11:47:07,467 DEBUG: Validacion finalizada
2022-12-21 11:47:07,468 DEBUG: Iniciando validacion
2022-12-21 11:47:07,469 DEBUG: Revisando en BD RUC: 10028235092
2022-12-21 11:47:07,531 DEBUG: Revisando ruc: 10028235092
2022-12-21 11:47:07,617 DEBUG: Comparando SUNAT con BD
2022-12-21 11:47:08,282 ERROR: Error al actualizar: CardCode-PL10028235092 - -1116: (2) bpvs:LC12 - Si se trata de una Persona Natural con RUC sin Negocio, en la pestaña de Finanzas debe colocar el tipo de impuesto "Extranjero"
2022-12-21 11:47:08,292 DEBUG: Validacion finalizada
2022-12-21 11:47:08,294 DEBUG: Iniciando validacion
2022-12-21 11:47:08,296 DEBUG: Revisando en BD RUC: 10038992703
2022-12-21 11:47:08,363 DEBUG: Revisando ruc: 10038992703
2022-12-21 11:47:08,492 DEBUG: Comparando SUNAT con BD
2022-12-21 11:47:09,471 INFO : PL10038992703 actualizado
2022-12-21 11:47:09,476 DEBUG: Validacion finalizada
2022-12-21 11:47:09,476 DEBUG: Iniciando validacion
2022-12-21 11:47:09,477 DEBUG: Revisando en BD RUC: 20488087194
2022-12-21 11:47:09,537 DEBUG: Revisando ruc: 20488087194
2022-12-21 11:47:09,670 DEBUG: Comparando SUNAT con BD
2022-12-21 11:47:10,905 INFO : PL20488087194 actualizado
2022-12-21 11:47:10,909 DEBUG: Validacion finalizada
2022-12-21 11:47:10,910 DEBUG: Iniciando validacion
2022-12-21 11:47:10,910 DEBUG: Revisando en BD RUC: 20492519121
2022-12-21 11:47:10,975 DEBUG: Revisando ruc: 20492519121
2022-12-21 11:47:11,133 DEBUG: Comparando SUNAT con BD
2022-12-21 11:47:12,611 INFO : PL20492519121 actualizado
2022-12-21 11:47:12,621 DEBUG: Validacion finalizada
2022-12-21 11:47:12,621 DEBUG: Iniciando validacion
2022-12-21 11:47:12,622 DEBUG: Revisando en BD RUC: 20421530107
2022-12-21 11:47:12,699 DEBUG: Revisando ruc: 20421530107
2022-12-21 11:47:12,847 DEBUG: Comparando SUNAT con BD
2022-12-21 11:47:14,485 ERROR: Error al actualizar: CardCode-PL20421530107 - -1116: (2) bpvs:FE03 - La dirección de facturación por defecto debe de tener un ubigueo definido.
2022-12-21 11:47:14,494 DEBUG: Validacion finalizada
2022-12-21 11:47:14,495 DEBUG: Iniciando validacion
2022-12-21 11:47:14,495 DEBUG: Revisando en BD RUC: 20602767290
2022-12-21 11:47:14,569 DEBUG: Revisando ruc: 20602767290
2022-12-21 11:47:14,688 DEBUG: Comparando SUNAT con BD
2022-12-21 11:47:15,674 INFO : PL20602767290 actualizado
2022-12-21 11:47:15,684 DEBUG: Validacion finalizada
2022-12-21 11:47:15,684 DEBUG: Iniciando validacion
2022-12-21 11:47:15,685 DEBUG: Revisando en BD RUC: 20557984357
2022-12-21 11:47:15,759 DEBUG: Revisando ruc: 20557984357
2022-12-21 11:47:15,882 DEBUG: Comparando SUNAT con BD
2022-12-21 11:47:17,179 INFO : PL20557984357 actualizado
2022-12-21 11:47:17,184 DEBUG: Validacion finalizada
2022-12-21 11:47:17,184 INFO : Resultado: 8 correctos, 2 errores, 0 inválidos, 8 Socios Procesados -  Total Acumulado: 129
2022-12-21 11:47:17,188 INFO : RUC del 161 al 170
2022-12-21 11:47:19,710 DEBUG: Iniciando validacion
2022-12-21 11:47:19,711 DEBUG: Revisando en BD RUC: 20602712894
2022-12-21 11:47:19,771 DEBUG: Revisando ruc: 20602712894
2022-12-21 11:47:19,904 DEBUG: Comparando SUNAT con BD
2022-12-21 11:47:21,558 INFO : PL20602712894 actualizado
2022-12-21 11:47:21,565 DEBUG: Validacion finalizada
2022-12-21 11:47:21,566 DEBUG: Iniciando validacion
2022-12-21 11:47:21,566 DEBUG: Revisando en BD RUC: 20508916079
2022-12-21 11:47:21,633 DEBUG: Revisando ruc: 20508916079
2022-12-21 11:47:21,658 DEBUG: 20220201
2022-12-21 11:47:21,787 DEBUG: Comparando SUNAT con BD
2022-12-21 11:47:22,921 ERROR: Error al actualizar: CardCode-PL20508916079 - -1116: (2) bpvs:LC20 - En la pestaña Direcciones, debe llenar los campos "Calle/Número", "Distrito", "Ciudad", "Departamento" de todas las direcciones
2022-12-21 11:47:22,928 DEBUG: Validacion finalizada
2022-12-21 11:47:22,928 DEBUG: Iniciando validacion
2022-12-21 11:47:22,929 DEBUG: Revisando en BD RUC: 10038712336
2022-12-21 11:47:22,994 DEBUG: Revisando ruc: 10038712336
2022-12-21 11:47:23,085 DEBUG: Comparando SUNAT con BD
2022-12-21 11:47:23,954 ERROR: Error al actualizar: CardCode-PL10038712336 - -1116: (2) bpvs:LC20 - En la pestaña Direcciones, debe llenar los campos "Calle/Número", "Distrito", "Ciudad", "Departamento" de todas las direcciones
2022-12-21 11:47:23,960 DEBUG: Validacion finalizada
2022-12-21 11:47:23,961 DEBUG: Iniciando validacion
2022-12-21 11:47:23,962 DEBUG: Revisando en BD RUC: 20601639891
2022-12-21 11:47:24,031 DEBUG: Revisando ruc: 20601639891
2022-12-21 11:47:24,154 DEBUG: Comparando SUNAT con BD
2022-12-21 11:47:25,554 INFO : PL20601639891 actualizado
2022-12-21 11:47:25,560 DEBUG: Validacion finalizada
2022-12-21 11:47:25,560 DEBUG: Iniciando validacion
2022-12-21 11:47:25,561 DEBUG: Revisando en BD RUC: 20604676691
2022-12-21 11:47:25,636 DEBUG: Revisando ruc: 20604676691
2022-12-21 11:47:25,788 DEBUG: Comparando SUNAT con BD
2022-12-21 11:47:26,921 INFO : PL20604676691 actualizado
2022-12-21 11:47:26,926 DEBUG: Validacion finalizada
2022-12-21 11:47:26,927 DEBUG: Iniciando validacion
2022-12-21 11:47:26,927 DEBUG: Revisando en BD RUC: 20525227732
2022-12-21 11:47:26,989 DEBUG: Revisando ruc: 20525227732
2022-12-21 11:47:27,136 DEBUG: Comparando SUNAT con BD
2022-12-21 11:47:28,115 INFO : PL20525227732 actualizado
2022-12-21 11:47:28,122 DEBUG: Validacion finalizada
2022-12-21 11:47:28,122 DEBUG: Iniciando validacion
2022-12-21 11:47:28,123 DEBUG: Revisando en BD RUC: 20601817455
2022-12-21 11:47:28,193 DEBUG: Revisando ruc: 20601817455
2022-12-21 11:47:28,340 DEBUG: Comparando SUNAT con BD
2022-12-21 11:47:29,706 INFO : PL20601817455 actualizado
2022-12-21 11:47:29,714 DEBUG: Validacion finalizada
2022-12-21 11:47:29,714 DEBUG: Iniciando validacion
2022-12-21 11:47:29,714 DEBUG: Revisando en BD RUC: 20554742573
2022-12-21 11:47:29,785 DEBUG: Revisando ruc: 20554742573
2022-12-21 11:47:29,916 DEBUG: Comparando SUNAT con BD
2022-12-21 11:47:30,941 INFO : PL20554742573 actualizado
2022-12-21 11:47:30,946 DEBUG: Validacion finalizada
2022-12-21 11:47:30,946 DEBUG: Iniciando validacion
2022-12-21 11:47:30,947 DEBUG: Revisando en BD RUC: 20509152552
2022-12-21 11:47:31,000 DEBUG: Revisando ruc: 20509152552
2022-12-21 11:47:31,122 DEBUG: Comparando SUNAT con BD
2022-12-21 11:47:32,095 INFO : PL20509152552 actualizado
2022-12-21 11:47:32,102 DEBUG: Validacion finalizada
2022-12-21 11:47:32,102 DEBUG: Iniciando validacion
2022-12-21 11:47:32,102 DEBUG: Revisando en BD RUC: 10709252521
2022-12-21 11:47:32,160 DEBUG: Revisando ruc: 10709252521
2022-12-21 11:47:32,245 DEBUG: Comparando SUNAT con BD
2022-12-21 11:47:33,593 INFO : PL10709252521 actualizado
2022-12-21 11:47:33,599 DEBUG: Validacion finalizada
2022-12-21 11:47:33,599 INFO : Resultado: 8 correctos, 2 errores, 0 inválidos, 8 Socios Procesados -  Total Acumulado: 137
2022-12-21 11:47:33,600 INFO : RUC del 171 al 180
2022-12-21 11:47:35,478 DEBUG: Iniciando validacion
2022-12-21 11:47:35,478 DEBUG: Revisando en BD RUC: 20530299571
2022-12-21 11:47:35,531 DEBUG: Revisando ruc: 20530299571
2022-12-21 11:47:35,651 DEBUG: Comparando SUNAT con BD
2022-12-21 11:47:37,037 INFO : PL20530299571 actualizado
2022-12-21 11:47:37,042 DEBUG: Validacion finalizada
2022-12-21 11:47:37,042 DEBUG: Iniciando validacion
2022-12-21 11:47:37,043 DEBUG: Revisando en BD RUC: 20530313230
2022-12-21 11:47:37,103 DEBUG: Revisando ruc: 20530313230
2022-12-21 11:47:37,226 DEBUG: Comparando SUNAT con BD
2022-12-21 11:47:38,710 INFO : PL20530313230 actualizado
2022-12-21 11:47:38,716 DEBUG: Validacion finalizada
2022-12-21 11:47:38,717 DEBUG: Iniciando validacion
2022-12-21 11:47:38,719 DEBUG: Revisando en BD RUC: 10719027232
2022-12-21 11:47:38,782 DEBUG: Revisando ruc: 10719027232
2022-12-21 11:47:38,862 DEBUG: Comparando SUNAT con BD
2022-12-21 11:47:39,734 ERROR: Error al actualizar: CardCode-PL10719027232 - -1116: (2) bpvs:LC12 - Si se trata de una Persona Natural con RUC sin Negocio, en la pestaña de Finanzas debe colocar el tipo de impuesto "Extranjero"
2022-12-21 11:47:39,742 DEBUG: Validacion finalizada
2022-12-21 11:47:39,743 DEBUG: Iniciando validacion
2022-12-21 11:47:39,744 DEBUG: Revisando en BD RUC: 20493120752
2022-12-21 11:47:39,810 DEBUG: Revisando ruc: 20493120752
2022-12-21 11:47:39,915 DEBUG: Comparando SUNAT con BD
2022-12-21 11:47:41,020 INFO : PL20493120752 actualizado
2022-12-21 11:47:41,025 DEBUG: Validacion finalizada
2022-12-21 11:47:41,026 DEBUG: Iniciando validacion
2022-12-21 11:47:41,026 DEBUG: Revisando en BD RUC: 20424084418
2022-12-21 11:47:41,094 DEBUG: Revisando ruc: 20424084418
2022-12-21 11:47:41,200 DEBUG: Comparando SUNAT con BD
2022-12-21 11:47:42,321 INFO : PL20424084418 actualizado
2022-12-21 11:47:42,328 DEBUG: Validacion finalizada
2022-12-21 11:47:42,328 DEBUG: Iniciando validacion
2022-12-21 11:47:42,329 DEBUG: Revisando en BD RUC: 20409206922
2022-12-21 11:47:42,393 DEBUG: Revisando ruc: 20409206922
2022-12-21 11:47:42,408 DEBUG: 20220201
2022-12-21 11:47:42,522 DEBUG: Comparando SUNAT con BD
2022-12-21 11:47:43,649 INFO : PL20409206922 actualizado
2022-12-21 11:47:43,655 DEBUG: Validacion finalizada
2022-12-21 11:47:43,655 DEBUG: Iniciando validacion
2022-12-21 11:47:43,656 DEBUG: Revisando en BD RUC: 20602170366
2022-12-21 11:47:43,721 DEBUG: Revisando ruc: 20602170366
2022-12-21 11:47:43,735 DEBUG: 20220201
2022-12-21 11:47:43,833 DEBUG: Comparando SUNAT con BD
2022-12-21 11:47:45,010 INFO : PL20602170366 actualizado
2022-12-21 11:47:45,015 DEBUG: Validacion finalizada
2022-12-21 11:47:45,016 DEBUG: Iniciando validacion
2022-12-21 11:47:45,018 DEBUG: Revisando en BD RUC: 20495700071
2022-12-21 11:47:45,080 DEBUG: Revisando ruc: 20495700071
2022-12-21 11:47:45,241 DEBUG: Comparando SUNAT con BD
2022-12-21 11:47:46,881 INFO : PL20495700071 actualizado
2022-12-21 11:47:46,887 DEBUG: Validacion finalizada
2022-12-21 11:47:46,887 DEBUG: Iniciando validacion
2022-12-21 11:47:46,888 DEBUG: Revisando en BD RUC: 20482547134
2022-12-21 11:47:46,953 DEBUG: Revisando ruc: 20482547134
2022-12-21 11:47:47,064 DEBUG: Comparando SUNAT con BD
2022-12-21 11:47:48,123 INFO : PL20482547134 actualizado
2022-12-21 11:47:48,135 DEBUG: Validacion finalizada
2022-12-21 11:47:48,135 DEBUG: Iniciando validacion
2022-12-21 11:47:48,136 DEBUG: Revisando en BD RUC: 20502509382
2022-12-21 11:47:48,203 DEBUG: Revisando ruc: 20502509382
2022-12-21 11:47:48,312 DEBUG: Comparando SUNAT con BD
2022-12-21 11:47:49,623 INFO : PL20502509382 actualizado
2022-12-21 11:47:49,631 DEBUG: Validacion finalizada
2022-12-21 11:47:49,632 INFO : Resultado: 9 correctos, 1 errores, 0 inválidos, 9 Socios Procesados -  Total Acumulado: 146
2022-12-21 11:47:49,632 INFO : RUC del 181 al 190
2022-12-21 11:47:51,734 DEBUG: Iniciando validacion
2022-12-21 11:47:51,735 DEBUG: Revisando en BD RUC: 20544677706
2022-12-21 11:47:51,790 DEBUG: Revisando ruc: 20544677706
2022-12-21 11:47:51,915 DEBUG: Comparando SUNAT con BD
2022-12-21 11:47:52,822 INFO : PL20544677706 actualizado
2022-12-21 11:47:52,828 DEBUG: Validacion finalizada
2022-12-21 11:47:52,829 DEBUG: Iniciando validacion
2022-12-21 11:47:52,829 DEBUG: Revisando en BD RUC: 20521302390
2022-12-21 11:47:52,889 DEBUG: Revisando ruc: 20521302390
2022-12-21 11:47:52,997 DEBUG: Comparando SUNAT con BD
2022-12-21 11:47:54,142 INFO : PL20521302390 actualizado
2022-12-21 11:47:54,147 DEBUG: Validacion finalizada
2022-12-21 11:47:54,148 DEBUG: Iniciando validacion
2022-12-21 11:47:54,148 DEBUG: Revisando en BD RUC: 20509959766
2022-12-21 11:47:54,202 DEBUG: Revisando ruc: 20509959766
2022-12-21 11:47:54,221 DEBUG: 20191201
2022-12-21 11:47:54,222 DEBUG: 20111201
2022-12-21 11:47:54,223 DEBUG: 20140201
2022-12-21 11:47:54,304 DEBUG: Comparando SUNAT con BD
2022-12-21 11:47:55,196 INFO : PL20509959766 actualizado
2022-12-21 11:47:55,200 DEBUG: Validacion finalizada
2022-12-21 11:47:55,201 DEBUG: Iniciando validacion
2022-12-21 11:47:55,201 DEBUG: Revisando en BD RUC: 20562956311
2022-12-21 11:47:55,269 DEBUG: Revisando ruc: 20562956311
2022-12-21 11:47:55,371 DEBUG: Comparando SUNAT con BD
2022-12-21 11:47:56,472 INFO : PL20562956311 actualizado
2022-12-21 11:47:56,482 DEBUG: Validacion finalizada
2022-12-21 11:47:56,483 DEBUG: Iniciando validacion
2022-12-21 11:47:56,486 DEBUG: Revisando en BD RUC: 20530085857
2022-12-21 11:47:56,548 DEBUG: Revisando ruc: 20530085857
2022-12-21 11:47:56,670 DEBUG: Comparando SUNAT con BD
2022-12-21 11:47:58,023 INFO : PL20530085857 actualizado
2022-12-21 11:47:58,033 DEBUG: Validacion finalizada
2022-12-21 11:47:58,033 DEBUG: Iniciando validacion
2022-12-21 11:47:58,034 DEBUG: Revisando en BD RUC: 20389230724
2022-12-21 11:47:58,098 DEBUG: Revisando ruc: 20389230724
2022-12-21 11:47:58,110 DEBUG: 20060801
2022-12-21 11:47:58,111 DEBUG: 20160201
2022-12-21 11:47:58,211 DEBUG: Comparando SUNAT con BD
2022-12-21 11:47:59,304 INFO : PL20389230724 actualizado
2022-12-21 11:47:59,310 DEBUG: Validacion finalizada
2022-12-21 11:47:59,310 DEBUG: Iniciando validacion
2022-12-21 11:47:59,313 DEBUG: Revisando en BD RUC: 20504367721
2022-12-21 11:47:59,377 DEBUG: Revisando ruc: 20504367721
2022-12-21 11:47:59,499 DEBUG: Comparando SUNAT con BD
2022-12-21 11:48:00,444 INFO : PL20504367721 actualizado
2022-12-21 11:48:00,449 DEBUG: Validacion finalizada
2022-12-21 11:48:00,450 DEBUG: Iniciando validacion
2022-12-21 11:48:00,453 DEBUG: Revisando en BD RUC: 20529786701
2022-12-21 11:48:00,521 DEBUG: Revisando ruc: 20529786701
2022-12-21 11:48:00,645 DEBUG: Comparando SUNAT con BD
2022-12-21 11:48:02,196 INFO : PL20529786701 actualizado
2022-12-21 11:48:02,201 DEBUG: Validacion finalizada
2022-12-21 11:48:02,201 DEBUG: Iniciando validacion
2022-12-21 11:48:02,202 DEBUG: Revisando en BD RUC: 20526250924
2022-12-21 11:48:02,275 DEBUG: Revisando ruc: 20526250924
2022-12-21 11:48:02,396 DEBUG: Comparando SUNAT con BD
2022-12-21 11:48:03,789 INFO : PL20526250924 actualizado
2022-12-21 11:48:03,795 DEBUG: Validacion finalizada
2022-12-21 11:48:03,796 DEBUG: Iniciando validacion
2022-12-21 11:48:03,796 DEBUG: Revisando en BD RUC: 20526282966
2022-12-21 11:48:03,856 DEBUG: Revisando ruc: 20526282966
2022-12-21 11:48:03,971 DEBUG: Comparando SUNAT con BD
2022-12-21 11:48:04,931 INFO : PL20526282966 actualizado
2022-12-21 11:48:04,938 DEBUG: Validacion finalizada
2022-12-21 11:48:04,938 INFO : Resultado: 10 correctos, 0 errores, 0 inválidos, 10 Socios Procesados -  Total Acumulado: 156
2022-12-21 11:48:04,941 INFO : RUC del 191 al 200
2022-12-21 11:48:07,271 DEBUG: Iniciando validacion
2022-12-21 11:48:07,271 DEBUG: Revisando en BD RUC: 20522861155
2022-12-21 11:48:07,331 DEBUG: Revisando ruc: 20522861155
2022-12-21 11:48:07,518 DEBUG: Comparando SUNAT con BD
2022-12-21 11:48:08,873 INFO : PL20522861155 actualizado
2022-12-21 11:48:08,877 DEBUG: Validacion finalizada
2022-12-21 11:48:08,878 DEBUG: Iniciando validacion
2022-12-21 11:48:08,878 DEBUG: Revisando en BD RUC: 10454195693
2022-12-21 11:48:08,938 DEBUG: Revisando ruc: 10454195693
2022-12-21 11:48:09,014 DEBUG: Comparando SUNAT con BD
2022-12-21 11:48:10,102 INFO : CL10454195693 actualizado
2022-12-21 11:48:10,110 DEBUG: Validacion finalizada
2022-12-21 11:48:10,110 DEBUG: Iniciando validacion
2022-12-21 11:48:10,111 DEBUG: Revisando en BD RUC: 20603023057
2022-12-21 11:48:10,175 DEBUG: Revisando ruc: 20603023057
2022-12-21 11:48:10,188 DEBUG: 20220201
2022-12-21 11:48:10,279 DEBUG: Comparando SUNAT con BD
2022-12-21 11:48:11,617 INFO : PL20603023057 actualizado
2022-12-21 11:48:11,622 DEBUG: Validacion finalizada
2022-12-21 11:48:11,623 DEBUG: Iniciando validacion
2022-12-21 11:48:11,628 DEBUG: Revisando en BD RUC: 20602117911
2022-12-21 11:48:11,688 DEBUG: Revisando ruc: 20602117911
2022-12-21 11:48:11,803 DEBUG: Comparando SUNAT con BD
2022-12-21 11:48:12,983 INFO : PL20602117911 actualizado
2022-12-21 11:48:12,988 DEBUG: Validacion finalizada
2022-12-21 11:48:12,988 DEBUG: Iniciando validacion
2022-12-21 11:48:12,989 DEBUG: Revisando en BD RUC: 10749280951
2022-12-21 11:48:13,049 DEBUG: Revisando ruc: 10749280951
2022-12-21 11:48:13,135 DEBUG: Comparando SUNAT con BD
2022-12-21 11:48:14,577 INFO : PL10749280951 actualizado
2022-12-21 11:48:14,585 DEBUG: Validacion finalizada
2022-12-21 11:48:14,585 DEBUG: Iniciando validacion
2022-12-21 11:48:14,586 DEBUG: Revisando en BD RUC: 20603306857
2022-12-21 11:48:14,641 DEBUG: Revisando ruc: 20603306857
2022-12-21 11:48:14,757 DEBUG: Comparando SUNAT con BD
2022-12-21 11:48:16,005 INFO : PL20603306857 actualizado
2022-12-21 11:48:16,013 DEBUG: Validacion finalizada
2022-12-21 11:48:16,014 DEBUG: Iniciando validacion
2022-12-21 11:48:16,015 DEBUG: Revisando en BD RUC: 20604735794
2022-12-21 11:48:16,109 DEBUG: Revisando ruc: 20604735794
2022-12-21 11:48:16,235 DEBUG: Comparando SUNAT con BD
2022-12-21 11:48:17,627 INFO : PL20604735794 actualizado
2022-12-21 11:48:17,632 DEBUG: Validacion finalizada
2022-12-21 11:48:17,633 DEBUG: Iniciando validacion
2022-12-21 11:48:17,633 DEBUG: Revisando en BD RUC: 20409388851
2022-12-21 11:48:17,685 DEBUG: Revisando ruc: 20409388851
2022-12-21 11:48:17,837 DEBUG: Comparando SUNAT con BD
2022-12-21 11:48:19,146 INFO : PL20409388851 actualizado
2022-12-21 11:48:19,171 DEBUG: Revisando ruc: 20409388851
2022-12-21 11:48:19,279 DEBUG: Comparando SUNAT con BD
2022-12-21 11:48:20,426 INFO : CL20409388851 actualizado
2022-12-21 11:48:20,433 DEBUG: Validacion finalizada
2022-12-21 11:48:20,434 DEBUG: Iniciando validacion
2022-12-21 11:48:20,435 DEBUG: Revisando en BD RUC: 20607739880
2022-12-21 11:48:20,500 DEBUG: Revisando ruc: 20607739880
2022-12-21 11:48:20,614 DEBUG: Comparando SUNAT con BD
2022-12-21 11:48:21,744 INFO : PL20607739880 actualizado
2022-12-21 11:48:21,751 DEBUG: Validacion finalizada
2022-12-21 11:48:21,752 DEBUG: Iniciando validacion
2022-12-21 11:48:21,753 DEBUG: Revisando en BD RUC: 20603523424
2022-12-21 11:48:21,818 DEBUG: Revisando ruc: 20603523424
2022-12-21 11:48:21,952 DEBUG: Comparando SUNAT con BD
2022-12-21 11:48:23,367 INFO : PL20603523424 actualizado
2022-12-21 11:48:23,372 DEBUG: Validacion finalizada
2022-12-21 11:48:23,372 INFO : Resultado: 10 correctos, 0 errores, 0 inválidos, 11 Socios Procesados -  Total Acumulado: 167
2022-12-21 11:48:23,372 INFO : RUC del 201 al 210
2022-12-21 11:48:25,815 DEBUG: Iniciando validacion
2022-12-21 11:48:25,815 DEBUG: Revisando en BD RUC: 20503955882
2022-12-21 11:48:25,867 DEBUG: Revisando ruc: 20503955882
2022-12-21 11:48:25,892 DEBUG: 20160901
2022-12-21 11:48:25,990 DEBUG: Comparando SUNAT con BD
2022-12-21 11:48:26,821 ERROR: Error al actualizar: CardCode-PL20503955882 - -1116: (2) bpvs:LC20 - En la pestaña Direcciones, debe llenar los campos "Calle/Número", "Distrito", "Ciudad", "Departamento" de todas las direcciones
2022-12-21 11:48:26,827 DEBUG: Validacion finalizada
2022-12-21 11:48:26,828 DEBUG: Iniciando validacion
2022-12-21 11:48:26,828 DEBUG: Revisando en BD RUC: 20525554008
2022-12-21 11:48:26,899 DEBUG: Revisando ruc: 20525554008
2022-12-21 11:48:27,026 DEBUG: Comparando SUNAT con BD
2022-12-21 11:48:28,496 INFO : PL20525554008 actualizado
2022-12-21 11:48:28,500 DEBUG: Validacion finalizada
2022-12-21 11:48:28,501 DEBUG: Iniciando validacion
2022-12-21 11:48:28,502 DEBUG: Revisando en BD RUC: 20602369804
2022-12-21 11:48:28,569 DEBUG: Revisando ruc: 20602369804
2022-12-21 11:48:28,719 DEBUG: Comparando SUNAT con BD
2022-12-21 11:48:30,037 INFO : PL20602369804 actualizado
2022-12-21 11:48:30,045 DEBUG: Validacion finalizada
2022-12-21 11:48:30,045 DEBUG: Iniciando validacion
2022-12-21 11:48:30,045 DEBUG: Revisando en BD RUC: 20337511172
2022-12-21 11:48:30,114 DEBUG: Revisando ruc: 20337511172
2022-12-21 11:48:30,223 DEBUG: Comparando SUNAT con BD
2022-12-21 11:48:31,762 INFO : PL20337511172 actualizado
2022-12-21 11:48:31,768 DEBUG: Validacion finalizada
2022-12-21 11:48:31,769 DEBUG: Iniciando validacion
2022-12-21 11:48:31,770 DEBUG: Revisando en BD RUC: 20399119066
2022-12-21 11:48:31,831 DEBUG: Revisando ruc: 20399119066
2022-12-21 11:48:31,969 DEBUG: Comparando SUNAT con BD
2022-12-21 11:48:33,090 INFO : PL20399119066 actualizado
2022-12-21 11:48:33,096 DEBUG: Validacion finalizada
2022-12-21 11:48:33,096 DEBUG: Iniciando validacion
2022-12-21 11:48:33,098 DEBUG: Revisando en BD RUC: 20565591160
2022-12-21 11:48:33,161 DEBUG: Revisando ruc: 20565591160
2022-12-21 11:48:33,270 DEBUG: Comparando SUNAT con BD
2022-12-21 11:48:34,393 INFO : PL20565591160 actualizado
2022-12-21 11:48:34,398 DEBUG: Validacion finalizada
2022-12-21 11:48:34,399 DEBUG: Iniciando validacion
2022-12-21 11:48:34,400 DEBUG: Revisando en BD RUC: 20101357610
2022-12-21 11:48:34,460 DEBUG: Revisando ruc: 20101357610
2022-12-21 11:48:34,586 DEBUG: Comparando SUNAT con BD
2022-12-21 11:48:35,740 INFO : PL20101357610 actualizado
2022-12-21 11:48:35,746 DEBUG: Validacion finalizada
2022-12-21 11:48:35,747 DEBUG: Iniciando validacion
2022-12-21 11:48:35,748 DEBUG: Revisando en BD RUC: 20510620195
2022-12-21 11:48:35,824 DEBUG: Revisando ruc: 20510620195
2022-12-21 11:48:35,987 DEBUG: Comparando SUNAT con BD
2022-12-21 11:48:37,148 INFO : PL20510620195 actualizado
2022-12-21 11:48:37,154 DEBUG: Validacion finalizada
2022-12-21 11:48:37,155 DEBUG: Iniciando validacion
2022-12-21 11:48:37,156 DEBUG: Revisando en BD RUC: 20513074370
2022-12-21 11:48:37,228 DEBUG: Revisando ruc: 20513074370
2022-12-21 11:48:37,253 DEBUG: 20160301
2022-12-21 11:48:37,254 DEBUG: 20100101
2022-12-21 11:48:37,339 DEBUG: Comparando SUNAT con BD
2022-12-21 11:48:38,148 ERROR: Error al actualizar: CardCode-PL20513074370 - -1116: (2) bpvs:LC20 - En la pestaña Direcciones, debe llenar los campos "Calle/Número", "Distrito", "Ciudad", "Departamento" de todas las direcciones
2022-12-21 11:48:38,154 DEBUG: Validacion finalizada
2022-12-21 11:48:38,154 DEBUG: Iniciando validacion
2022-12-21 11:48:38,157 DEBUG: Revisando en BD RUC: 10430068003
2022-12-21 11:48:38,221 DEBUG: Revisando ruc: 10430068003
2022-12-21 11:48:38,307 DEBUG: Comparando SUNAT con BD
2022-12-21 11:48:39,254 ERROR: Error al actualizar: CardCode-PL10430068003 - -1116: (2) bpvs:LC12 - Si se trata de una Persona Natural con RUC sin Negocio, en la pestaña de Finanzas debe colocar el tipo de impuesto "Extranjero"
2022-12-21 11:48:39,260 DEBUG: Validacion finalizada
2022-12-21 11:48:39,260 INFO : Resultado: 7 correctos, 3 errores, 0 inválidos, 7 Socios Procesados -  Total Acumulado: 174
2022-12-21 11:48:39,260 INFO : RUC del 211 al 220
2022-12-21 11:48:41,186 DEBUG: Iniciando validacion
2022-12-21 11:48:41,187 DEBUG: Revisando en BD RUC: 20607841013
2022-12-21 11:48:41,307 DEBUG: Revisando ruc: 20607841013
2022-12-21 11:48:41,437 DEBUG: Comparando SUNAT con BD
2022-12-21 11:48:42,556 INFO : PL20607841013 actualizado
2022-12-21 11:48:42,560 DEBUG: Validacion finalizada
2022-12-21 11:48:42,560 DEBUG: Iniciando validacion
2022-12-21 11:48:42,562 DEBUG: Revisando en BD RUC: 20525997171
2022-12-21 11:48:42,629 DEBUG: Revisando ruc: 20525997171
2022-12-21 11:48:42,753 DEBUG: Comparando SUNAT con BD
2022-12-21 11:48:43,747 INFO : PL20525997171 actualizado
2022-12-21 11:48:43,752 DEBUG: Validacion finalizada
2022-12-21 11:48:43,753 DEBUG: Iniciando validacion
2022-12-21 11:48:43,756 DEBUG: Revisando en BD RUC: 20492842339
2022-12-21 11:48:43,847 DEBUG: Revisando ruc: 20492842339
2022-12-21 11:48:43,862 DEBUG: 20170201
2022-12-21 11:48:43,963 DEBUG: Comparando SUNAT con BD
2022-12-21 11:48:45,295 INFO : PL20492842339 actualizado
2022-12-21 11:48:45,300 DEBUG: Validacion finalizada
2022-12-21 11:48:45,301 DEBUG: Iniciando validacion
2022-12-21 11:48:45,302 DEBUG: Revisando en BD RUC: 20484194026
2022-12-21 11:48:45,368 DEBUG: Revisando ruc: 20484194026
2022-12-21 11:48:45,393 DEBUG: 20130701
2022-12-21 11:48:45,498 DEBUG: Comparando SUNAT con BD
2022-12-21 11:48:47,019 INFO : PL20484194026 actualizado
2022-12-21 11:48:47,024 DEBUG: Validacion finalizada
2022-12-21 11:48:47,024 DEBUG: Iniciando validacion
2022-12-21 11:48:47,025 DEBUG: Revisando en BD RUC: 20607964107
2022-12-21 11:48:47,078 DEBUG: Revisando ruc: 20607964107
2022-12-21 11:48:47,209 DEBUG: Comparando SUNAT con BD
2022-12-21 11:48:48,667 INFO : PL20607964107 actualizado
2022-12-21 11:48:48,672 DEBUG: Validacion finalizada
2022-12-21 11:48:48,673 DEBUG: Iniciando validacion
2022-12-21 11:48:48,674 DEBUG: Revisando en BD RUC: 10035887488
2022-12-21 11:48:48,737 DEBUG: Revisando ruc: 10035887488
2022-12-21 11:48:48,827 DEBUG: Comparando SUNAT con BD
2022-12-21 11:48:50,192 INFO : PL10035887488 actualizado
2022-12-21 11:48:50,199 DEBUG: Validacion finalizada
2022-12-21 11:48:50,200 DEBUG: Iniciando validacion
2022-12-21 11:48:50,203 DEBUG: Revisando en BD RUC: 10167582759
2022-12-21 11:48:50,271 DEBUG: Revisando ruc: 10167582759
2022-12-21 11:48:50,354 DEBUG: Comparando SUNAT con BD
2022-12-21 11:48:51,041 ERROR: Error al actualizar: CardCode-PL10167582759 - -1116: (2) bpvs:LC12 - Si se trata de una Persona Natural con RUC sin Negocio, en la pestaña de Finanzas debe colocar el tipo de impuesto "Extranjero"
2022-12-21 11:48:51,047 DEBUG: Validacion finalizada
2022-12-21 11:48:51,048 DEBUG: Iniciando validacion
2022-12-21 11:48:51,048 DEBUG: Revisando en BD RUC: 20604854327
2022-12-21 11:48:51,116 DEBUG: Revisando ruc: 20604854327
2022-12-21 11:48:51,242 DEBUG: Comparando SUNAT con BD
2022-12-21 11:48:52,452 INFO : PL20604854327 actualizado
2022-12-21 11:48:52,458 DEBUG: Validacion finalizada
2022-12-21 11:48:52,459 DEBUG: Iniciando validacion
2022-12-21 11:48:52,459 DEBUG: Revisando en BD RUC: 20530207553
2022-12-21 11:48:52,537 DEBUG: Revisando ruc: 20530207553
2022-12-21 11:48:52,648 DEBUG: Comparando SUNAT con BD
2022-12-21 11:48:53,599 INFO : PL20530207553 actualizado
2022-12-21 11:48:53,603 DEBUG: Validacion finalizada
2022-12-21 11:48:53,604 DEBUG: Iniciando validacion
2022-12-21 11:48:53,604 DEBUG: Revisando en BD RUC: 20605010319
2022-12-21 11:48:53,667 DEBUG: Revisando ruc: 20605010319
2022-12-21 11:48:53,801 DEBUG: Comparando SUNAT con BD
2022-12-21 11:48:54,934 INFO : PL20605010319 actualizado
2022-12-21 11:48:54,940 DEBUG: Validacion finalizada
2022-12-21 11:48:54,941 INFO : Resultado: 9 correctos, 1 errores, 0 inválidos, 9 Socios Procesados -  Total Acumulado: 183
2022-12-21 11:48:54,941 INFO : RUC del 221 al 230
2022-12-21 11:48:58,088 DEBUG: Iniciando validacion
2022-12-21 11:48:58,088 DEBUG: Revisando en BD RUC: 20525944728
2022-12-21 11:48:58,144 DEBUG: Revisando ruc: 20525944728
2022-12-21 11:48:58,289 DEBUG: Comparando SUNAT con BD
2022-12-21 11:48:59,463 INFO : PL20525944728 actualizado
2022-12-21 11:48:59,470 DEBUG: Validacion finalizada
2022-12-21 11:48:59,470 DEBUG: Iniciando validacion
2022-12-21 11:48:59,471 DEBUG: Revisando en BD RUC: 20511066957
2022-12-21 11:48:59,536 DEBUG: Revisando ruc: 20511066957
2022-12-21 11:48:59,650 DEBUG: Comparando SUNAT con BD
2022-12-21 11:49:01,082 INFO : PL20511066957 actualizado
2022-12-21 11:49:01,100 DEBUG: Validacion finalizada
2022-12-21 11:49:01,100 DEBUG: Iniciando validacion
2022-12-21 11:49:01,101 DEBUG: Revisando en BD RUC: 10028914151
2022-12-21 11:49:01,155 DEBUG: Revisando ruc: 10028914151
2022-12-21 11:49:01,245 DEBUG: Comparando SUNAT con BD
2022-12-21 11:49:02,467 ERROR: Error al actualizar: CardCode-PL10028914151 - -1116: (2) bpvs:FE03 - La dirección de facturación por defecto debe de tener un ubigueo definido.
2022-12-21 11:49:02,473 DEBUG: Validacion finalizada
2022-12-21 11:49:02,474 DEBUG: Iniciando validacion
2022-12-21 11:49:02,474 DEBUG: Revisando en BD RUC: 20526643578
2022-12-21 11:49:02,539 DEBUG: Revisando ruc: 20526643578
2022-12-21 11:49:02,671 DEBUG: Comparando SUNAT con BD
2022-12-21 11:49:03,650 ERROR: Error al actualizar: CardCode-PL20526643578 - -1116: (2) bpvs:LC20 - En la pestaña Direcciones, debe llenar los campos "Calle/Número", "Distrito", "Ciudad", "Departamento" de todas las direcciones
2022-12-21 11:49:03,658 DEBUG: Validacion finalizada
2022-12-21 11:49:03,658 DEBUG: Iniciando validacion
2022-12-21 11:49:03,659 DEBUG: Revisando en BD RUC: 10469705787
2022-12-21 11:49:03,722 DEBUG: Revisando ruc: 10469705787
2022-12-21 11:49:03,809 DEBUG: Comparando SUNAT con BD
2022-12-21 11:49:05,175 INFO : PL10469705787 actualizado
2022-12-21 11:49:05,181 DEBUG: Validacion finalizada
2022-12-21 11:49:05,182 DEBUG: Iniciando validacion
2022-12-21 11:49:05,183 DEBUG: Revisando en BD RUC: 20512321357
2022-12-21 11:49:05,249 DEBUG: Revisando ruc: 20512321357
2022-12-21 11:49:05,364 DEBUG: Comparando SUNAT con BD
2022-12-21 11:49:06,342 INFO : PL20512321357 actualizado
2022-12-21 11:49:06,352 DEBUG: Validacion finalizada
2022-12-21 11:49:06,352 DEBUG: Iniciando validacion
2022-12-21 11:49:06,353 DEBUG: Revisando en BD RUC: 20604403864
2022-12-21 11:49:06,409 DEBUG: Revisando ruc: 20604403864
2022-12-21 11:49:06,530 DEBUG: Comparando SUNAT con BD
2022-12-21 11:49:07,986 INFO : PL20604403864 actualizado
2022-12-21 11:49:07,997 DEBUG: Validacion finalizada
2022-12-21 11:49:07,997 DEBUG: Iniciando validacion
2022-12-21 11:49:07,998 DEBUG: Revisando en BD RUC: 20512972536
2022-12-21 11:49:08,077 DEBUG: Revisando ruc: 20512972536
2022-12-21 11:49:08,202 DEBUG: Comparando SUNAT con BD
2022-12-21 11:49:09,638 INFO : PL20512972536 actualizado
2022-12-21 11:49:09,643 DEBUG: Validacion finalizada
2022-12-21 11:49:09,644 DEBUG: Iniciando validacion
2022-12-21 11:49:09,645 DEBUG: Revisando en BD RUC: 20530283063
2022-12-21 11:49:09,712 DEBUG: Revisando ruc: 20530283063
2022-12-21 11:49:09,843 DEBUG: Comparando SUNAT con BD
2022-12-21 11:49:10,939 INFO : PL20530283063 actualizado
2022-12-21 11:49:10,944 DEBUG: Validacion finalizada
2022-12-21 11:49:10,948 DEBUG: Iniciando validacion
2022-12-21 11:49:10,948 DEBUG: Revisando en BD RUC: 20526055048
2022-12-21 11:49:11,028 DEBUG: Revisando ruc: 20526055048
2022-12-21 11:49:11,147 DEBUG: Comparando SUNAT con BD
2022-12-21 11:49:12,359 INFO : PL20526055048 actualizado
2022-12-21 11:49:12,369 DEBUG: Validacion finalizada
2022-12-21 11:49:12,370 INFO : Resultado: 8 correctos, 2 errores, 0 inválidos, 8 Socios Procesados -  Total Acumulado: 191
2022-12-21 11:49:12,370 INFO : RUC del 231 al 240
2022-12-21 11:49:14,911 DEBUG: Iniciando validacion
2022-12-21 11:49:14,911 DEBUG: Revisando en BD RUC: 20535849936
2022-12-21 11:49:14,974 DEBUG: Revisando ruc: 20535849936
2022-12-21 11:49:15,090 DEBUG: Comparando SUNAT con BD
2022-12-21 11:49:16,398 INFO : PL20535849936 actualizado
2022-12-21 11:49:16,403 DEBUG: Validacion finalizada
2022-12-21 11:49:16,404 DEBUG: Iniciando validacion
2022-12-21 11:49:16,404 DEBUG: Revisando en BD RUC: 20607147672
2022-12-21 11:49:16,479 DEBUG: Revisando ruc: 20607147672
2022-12-21 11:49:16,602 DEBUG: Comparando SUNAT con BD
2022-12-21 11:49:17,971 INFO : PL20607147672 actualizado
2022-12-21 11:49:17,979 DEBUG: Validacion finalizada
2022-12-21 11:49:17,979 DEBUG: Iniciando validacion
2022-12-21 11:49:17,980 DEBUG: Revisando en BD RUC: 20556342386
2022-12-21 11:49:18,032 DEBUG: Revisando ruc: 20556342386
2022-12-21 11:49:18,145 DEBUG: Comparando SUNAT con BD
2022-12-21 11:49:19,318 INFO : PL20556342386 actualizado
2022-12-21 11:49:19,348 DEBUG: Revisando ruc: 20556342386
2022-12-21 11:49:19,453 DEBUG: Comparando SUNAT con BD
2022-12-21 11:49:20,454 INFO : CL20556342386 actualizado
2022-12-21 11:49:20,461 DEBUG: Validacion finalizada
2022-12-21 11:49:20,462 DEBUG: Iniciando validacion
2022-12-21 11:49:20,463 DEBUG: Revisando en BD RUC: 20538185010
2022-12-21 11:49:20,518 DEBUG: Revisando ruc: 20538185010
2022-12-21 11:49:20,640 DEBUG: Comparando SUNAT con BD
2022-12-21 11:49:21,859 INFO : PL20538185010 actualizado
2022-12-21 11:49:21,863 DEBUG: Validacion finalizada
2022-12-21 11:49:21,864 DEBUG: Iniciando validacion
2022-12-21 11:49:21,864 DEBUG: Revisando en BD RUC: 10002022431
2022-12-21 11:49:21,928 DEBUG: Revisando ruc: 10002022431
2022-12-21 11:49:22,014 DEBUG: Comparando SUNAT con BD
2022-12-21 11:49:22,945 INFO : PL10002022431 actualizado
2022-12-21 11:49:22,951 DEBUG: Validacion finalizada
2022-12-21 11:49:22,952 DEBUG: Iniciando validacion
2022-12-21 11:49:22,952 DEBUG: Revisando en BD RUC: 20530321682
2022-12-21 11:49:23,018 DEBUG: Revisando ruc: 20530321682
2022-12-21 11:49:23,066 DEBUG: 20191201
2022-12-21 11:49:23,167 DEBUG: Comparando SUNAT con BD
2022-12-21 11:49:24,513 INFO : PL20530321682 actualizado
2022-12-21 11:49:24,519 DEBUG: Validacion finalizada
2022-12-21 11:49:24,519 DEBUG: Iniciando validacion
2022-12-21 11:49:24,520 DEBUG: Revisando en BD RUC: 20529801867
2022-12-21 11:49:24,587 DEBUG: Revisando ruc: 20529801867
2022-12-21 11:49:24,712 DEBUG: Comparando SUNAT con BD
2022-12-21 11:49:26,054 INFO : PL20529801867 actualizado
2022-12-21 11:49:26,063 DEBUG: Validacion finalizada
2022-12-21 11:49:26,064 DEBUG: Iniciando validacion
2022-12-21 11:49:26,064 DEBUG: Revisando en BD RUC: 20604665605
2022-12-21 11:49:26,141 DEBUG: Revisando ruc: 20604665605
2022-12-21 11:49:26,296 DEBUG: Comparando SUNAT con BD
2022-12-21 11:49:27,692 INFO : PL20604665605 actualizado
2022-12-21 11:49:27,700 DEBUG: Validacion finalizada
2022-12-21 11:49:27,701 DEBUG: Iniciando validacion
2022-12-21 11:49:27,702 DEBUG: Revisando en BD RUC: 20540098876
2022-12-21 11:49:27,777 DEBUG: Revisando ruc: 20540098876
2022-12-21 11:49:27,902 DEBUG: Comparando SUNAT con BD
2022-12-21 11:49:29,225 INFO : PL20540098876 actualizado
2022-12-21 11:49:29,232 DEBUG: Validacion finalizada
2022-12-21 11:49:29,232 DEBUG: Iniciando validacion
2022-12-21 11:49:29,234 DEBUG: Revisando en BD RUC: 20516504332
2022-12-21 11:49:29,300 DEBUG: Revisando ruc: 20516504332
2022-12-21 11:49:29,457 DEBUG: Comparando SUNAT con BD
2022-12-21 11:49:30,630 INFO : PL20516504332 actualizado
2022-12-21 11:49:30,637 DEBUG: Validacion finalizada
2022-12-21 11:49:30,637 INFO : Resultado: 10 correctos, 0 errores, 0 inválidos, 11 Socios Procesados -  Total Acumulado: 202
2022-12-21 11:49:30,638 INFO : RUC del 241 al 250
2022-12-21 11:49:32,424 DEBUG: Iniciando validacion
2022-12-21 11:49:32,424 DEBUG: Revisando en BD RUC: 20601610664
2022-12-21 11:49:32,487 DEBUG: Revisando ruc: 20601610664
2022-12-21 11:49:32,505 DEBUG: 20180401
2022-12-21 11:49:32,597 DEBUG: Comparando SUNAT con BD
2022-12-21 11:49:33,713 INFO : PL20601610664 actualizado
2022-12-21 11:49:33,721 DEBUG: Validacion finalizada
2022-12-21 11:49:33,722 DEBUG: Iniciando validacion
2022-12-21 11:49:33,722 DEBUG: Revisando en BD RUC: 20605568395
2022-12-21 11:49:33,795 DEBUG: Revisando ruc: 20605568395
2022-12-21 11:49:33,816 DEBUG: 20220201
2022-12-21 11:49:33,928 DEBUG: Comparando SUNAT con BD
2022-12-21 11:49:35,442 INFO : PL20605568395 actualizado
2022-12-21 11:49:35,448 DEBUG: Validacion finalizada
2022-12-21 11:49:35,448 DEBUG: Iniciando validacion
2022-12-21 11:49:35,450 DEBUG: Revisando en BD RUC: 20543493351
2022-12-21 11:49:35,519 DEBUG: Revisando ruc: 20543493351
2022-12-21 11:49:35,635 DEBUG: Comparando SUNAT con BD
2022-12-21 11:49:37,094 INFO : PL20543493351 actualizado
2022-12-21 11:49:37,105 DEBUG: Validacion finalizada
2022-12-21 11:49:37,105 DEBUG: Iniciando validacion
2022-12-21 11:49:37,107 DEBUG: Revisando en BD RUC: 20605741577
2022-12-21 11:49:37,199 DEBUG: Revisando ruc: 20605741577
2022-12-21 11:49:37,334 DEBUG: Comparando SUNAT con BD
2022-12-21 11:49:38,786 INFO : PL20605741577 actualizado
2022-12-21 11:49:38,791 DEBUG: Validacion finalizada
2022-12-21 11:49:38,791 DEBUG: Iniciando validacion
2022-12-21 11:49:38,791 DEBUG: Revisando en BD RUC: 20555992387
2022-12-21 11:49:38,852 DEBUG: Revisando ruc: 20555992387
2022-12-21 11:49:38,968 DEBUG: Comparando SUNAT con BD
2022-12-21 11:49:40,293 INFO : PL20555992387 actualizado
2022-12-21 11:49:40,298 DEBUG: Validacion finalizada
2022-12-21 11:49:40,299 DEBUG: Iniciando validacion
2022-12-21 11:49:40,299 DEBUG: Revisando en BD RUC: 20484327948
2022-12-21 11:49:40,365 DEBUG: Revisando ruc: 20484327948
2022-12-21 11:49:40,481 DEBUG: Comparando SUNAT con BD
2022-12-21 11:49:41,444 INFO : CL20484327948 actualizado
2022-12-21 11:49:41,468 DEBUG: Revisando ruc: 20484327948
2022-12-21 11:49:41,593 DEBUG: Comparando SUNAT con BD
2022-12-21 11:49:42,935 INFO : PL20484327948 actualizado
2022-12-21 11:49:42,943 DEBUG: Validacion finalizada
2022-12-21 11:49:42,944 DEBUG: Iniciando validacion
2022-12-21 11:49:42,945 DEBUG: Revisando en BD RUC: 20602033661
2022-12-21 11:49:43,002 DEBUG: Revisando ruc: 20602033661
2022-12-21 11:49:43,122 DEBUG: Comparando SUNAT con BD
2022-12-21 11:49:44,339 INFO : PL20602033661 actualizado
2022-12-21 11:49:44,347 DEBUG: Validacion finalizada
2022-12-21 11:49:44,347 DEBUG: Iniciando validacion
2022-12-21 11:49:44,348 DEBUG: Revisando en BD RUC: 20536877682
2022-12-21 11:49:44,416 DEBUG: Revisando ruc: 20536877682
2022-12-21 11:49:44,443 DEBUG: 20160201
2022-12-21 11:49:44,564 DEBUG: Comparando SUNAT con BD
2022-12-21 11:49:45,884 INFO : PL20536877682 actualizado
2022-12-21 11:49:45,892 DEBUG: Validacion finalizada
2022-12-21 11:49:45,893 DEBUG: Iniciando validacion
2022-12-21 11:49:45,893 DEBUG: Revisando en BD RUC: 20100512077
2022-12-21 11:49:45,957 DEBUG: Revisando ruc: 20100512077
2022-12-21 11:49:45,974 DEBUG: 20030401
2022-12-21 11:49:45,974 DEBUG: 20160201
2022-12-21 11:49:46,069 DEBUG: Comparando SUNAT con BD
2022-12-21 11:49:47,158 INFO : PL20100512077 actualizado
2022-12-21 11:49:47,166 DEBUG: Validacion finalizada
2022-12-21 11:49:47,167 DEBUG: Iniciando validacion
2022-12-21 11:49:47,167 DEBUG: Revisando en BD RUC: 20231328425
2022-12-21 11:49:47,229 DEBUG: Revisando ruc: 20231328425
2022-12-21 11:49:47,364 DEBUG: Comparando SUNAT con BD
2022-12-21 11:49:48,384 INFO : CL20231328425 actualizado
2022-12-21 11:49:48,391 DEBUG: Validacion finalizada
2022-12-21 11:49:48,391 INFO : Resultado: 10 correctos, 0 errores, 0 inválidos, 11 Socios Procesados -  Total Acumulado: 213
2022-12-21 11:49:48,392 INFO : RUC del 251 al 260
2022-12-21 11:49:50,011 DEBUG: Iniciando validacion
2022-12-21 11:49:50,012 DEBUG: Revisando en BD RUC: 20523051521
2022-12-21 11:49:50,071 DEBUG: Revisando ruc: 20523051521
2022-12-21 11:49:50,101 DEBUG: 20160201
2022-12-21 11:49:50,193 DEBUG: Comparando SUNAT con BD
2022-12-21 11:49:51,611 INFO : PL20523051521 actualizado
2022-12-21 11:49:51,619 DEBUG: Validacion finalizada
2022-12-21 11:49:51,619 DEBUG: Iniciando validacion
2022-12-21 11:49:51,620 DEBUG: Revisando en BD RUC: 20525346740
2022-12-21 11:49:51,676 DEBUG: Revisando ruc: 20525346740
2022-12-21 11:49:51,692 DEBUG: 20220201
2022-12-21 11:49:51,783 DEBUG: Comparando SUNAT con BD
2022-12-21 11:49:53,012 INFO : PL20525346740 actualizado
2022-12-21 11:49:53,017 DEBUG: Validacion finalizada
2022-12-21 11:49:53,018 DEBUG: Iniciando validacion
2022-12-21 11:49:53,018 DEBUG: Revisando en BD RUC: 10409083116
2022-12-21 11:49:53,081 DEBUG: Revisando ruc: 10409083116
2022-12-21 11:49:53,163 DEBUG: Comparando SUNAT con BD
2022-12-21 11:49:54,012 ERROR: Error al actualizar: CardCode-PL10409083116 - -1116: (2) bpvs:LC12 - Si se trata de una Persona Natural con RUC sin Negocio, en la pestaña de Finanzas debe colocar el tipo de impuesto "Extranjero"
2022-12-21 11:49:54,019 DEBUG: Validacion finalizada
2022-12-21 11:49:54,020 DEBUG: Iniciando validacion
2022-12-21 11:49:54,020 DEBUG: Revisando en BD RUC: 20525371345
2022-12-21 11:49:54,084 DEBUG: Revisando ruc: 20525371345
2022-12-21 11:49:54,097 DEBUG: 20190501
2022-12-21 11:49:54,196 DEBUG: Comparando SUNAT con BD
2022-12-21 11:49:55,292 INFO : PL20525371345 actualizado
2022-12-21 11:49:55,304 DEBUG: Validacion finalizada
2022-12-21 11:49:55,305 DEBUG: Iniciando validacion
2022-12-21 11:49:55,306 DEBUG: Revisando en BD RUC: 20492691969
2022-12-21 11:49:55,370 DEBUG: Revisando ruc: 20492691969
2022-12-21 11:49:55,514 DEBUG: Comparando SUNAT con BD
2022-12-21 11:49:56,792 INFO : PL20492691969 actualizado
2022-12-21 11:49:56,800 DEBUG: Validacion finalizada
2022-12-21 11:49:56,801 DEBUG: Iniciando validacion
2022-12-21 11:49:56,805 DEBUG: Revisando en BD RUC: 20525387853
2022-12-21 11:49:56,865 DEBUG: Revisando ruc: 20525387853
2022-12-21 11:49:56,980 DEBUG: Comparando SUNAT con BD
2022-12-21 11:49:58,175 INFO : PL20525387853 actualizado
2022-12-21 11:49:58,184 DEBUG: Validacion finalizada
2022-12-21 11:49:58,184 DEBUG: Iniciando validacion
2022-12-21 11:49:58,185 DEBUG: Revisando en BD RUC: 20525908845
2022-12-21 11:49:58,235 DEBUG: Revisando ruc: 20525908845
2022-12-21 11:49:58,356 DEBUG: Comparando SUNAT con BD
2022-12-21 11:49:59,664 INFO : PL20525908845 actualizado
2022-12-21 11:49:59,674 DEBUG: Validacion finalizada
2022-12-21 11:49:59,674 DEBUG: Iniciando validacion
2022-12-21 11:49:59,676 DEBUG: Revisando en BD RUC: 20525518541
2022-12-21 11:49:59,739 DEBUG: Revisando ruc: 20525518541
2022-12-21 11:49:59,854 DEBUG: Comparando SUNAT con BD
2022-12-21 11:50:01,066 INFO : PL20525518541 actualizado
2022-12-21 11:50:01,074 DEBUG: Validacion finalizada
2022-12-21 11:50:01,075 DEBUG: Iniciando validacion
2022-12-21 11:50:01,076 DEBUG: Revisando en BD RUC: 20605676848
2022-12-21 11:50:01,151 DEBUG: Revisando ruc: 20605676848
2022-12-21 11:50:01,272 DEBUG: Comparando SUNAT con BD
2022-12-21 11:50:02,255 INFO : CL20605676848 actualizado
2022-12-21 11:50:02,284 DEBUG: Revisando ruc: 20605676848
2022-12-21 11:50:02,392 DEBUG: Comparando SUNAT con BD
2022-12-21 11:50:03,415 INFO : PL20605676848 actualizado
2022-12-21 11:50:03,423 DEBUG: Validacion finalizada
2022-12-21 11:50:03,423 DEBUG: Iniciando validacion
2022-12-21 11:50:03,423 DEBUG: Revisando en BD RUC: 20537540070
2022-12-21 11:50:03,509 DEBUG: Revisando ruc: 20537540070
2022-12-21 11:50:03,658 DEBUG: Comparando SUNAT con BD
2022-12-21 11:50:04,940 ERROR: Error al actualizar: CardCode-PL20537540070 - -1116: (2) bpvs:FE03 - La dirección de facturación por defecto debe de tener un ubigueo definido.
2022-12-21 11:50:04,950 DEBUG: Validacion finalizada
2022-12-21 11:50:04,951 INFO : Resultado: 8 correctos, 2 errores, 0 inválidos, 9 Socios Procesados -  Total Acumulado: 222
2022-12-21 11:50:04,951 INFO : RUC del 261 al 270
2022-12-21 11:50:07,025 DEBUG: Iniciando validacion
2022-12-21 11:50:07,025 DEBUG: Revisando en BD RUC: 10026310763
2022-12-21 11:50:07,086 DEBUG: Revisando ruc: 10026310763
2022-12-21 11:50:07,086 DEBUG: 20220201
2022-12-21 11:50:07,167 DEBUG: Comparando SUNAT con BD
2022-12-21 11:50:09,671 INFO : PL10026310763 actualizado
2022-12-21 11:50:09,679 DEBUG: Validacion finalizada
2022-12-21 11:50:09,680 DEBUG: Iniciando validacion
2022-12-21 11:50:09,680 DEBUG: Revisando en BD RUC: 20525582800
2022-12-21 11:50:09,741 DEBUG: Revisando ruc: 20525582800
2022-12-21 11:50:09,848 DEBUG: Comparando SUNAT con BD
2022-12-21 11:50:11,740 ERROR: Error al actualizar: CardCode-CL20525582800 - -1116: (2) bpvs:LC02 - El código de Impuesto de la Dirección de Almacén debe ser el mismo para todas las direcciones.
2022-12-21 11:50:11,766 DEBUG: Revisando ruc: 20525582800
2022-12-21 11:50:11,876 DEBUG: Comparando SUNAT con BD
2022-12-21 11:50:14,437 INFO : PL20525582800 actualizado
2022-12-21 11:50:14,444 DEBUG: Validacion finalizada
2022-12-21 11:50:14,444 DEBUG: Iniciando validacion
2022-12-21 11:50:14,445 DEBUG: Revisando en BD RUC: 20330286874
2022-12-21 11:50:14,506 DEBUG: Revisando ruc: 20330286874
2022-12-21 11:50:14,520 DEBUG: 20121101
2022-12-21 11:50:14,619 DEBUG: Comparando SUNAT con BD
2022-12-21 11:50:15,789 INFO : PL20330286874 actualizado
2022-12-21 11:50:15,797 DEBUG: Validacion finalizada
2022-12-21 11:50:15,798 DEBUG: Iniciando validacion
2022-12-21 11:50:15,800 DEBUG: Revisando en BD RUC: 20603184409
2022-12-21 11:50:15,876 DEBUG: Revisando ruc: 20603184409
2022-12-21 11:50:15,896 DEBUG: 20220201
2022-12-21 11:50:15,999 DEBUG: Comparando SUNAT con BD
2022-12-21 11:50:17,369 INFO : PL20603184409 actualizado
2022-12-21 11:50:17,376 DEBUG: Validacion finalizada
2022-12-21 11:50:17,377 DEBUG: Iniciando validacion
2022-12-21 11:50:17,378 DEBUG: Revisando en BD RUC: 20536645552
2022-12-21 11:50:17,446 DEBUG: Revisando ruc: 20536645552
2022-12-21 11:50:17,578 DEBUG: Comparando SUNAT con BD
2022-12-21 11:50:18,826 INFO : PL20536645552 actualizado
2022-12-21 11:50:18,831 DEBUG: Validacion finalizada
2022-12-21 11:50:18,831 DEBUG: Iniciando validacion
2022-12-21 11:50:18,832 DEBUG: Revisando en BD RUC: 20603343329
2022-12-21 11:50:18,901 DEBUG: Revisando ruc: 20603343329
2022-12-21 11:50:19,020 DEBUG: Comparando SUNAT con BD
2022-12-21 11:50:19,999 INFO : PL20603343329 actualizado
2022-12-21 11:50:20,007 DEBUG: Validacion finalizada
2022-12-21 11:50:20,007 DEBUG: Iniciando validacion
2022-12-21 11:50:20,009 DEBUG: Revisando en BD RUC: 20606706856
2022-12-21 11:50:20,069 DEBUG: Revisando ruc: 20606706856
2022-12-21 11:50:20,182 DEBUG: Comparando SUNAT con BD
2022-12-21 11:50:21,613 INFO : PL20606706856 actualizado
2022-12-21 11:50:21,623 DEBUG: Validacion finalizada
2022-12-21 11:50:21,630 DEBUG: Iniciando validacion
2022-12-21 11:50:21,630 DEBUG: Revisando en BD RUC: 20100028698
2022-12-21 11:50:21,693 DEBUG: Revisando ruc: 20100028698
2022-12-21 11:50:21,707 DEBUG: 20120601
2022-12-21 11:50:21,708 DEBUG: 20140201
2022-12-21 11:50:21,811 DEBUG: Comparando SUNAT con BD
2022-12-21 11:50:23,064 INFO : PL20100028698 actualizado
2022-12-21 11:50:23,071 DEBUG: Validacion finalizada
2022-12-21 11:50:23,071 DEBUG: Iniciando validacion
2022-12-21 11:50:23,071 DEBUG: Revisando en BD RUC: 20525703364
2022-12-21 11:50:23,130 DEBUG: Revisando ruc: 20525703364
2022-12-21 11:50:23,246 DEBUG: Comparando SUNAT con BD
2022-12-21 11:50:24,479 INFO : PL20525703364 actualizado
2022-12-21 11:50:24,488 DEBUG: Validacion finalizada
2022-12-21 11:50:24,488 DEBUG: Iniciando validacion
2022-12-21 11:50:24,488 DEBUG: Revisando en BD RUC: 20600837827
2022-12-21 11:50:24,562 DEBUG: Revisando ruc: 20600837827
2022-12-21 11:50:24,681 DEBUG: Comparando SUNAT con BD
2022-12-21 11:50:26,032 INFO : PL20600837827 actualizado
2022-12-21 11:50:26,043 DEBUG: Validacion finalizada
2022-12-21 11:50:26,044 INFO : Resultado: 9 correctos, 1 errores, 0 inválidos, 10 Socios Procesados -  Total Acumulado: 232
2022-12-21 11:50:26,044 INFO : RUC del 271 al 280
2022-12-21 11:50:27,908 DEBUG: Iniciando validacion
2022-12-21 11:50:27,908 DEBUG: Revisando en BD RUC: 20604198373
2022-12-21 11:50:27,966 DEBUG: Revisando ruc: 20604198373
2022-12-21 11:50:28,087 DEBUG: Comparando SUNAT con BD
2022-12-21 11:50:29,215 INFO : PL20604198373 actualizado
2022-12-21 11:50:29,225 DEBUG: Validacion finalizada
2022-12-21 11:50:29,226 DEBUG: Iniciando validacion
2022-12-21 11:50:29,226 DEBUG: Revisando en BD RUC: 20543639231
2022-12-21 11:50:29,284 DEBUG: Revisando ruc: 20543639231
2022-12-21 11:50:29,401 DEBUG: Comparando SUNAT con BD
2022-12-21 11:50:30,861 INFO : PL20543639231 actualizado
2022-12-21 11:50:30,873 DEBUG: Validacion finalizada
2022-12-21 11:50:30,873 DEBUG: Iniciando validacion
2022-12-21 11:50:30,874 DEBUG: Revisando en BD RUC: 20605950842
2022-12-21 11:50:30,948 DEBUG: Revisando ruc: 20605950842
2022-12-21 11:50:30,975 DEBUG: 20220201
2022-12-21 11:50:31,082 DEBUG: Comparando SUNAT con BD
2022-12-21 11:50:32,391 INFO : PL20605950842 actualizado
2022-12-21 11:50:32,395 DEBUG: Validacion finalizada
2022-12-21 11:50:32,396 DEBUG: Iniciando validacion
2022-12-21 11:50:32,397 DEBUG: Revisando en BD RUC: 20601555434
2022-12-21 11:50:32,462 DEBUG: Revisando ruc: 20601555434
2022-12-21 11:50:32,571 DEBUG: Comparando SUNAT con BD
2022-12-21 11:50:33,529 INFO : PL20601555434 actualizado
2022-12-21 11:50:33,537 DEBUG: Validacion finalizada
2022-12-21 11:50:33,537 DEBUG: Iniciando validacion
2022-12-21 11:50:33,540 DEBUG: Revisando en BD RUC: 20559819574
2022-12-21 11:50:33,617 DEBUG: Revisando ruc: 20559819574
2022-12-21 11:50:33,762 DEBUG: Comparando SUNAT con BD
2022-12-21 11:50:35,094 INFO : PL20559819574 actualizado
2022-12-21 11:50:35,098 DEBUG: Validacion finalizada
2022-12-21 11:50:35,099 DEBUG: Iniciando validacion
2022-12-21 11:50:35,099 DEBUG: Revisando en BD RUC: 20525813623
2022-12-21 11:50:35,163 DEBUG: Revisando ruc: 20525813623
2022-12-21 11:50:35,271 DEBUG: Comparando SUNAT con BD
2022-12-21 11:50:36,270 ERROR: Error al actualizar: CardCode-PL20525813623 - -1116: (2) bpvs:LC20 - En la pestaña Direcciones, debe llenar los campos "Calle/Número", "Distrito", "Ciudad", "Departamento" de todas las direcciones
2022-12-21 11:50:36,280 DEBUG: Validacion finalizada
2022-12-21 11:50:36,280 DEBUG: Iniciando validacion
2022-12-21 11:50:36,280 DEBUG: Revisando en BD RUC: 20604349983
2022-12-21 11:50:36,366 DEBUG: Revisando ruc: 20604349983
2022-12-21 11:50:36,481 DEBUG: Comparando SUNAT con BD
2022-12-21 11:50:37,661 INFO : PL20604349983 actualizado
2022-12-21 11:50:37,668 DEBUG: Validacion finalizada
2022-12-21 11:50:37,668 DEBUG: Iniciando validacion
2022-12-21 11:50:37,668 DEBUG: Revisando en BD RUC: 20525939481
2022-12-21 11:50:37,736 DEBUG: Revisando ruc: 20525939481
2022-12-21 11:50:37,862 DEBUG: Comparando SUNAT con BD
2022-12-21 11:50:39,092 INFO : PL20525939481 actualizado
2022-12-21 11:50:39,099 DEBUG: Validacion finalizada
2022-12-21 11:50:39,099 DEBUG: Iniciando validacion
2022-12-21 11:50:39,100 DEBUG: Revisando en BD RUC: 20609684438
2022-12-21 11:50:39,167 DEBUG: Revisando ruc: 20609684438
2022-12-21 11:50:39,291 DEBUG: Comparando SUNAT con BD
2022-12-21 11:50:40,495 INFO : PL20609684438 actualizado
2022-12-21 11:50:40,505 DEBUG: Validacion finalizada
2022-12-21 11:50:40,506 DEBUG: Iniciando validacion
2022-12-21 11:50:40,507 DEBUG: Revisando en BD RUC: 20526207913
2022-12-21 11:50:40,577 DEBUG: Revisando ruc: 20526207913
2022-12-21 11:50:40,707 DEBUG: Comparando SUNAT con BD
2022-12-21 11:50:41,799 INFO : PL20526207913 actualizado
2022-12-21 11:50:41,805 DEBUG: Validacion finalizada
2022-12-21 11:50:41,806 INFO : Resultado: 9 correctos, 1 errores, 0 inválidos, 9 Socios Procesados -  Total Acumulado: 241
2022-12-21 11:50:41,808 INFO : RUC del 281 al 290
2022-12-21 11:50:44,357 DEBUG: Iniciando validacion
2022-12-21 11:50:44,358 DEBUG: Revisando en BD RUC: 20526233329
2022-12-21 11:50:44,417 DEBUG: Revisando ruc: 20526233329
2022-12-21 11:50:44,534 DEBUG: Comparando SUNAT con BD
2022-12-21 11:50:45,649 INFO : PL20526233329 actualizado
2022-12-21 11:50:45,655 DEBUG: Validacion finalizada
2022-12-21 11:50:45,655 DEBUG: Iniciando validacion
2022-12-21 11:50:45,655 DEBUG: Revisando en BD RUC: 20484249530
2022-12-21 11:50:45,714 DEBUG: Revisando ruc: 20484249530
2022-12-21 11:50:45,844 DEBUG: Comparando SUNAT con BD
2022-12-21 11:50:47,076 INFO : PL20484249530 actualizado
2022-12-21 11:50:47,080 DEBUG: Validacion finalizada
2022-12-21 11:50:47,080 DEBUG: Iniciando validacion
2022-12-21 11:50:47,082 DEBUG: Revisando en BD RUC: 20377146663
2022-12-21 11:50:47,150 DEBUG: Revisando ruc: 20377146663
2022-12-21 11:50:47,162 DEBUG: 20060301
2022-12-21 11:50:47,263 DEBUG: Comparando SUNAT con BD
2022-12-21 11:50:48,841 INFO : PL20377146663 actualizado
2022-12-21 11:50:48,848 DEBUG: Validacion finalizada
2022-12-21 11:50:48,848 DEBUG: Iniciando validacion
2022-12-21 11:50:48,849 DEBUG: Revisando en BD RUC: 20600269292
2022-12-21 11:50:48,922 DEBUG: Revisando ruc: 20600269292
2022-12-21 11:50:49,045 DEBUG: Comparando SUNAT con BD
2022-12-21 11:50:50,041 INFO : PL20600269292 actualizado
2022-12-21 11:50:50,048 DEBUG: Validacion finalizada
2022-12-21 11:50:50,048 DEBUG: Iniciando validacion
2022-12-21 11:50:50,052 DEBUG: Revisando en BD RUC: 20600302214
2022-12-21 11:50:50,122 DEBUG: Revisando ruc: 20600302214
2022-12-21 11:50:50,145 DEBUG: 20170201
2022-12-21 11:50:50,251 DEBUG: Comparando SUNAT con BD
2022-12-21 11:50:51,646 INFO : PL20600302214 actualizado
2022-12-21 11:50:51,652 DEBUG: Validacion finalizada
2022-12-21 11:50:51,653 DEBUG: Iniciando validacion
2022-12-21 11:50:51,653 DEBUG: Revisando en BD RUC: 20600314000
2022-12-21 11:50:51,721 DEBUG: Revisando ruc: 20600314000
2022-12-21 11:50:51,830 DEBUG: Comparando SUNAT con BD
2022-12-21 11:50:53,297 INFO : PL20600314000 actualizado
2022-12-21 11:50:53,309 DEBUG: Validacion finalizada
2022-12-21 11:50:53,310 DEBUG: Iniciando validacion
2022-12-21 11:50:53,311 DEBUG: Revisando en BD RUC: 20526517947
2022-12-21 11:50:53,385 DEBUG: Revisando ruc: 20526517947
2022-12-21 11:50:53,485 DEBUG: Comparando SUNAT con BD
2022-12-21 11:50:54,696 INFO : PL20526517947 actualizado
2022-12-21 11:50:54,705 DEBUG: Validacion finalizada
2022-12-21 11:50:54,705 DEBUG: Iniciando validacion
2022-12-21 11:50:54,708 DEBUG: Revisando en BD RUC: 20526653883
2022-12-21 11:50:54,775 DEBUG: Revisando ruc: 20526653883
2022-12-21 11:50:54,885 DEBUG: Comparando SUNAT con BD
2022-12-21 11:50:56,119 INFO : PL20526653883 actualizado
2022-12-21 11:50:56,124 DEBUG: Validacion finalizada
2022-12-21 11:50:56,125 DEBUG: Iniciando validacion
2022-12-21 11:50:56,125 DEBUG: Revisando en BD RUC: 10063922981
2022-12-21 11:50:56,190 DEBUG: Revisando ruc: 10063922981
2022-12-21 11:50:56,278 DEBUG: Comparando SUNAT con BD
2022-12-21 11:50:57,473 INFO : PL10063922981 actualizado
2022-12-21 11:50:57,479 DEBUG: Validacion finalizada
2022-12-21 11:50:57,479 DEBUG: Iniciando validacion
2022-12-21 11:50:57,479 DEBUG: Revisando en BD RUC: 20517519490
2022-12-21 11:50:57,543 DEBUG: Revisando ruc: 20517519490
2022-12-21 11:50:57,569 DEBUG: 20121101
2022-12-21 11:50:57,657 DEBUG: Comparando SUNAT con BD
2022-12-21 11:50:58,813 INFO : PL20517519490 actualizado
2022-12-21 11:50:58,822 DEBUG: Validacion finalizada
2022-12-21 11:50:58,822 INFO : Resultado: 10 correctos, 0 errores, 0 inválidos, 10 Socios Procesados -  Total Acumulado: 251
2022-12-21 11:50:58,823 INFO : RUC del 291 al 300
2022-12-21 11:51:00,789 DEBUG: Iniciando validacion
2022-12-21 11:51:00,790 DEBUG: Revisando en BD RUC: 20529480530
2022-12-21 11:51:00,850 DEBUG: Revisando ruc: 20529480530
2022-12-21 11:51:00,972 DEBUG: Comparando SUNAT con BD
2022-12-21 11:51:02,276 INFO : PL20529480530 actualizado
2022-12-21 11:51:02,281 DEBUG: Validacion finalizada
2022-12-21 11:51:02,281 DEBUG: Iniciando validacion
2022-12-21 11:51:02,282 DEBUG: Revisando en BD RUC: 20554884874
2022-12-21 11:51:02,345 DEBUG: Revisando ruc: 20554884874
2022-12-21 11:51:02,464 DEBUG: Comparando SUNAT con BD
2022-12-21 11:51:03,897 INFO : PL20554884874 actualizado
2022-12-21 11:51:03,907 DEBUG: Validacion finalizada
2022-12-21 11:51:03,908 DEBUG: Iniciando validacion
2022-12-21 11:51:03,909 DEBUG: Revisando en BD RUC: 20608228447
2022-12-21 11:51:03,971 DEBUG: Revisando ruc: 20608228447
2022-12-21 11:51:04,091 DEBUG: Comparando SUNAT con BD
2022-12-21 11:51:05,535 INFO : PL20608228447 actualizado
2022-12-21 11:51:05,543 DEBUG: Validacion finalizada
2022-12-21 11:51:05,543 DEBUG: Iniciando validacion
2022-12-21 11:51:05,544 DEBUG: Revisando en BD RUC: 20511013080
2022-12-21 11:51:05,621 DEBUG: Revisando ruc: 20511013080
2022-12-21 11:51:05,737 DEBUG: Comparando SUNAT con BD
2022-12-21 11:51:06,989 INFO : PL20511013080 actualizado
2022-12-21 11:51:06,999 DEBUG: Validacion finalizada
2022-12-21 11:51:06,999 DEBUG: Iniciando validacion
2022-12-21 11:51:07,000 DEBUG: Revisando en BD RUC: 20502630378
2022-12-21 11:51:07,073 DEBUG: Revisando ruc: 20502630378
2022-12-21 11:51:07,201 DEBUG: Comparando SUNAT con BD
2022-12-21 11:51:08,320 INFO : PL20502630378 actualizado
2022-12-21 11:51:08,330 DEBUG: Validacion finalizada
2022-12-21 11:51:08,330 DEBUG: Iniciando validacion
2022-12-21 11:51:08,330 DEBUG: Revisando en BD RUC: 20529784911
2022-12-21 11:51:08,402 DEBUG: Revisando ruc: 20529784911
2022-12-21 11:51:08,546 DEBUG: Comparando SUNAT con BD
2022-12-21 11:51:09,929 INFO : PL20529784911 actualizado
2022-12-21 11:51:09,939 DEBUG: Validacion finalizada
2022-12-21 11:51:09,939 DEBUG: Iniciando validacion
2022-12-21 11:51:09,941 DEBUG: Revisando en BD RUC: 20529760656
2022-12-21 11:51:10,008 DEBUG: Revisando ruc: 20529760656
2022-12-21 11:51:10,120 DEBUG: Comparando SUNAT con BD
2022-12-21 11:51:11,304 INFO : PL20529760656 actualizado
2022-12-21 11:51:11,310 DEBUG: Validacion finalizada
2022-12-21 11:51:11,310 DEBUG: Iniciando validacion
2022-12-21 11:51:11,312 DEBUG: Revisando en BD RUC: 20526058578
2022-12-21 11:51:11,382 DEBUG: Revisando ruc: 20526058578
2022-12-21 11:51:11,538 DEBUG: Comparando SUNAT con BD
2022-12-21 11:51:12,762 INFO : PL20526058578 actualizado
2022-12-21 11:51:12,770 DEBUG: Validacion finalizada
2022-12-21 11:51:12,771 DEBUG: Iniciando validacion
2022-12-21 11:51:12,771 DEBUG: Revisando en BD RUC: 20553157529
2022-12-21 11:51:12,856 DEBUG: Revisando ruc: 20553157529
2022-12-21 11:51:12,983 DEBUG: Comparando SUNAT con BD
2022-12-21 11:51:14,131 INFO : PL20553157529 actualizado
2022-12-21 11:51:14,137 DEBUG: Validacion finalizada
2022-12-21 11:51:14,137 DEBUG: Iniciando validacion
2022-12-21 11:51:14,138 DEBUG: Revisando en BD RUC: 20268214527
2022-12-21 11:51:14,194 DEBUG: Revisando ruc: 20268214527
2022-12-21 11:51:14,210 DEBUG: 20121101
2022-12-21 11:51:14,211 DEBUG: 20130701
2022-12-21 11:51:14,308 DEBUG: Comparando SUNAT con BD
2022-12-21 11:51:15,397 INFO : PL20268214527 actualizado
2022-12-21 11:51:15,403 DEBUG: Validacion finalizada
2022-12-21 11:51:15,403 INFO : Resultado: 10 correctos, 0 errores, 0 inválidos, 10 Socios Procesados -  Total Acumulado: 261
2022-12-21 11:51:15,404 INFO : RUC del 301 al 310
2022-12-21 11:51:17,379 DEBUG: Iniciando validacion
2022-12-21 11:51:17,380 DEBUG: Revisando en BD RUC: 20441097604
2022-12-21 11:51:17,434 DEBUG: Revisando ruc: 20441097604
2022-12-21 11:51:17,460 DEBUG: 20150201
2022-12-21 11:51:17,563 DEBUG: Comparando SUNAT con BD
2022-12-21 11:51:18,560 INFO : PL20441097604 actualizado
2022-12-21 11:51:18,567 DEBUG: Validacion finalizada
2022-12-21 11:51:18,567 DEBUG: Iniciando validacion
2022-12-21 11:51:18,568 DEBUG: Revisando en BD RUC: 20529932881
2022-12-21 11:51:18,638 DEBUG: Revisando ruc: 20529932881
2022-12-21 11:51:18,765 DEBUG: Comparando SUNAT con BD
2022-12-21 11:51:19,957 INFO : PL20529932881 actualizado
2022-12-21 11:51:19,965 DEBUG: Validacion finalizada
2022-12-21 11:51:19,965 DEBUG: Iniciando validacion
2022-12-21 11:51:19,965 DEBUG: Revisando en BD RUC: 20483803797
2022-12-21 11:51:20,028 DEBUG: Revisando ruc: 20483803797
2022-12-21 11:51:20,160 DEBUG: Comparando SUNAT con BD
2022-12-21 11:51:21,293 INFO : PL20483803797 actualizado
2022-12-21 11:51:21,302 DEBUG: Validacion finalizada
2022-12-21 11:51:21,302 DEBUG: Iniciando validacion
2022-12-21 11:51:21,303 DEBUG: Revisando en BD RUC: 20529938145
2022-12-21 11:51:21,375 DEBUG: Revisando ruc: 20529938145
2022-12-21 11:51:21,502 DEBUG: Comparando SUNAT con BD
2022-12-21 11:51:22,489 INFO : PL20529938145 actualizado
2022-12-21 11:51:22,497 DEBUG: Validacion finalizada
2022-12-21 11:51:22,497 DEBUG: Iniciando validacion
2022-12-21 11:51:22,498 DEBUG: Revisando en BD RUC: 10026276042
2022-12-21 11:51:22,561 DEBUG: Revisando ruc: 10026276042
2022-12-21 11:51:22,641 DEBUG: Comparando SUNAT con BD
2022-12-21 11:51:23,825 INFO : PL10026276042 actualizado
2022-12-21 11:51:23,832 DEBUG: Validacion finalizada
2022-12-21 11:51:23,833 DEBUG: Iniciando validacion
2022-12-21 11:51:23,838 DEBUG: Revisando en BD RUC: 20131312955
2022-12-21 11:51:23,899 DEBUG: Revisando ruc: 20131312955
2022-12-21 11:51:23,916 DEBUG: 20020601
2022-12-21 11:51:24,010 DEBUG: Comparando SUNAT con BD
2022-12-21 11:51:25,021 INFO : CL20131312955 actualizado
2022-12-21 11:51:25,052 DEBUG: Revisando ruc: 20131312955
2022-12-21 11:51:25,071 DEBUG: 20020601
2022-12-21 11:51:25,174 DEBUG: Comparando SUNAT con BD
2022-12-21 11:51:26,174 INFO : PL20131312955 actualizado
2022-12-21 11:51:26,179 DEBUG: Validacion finalizada
2022-12-21 11:51:26,180 DEBUG: Iniciando validacion
2022-12-21 11:51:26,180 DEBUG: Revisando en BD RUC: 20542089106
2022-12-21 11:51:26,244 DEBUG: Revisando ruc: 20542089106
2022-12-21 11:51:26,257 DEBUG: 20150701
2022-12-21 11:51:26,361 DEBUG: Comparando SUNAT con BD
2022-12-21 11:51:27,473 INFO : CL20542089106 actualizado
2022-12-21 11:51:27,483 DEBUG: Validacion finalizada
2022-12-21 11:51:27,483 DEBUG: Iniciando validacion
2022-12-21 11:51:27,484 DEBUG: Revisando en BD RUC: 20530211232
2022-12-21 11:51:27,545 DEBUG: Revisando ruc: 20530211232
2022-12-21 11:51:27,663 DEBUG: Comparando SUNAT con BD
2022-12-21 11:51:28,851 INFO : PL20530211232 actualizado
2022-12-21 11:51:28,878 DEBUG: Revisando ruc: 20530211232
2022-12-21 11:51:29,003 DEBUG: Comparando SUNAT con BD
2022-12-21 11:51:30,036 INFO : CL20530211232 actualizado
2022-12-21 11:51:30,044 DEBUG: Validacion finalizada
2022-12-21 11:51:30,044 DEBUG: Iniciando validacion
2022-12-21 11:51:30,045 DEBUG: Revisando en BD RUC: 20484034258
2022-12-21 11:51:30,120 DEBUG: Revisando ruc: 20484034258
2022-12-21 11:51:30,243 DEBUG: Comparando SUNAT con BD
2022-12-21 11:51:31,667 INFO : PL20484034258 actualizado
2022-12-21 11:51:31,674 DEBUG: Validacion finalizada
2022-12-21 11:51:31,675 DEBUG: Iniciando validacion
2022-12-21 11:51:31,675 DEBUG: Revisando en BD RUC: 20261159733
2022-12-21 11:51:31,742 DEBUG: Revisando ruc: 20261159733
2022-12-21 11:51:31,856 DEBUG: Comparando SUNAT con BD
2022-12-21 11:51:32,867 INFO : CL20261159733 actualizado
2022-12-21 11:51:32,892 DEBUG: Revisando ruc: 20261159733
2022-12-21 11:51:33,021 DEBUG: Comparando SUNAT con BD
2022-12-21 11:51:34,215 INFO : PL20261159733 actualizado
2022-12-21 11:51:34,220 DEBUG: Validacion finalizada
2022-12-21 11:51:34,220 INFO : Resultado: 10 correctos, 0 errores, 0 inválidos, 13 Socios Procesados -  Total Acumulado: 274
2022-12-21 11:51:34,223 INFO : RUC del 311 al 320
2022-12-21 11:51:35,652 DEBUG: Iniciando validacion
2022-12-21 11:51:35,653 DEBUG: Revisando en BD RUC: 20484304654
2022-12-21 11:51:35,707 DEBUG: Revisando ruc: 20484304654
2022-12-21 11:51:35,832 DEBUG: Comparando SUNAT con BD
2022-12-21 11:51:37,237 INFO : PL20484304654 actualizado
2022-12-21 11:51:37,249 DEBUG: Validacion finalizada
2022-12-21 11:51:37,250 DEBUG: Iniciando validacion
2022-12-21 11:51:37,251 DEBUG: Revisando en BD RUC: 20608947451
2022-12-21 11:51:37,320 DEBUG: Revisando ruc: 20608947451
2022-12-21 11:51:37,429 DEBUG: Comparando SUNAT con BD
2022-12-21 11:51:38,670 INFO : PL20608947451 actualizado
2022-12-21 11:51:38,677 DEBUG: Validacion finalizada
2022-12-21 11:51:38,677 DEBUG: Iniciando validacion
2022-12-21 11:51:38,679 DEBUG: Revisando en BD RUC: 20600421990
2022-12-21 11:51:38,744 DEBUG: Revisando ruc: 20600421990
2022-12-21 11:51:38,848 DEBUG: Comparando SUNAT con BD
2022-12-21 11:51:40,064 INFO : PL20600421990 actualizado
2022-12-21 11:51:40,072 DEBUG: Validacion finalizada
2022-12-21 11:51:40,072 DEBUG: Iniciando validacion
2022-12-21 11:51:40,073 DEBUG: Revisando en BD RUC: 10437551541
2022-12-21 11:51:40,129 DEBUG: Revisando ruc: 10437551541
2022-12-21 11:51:40,215 DEBUG: Comparando SUNAT con BD
2022-12-21 11:51:41,033 ERROR: Error al actualizar: CardCode-PL10437551541 - -1116: (2) bpvs:LC12 - Si se trata de una Persona Natural con RUC sin Negocio, en la pestaña de Finanzas debe colocar el tipo de impuesto "Extranjero"
2022-12-21 11:51:41,041 DEBUG: Validacion finalizada
2022-12-21 11:51:41,041 DEBUG: Iniciando validacion
2022-12-21 11:51:41,042 DEBUG: Revisando en BD RUC: 20529842547
2022-12-21 11:51:41,106 DEBUG: Revisando ruc: 20529842547
2022-12-21 11:51:41,225 DEBUG: Comparando SUNAT con BD
2022-12-21 11:51:42,342 INFO : PL20529842547 actualizado
2022-12-21 11:51:42,350 DEBUG: Validacion finalizada
2022-12-21 11:51:42,350 DEBUG: Iniciando validacion
2022-12-21 11:51:42,351 DEBUG: Revisando en BD RUC: 20530328857
2022-12-21 11:51:42,425 DEBUG: Revisando ruc: 20530328857
2022-12-21 11:51:42,549 DEBUG: Comparando SUNAT con BD
2022-12-21 11:51:43,957 INFO : PL20530328857 actualizado
2022-12-21 11:51:43,964 DEBUG: Validacion finalizada
2022-12-21 11:51:43,964 DEBUG: Iniciando validacion
2022-12-21 11:51:43,964 DEBUG: Revisando en BD RUC: 20530611681
2022-12-21 11:51:44,030 DEBUG: Revisando ruc: 20530611681
2022-12-21 11:51:44,170 DEBUG: Comparando SUNAT con BD
2022-12-21 11:51:45,765 INFO : PL20530611681 actualizado
2022-12-21 11:51:45,770 DEBUG: Validacion finalizada
2022-12-21 11:51:45,770 DEBUG: Iniciando validacion
2022-12-21 11:51:45,771 DEBUG: Revisando en BD RUC: 20602253873
2022-12-21 11:51:45,833 DEBUG: Revisando ruc: 20602253873
2022-12-21 11:51:45,971 DEBUG: Comparando SUNAT con BD
2022-12-21 11:51:47,294 INFO : PL20602253873 actualizado
2022-12-21 11:51:47,320 DEBUG: Revisando ruc: 20602253873
2022-12-21 11:51:47,472 DEBUG: Comparando SUNAT con BD
2022-12-21 11:51:48,508 INFO : CL20602253873 actualizado
2022-12-21 11:51:48,519 DEBUG: Validacion finalizada
2022-12-21 11:51:48,519 DEBUG: Iniciando validacion
2022-12-21 11:51:48,520 DEBUG: Revisando en BD RUC: 20607571768
2022-12-21 11:51:48,592 DEBUG: Revisando ruc: 20607571768
2022-12-21 11:51:48,718 DEBUG: Comparando SUNAT con BD
2022-12-21 11:51:49,955 INFO : PL20607571768 actualizado
2022-12-21 11:51:49,963 DEBUG: Validacion finalizada
2022-12-21 11:51:49,963 DEBUG: Iniciando validacion
2022-12-21 11:51:49,963 DEBUG: Revisando en BD RUC: 20606817704
2022-12-21 11:51:50,061 DEBUG: Revisando ruc: 20606817704
2022-12-21 11:51:50,253 DEBUG: Comparando SUNAT con BD
2022-12-21 11:51:51,758 INFO : PL20606817704 actualizado
2022-12-21 11:51:51,766 DEBUG: Validacion finalizada
2022-12-21 11:51:51,767 INFO : Resultado: 9 correctos, 1 errores, 0 inválidos, 10 Socios Procesados -  Total Acumulado: 284
2022-12-21 11:51:51,767 INFO : RUC del 321 al 330
2022-12-21 11:51:54,338 DEBUG: Iniciando validacion
2022-12-21 11:51:54,338 DEBUG: Revisando en BD RUC: 20601034809
2022-12-21 11:51:54,433 DEBUG: Revisando ruc: 20601034809
2022-12-21 11:51:54,577 DEBUG: Comparando SUNAT con BD
2022-12-21 11:51:55,792 INFO : PL20601034809 actualizado
2022-12-21 11:51:55,801 DEBUG: Validacion finalizada
2022-12-21 11:51:55,801 DEBUG: Iniciando validacion
2022-12-21 11:51:55,801 DEBUG: Revisando en BD RUC: 20124163693
2022-12-21 11:51:55,878 DEBUG: Revisando ruc: 20124163693
2022-12-21 11:51:55,998 DEBUG: Comparando SUNAT con BD
2022-12-21 11:51:57,151 INFO : PL20124163693 actualizado
2022-12-21 11:51:57,156 DEBUG: Validacion finalizada
2022-12-21 11:51:57,157 DEBUG: Iniciando validacion
2022-12-21 11:51:57,158 DEBUG: Revisando en BD RUC: 20601544548
2022-12-21 11:51:57,253 DEBUG: Revisando ruc: 20601544548
2022-12-21 11:51:57,414 DEBUG: Comparando SUNAT con BD
2022-12-21 11:51:58,765 INFO : PL20601544548 actualizado
2022-12-21 11:51:58,773 DEBUG: Validacion finalizada
2022-12-21 11:51:58,773 DEBUG: Iniciando validacion
2022-12-21 11:51:58,774 DEBUG: Revisando en BD RUC: 20537304422
2022-12-21 11:51:58,835 DEBUG: Revisando ruc: 20537304422
2022-12-21 11:51:58,949 DEBUG: Comparando SUNAT con BD
2022-12-21 11:52:00,100 INFO : PL20537304422 actualizado
2022-12-21 11:52:00,105 DEBUG: Validacion finalizada
2022-12-21 11:52:00,106 DEBUG: Iniciando validacion
2022-12-21 11:52:00,106 DEBUG: Revisando en BD RUC: 10034683731
2022-12-21 11:52:00,159 DEBUG: Revisando ruc: 10034683731
2022-12-21 11:52:00,251 DEBUG: Comparando SUNAT con BD
2022-12-21 11:52:01,037 ERROR: Error al actualizar: CardCode-PL10034683731 - -1116: (2) bpvs:LC12 - Si se trata de una Persona Natural con RUC sin Negocio, en la pestaña de Finanzas debe colocar el tipo de impuesto "Extranjero"
2022-12-21 11:52:01,045 DEBUG: Validacion finalizada
2022-12-21 11:52:01,046 DEBUG: Iniciando validacion
2022-12-21 11:52:01,046 DEBUG: Revisando en BD RUC: 20602173730
2022-12-21 11:52:01,106 DEBUG: Revisando ruc: 20602173730
2022-12-21 11:52:01,242 DEBUG: Comparando SUNAT con BD
2022-12-21 11:52:02,449 INFO : PL20602173730 actualizado
2022-12-21 11:52:02,454 DEBUG: Validacion finalizada
2022-12-21 11:52:02,455 DEBUG: Iniciando validacion
2022-12-21 11:52:02,455 DEBUG: Revisando en BD RUC: 10028923088
2022-12-21 11:52:02,525 DEBUG: Revisando ruc: 10028923088
2022-12-21 11:52:02,623 DEBUG: Comparando SUNAT con BD
2022-12-21 11:52:04,121 INFO : PL10028923088 actualizado
2022-12-21 11:52:04,128 DEBUG: Validacion finalizada
2022-12-21 11:52:04,128 DEBUG: Iniciando validacion
2022-12-21 11:52:04,130 DEBUG: Revisando en BD RUC: 20538118177
2022-12-21 11:52:04,205 DEBUG: Revisando ruc: 20538118177
2022-12-21 11:52:04,322 DEBUG: Comparando SUNAT con BD
2022-12-21 11:52:05,486 INFO : PL20538118177 actualizado
2022-12-21 11:52:05,491 DEBUG: Validacion finalizada
2022-12-21 11:52:05,491 DEBUG: Iniciando validacion
2022-12-21 11:52:05,493 DEBUG: Revisando en BD RUC: 10028575519
2022-12-21 11:52:05,564 DEBUG: Revisando ruc: 10028575519
2022-12-21 11:52:05,657 DEBUG: Comparando SUNAT con BD
2022-12-21 11:52:06,601 ERROR: Error al actualizar: CardCode-PL10028575519 - -1116: (2) bpvs:LC12 - Si se trata de una Persona Natural con RUC sin Negocio, en la pestaña de Finanzas debe colocar el tipo de impuesto "Extranjero"
2022-12-21 11:52:06,609 DEBUG: Validacion finalizada
2022-12-21 11:52:06,609 DEBUG: Iniciando validacion
2022-12-21 11:52:06,610 DEBUG: Revisando en BD RUC: 20604786691
2022-12-21 11:52:06,691 DEBUG: Revisando ruc: 20604786691
2022-12-21 11:52:06,809 DEBUG: Comparando SUNAT con BD
2022-12-21 11:52:07,931 INFO : PL20604786691 actualizado
2022-12-21 11:52:07,937 DEBUG: Validacion finalizada
2022-12-21 11:52:07,938 INFO : Resultado: 8 correctos, 2 errores, 0 inválidos, 8 Socios Procesados -  Total Acumulado: 292
2022-12-21 11:52:07,938 INFO : RUC del 331 al 340
2022-12-21 11:52:10,247 DEBUG: Iniciando validacion
2022-12-21 11:52:10,247 DEBUG: Revisando en BD RUC: 20484096369
2022-12-21 11:52:10,312 DEBUG: Revisando ruc: 20484096369
2022-12-21 11:52:10,337 DEBUG: 20170201
2022-12-21 11:52:10,456 DEBUG: Comparando SUNAT con BD
2022-12-21 11:52:11,820 INFO : PL20484096369 actualizado
2022-12-21 11:52:11,827 DEBUG: Validacion finalizada
2022-12-21 11:52:11,828 DEBUG: Iniciando validacion
2022-12-21 11:52:11,828 DEBUG: Revisando en BD RUC: 20525684475
2022-12-21 11:52:11,884 DEBUG: Revisando ruc: 20525684475
2022-12-21 11:52:12,004 DEBUG: Comparando SUNAT con BD
2022-12-21 11:52:13,345 INFO : PL20525684475 actualizado
2022-12-21 11:52:13,354 DEBUG: Validacion finalizada
2022-12-21 11:52:13,354 DEBUG: Iniciando validacion
2022-12-21 11:52:13,355 DEBUG: Revisando en BD RUC: 10027998602
2022-12-21 11:52:13,414 DEBUG: Revisando ruc: 10027998602
2022-12-21 11:52:13,497 DEBUG: Comparando SUNAT con BD
2022-12-21 12:01:03,837 INFO : Inicializando Servicio
2022-12-21 12:01:05,907 INFO : Procesando socios
2022-12-21 12:01:05,907 INFO : Conectando a la BD ZZZ_ECOACUICOLA_2911
2022-12-21 12:01:23,205 INFO : Conectado satisfactoriamente
2022-12-21 12:01:23,309 INFO : Iniciando el Proceso
2022-12-21 12:01:23,310 INFO : Procesando RUC individual
2022-12-21 12:01:23,340 INFO : Buscando socios
2022-12-21 12:01:23,532 INFO : Encontrados 1257
2022-12-21 12:01:23,553 DEBUG: RUC encontrados: 10027998602,20601379504,20543306771,20544093895,20550685851,20546892175,20549858865,20604491682,10181893082,10803140516,10079621965,10028434532,20529730072,10402260675,10417708958,10437725620,20552515766,20510274009,10700120819,17102862554,20600637470,20604496838,20603425091,10105433668,20530267378,10704715990,10082504767,20556250694,20559561542,20602540376,10734231911,20307150981,20559617190,20606766719,20601790662,20484315931,20559912191,20432940161,20561219789,20512122311,10082439060,20604762651,20521238284,20525488536,20602366261,20566205247,20600005155,10078200338,10103468863,20607842915,10093366251,20529938064,20603218869,20510644451,20601012287,20145038384,20603392851,20540010375,20600149645,20600163346,20559683575,20602661149,20600354044,20600464281,20602915540,20602673422,10421277708,20346669625,20525786715,20600875028,20600876211,20600581768,20601259983,20601322898,20530302386,20602835660,20601408130,10026917323,10028762122,20601466202,20601474361,20604765774,10091353364,20601590922,20603683693,20483995092,20540087751,20601759374,10026107836,20602790917,20601767423,20608529510,20605876677,20606756705,20601843839,20608608681,20600967844,20515971921,20606581107,20602092390,20606188642,15603452981,20399642109,20258352638,20544142004,20608529994,20513632569,20602156738,20526575807,20544178297,20604206180,20600106237,10758441135,10028118134,20513541849,20418647371,20477582461,20432824099,20609276801,20542169398,20602787061,20602787576,20417926632,20602806902,10002383301,20602872476,20100042500,20146721410,20525871747,20551094198,20602897002,20603966521,10165889148,10420361977,20603156324,10026808168,20525652271,20603412011,20601893844,10028308944,20603641214,20603709293,20132676004,20102708394,20525523463,20100488427,20100776562,20606750138,20604129291,10446024944,20603160607,20604544271,20525830129,20606278099,20603302746,10026282948,20604820830,10408310976,20525681298,20604912271,20605470611,10723731513,20608538802,20530081517,20101996116,20605029290,20605213236,20605594507,20605597140,20605687661,20605699627,20609575566,10179214038,20604769494,20606688777,20409232761,20606954981,20554545743,10411749539,10401906091,20605506837,20608278363,20440852671,20601032971,20608479491,20608608487,20484180157,20484270067,20608891227,20608947524,20525728600,20606504765,20603790465,20608336380,20601986621,10458830288,20536938657,20530214762,20160349914,10472937931,20504973990,20526104782,20608479423,20324203118,20136247396,20603731124,20607107051,20608103873,20608983024,20526602626,20529992514,20261239923,20132091979,20609337592,10028568377,10413505548,10032340607,10002407847,20100084172,20477704248,10026481835,10091567674,20251357413,20223968971,20601668131,20601762243,20609904047,20392777190,20604751986,20219178264,20526249322,20231843460,20296081567,20257692109,20604817375,20608634585,20549758054,20367075776,20112811096,20522051315,20409222294,20530240178,20409250581,20601750351,20602979734,20440703837,20600138228,20556129518,20561232611,20544424751,10702936794,20602099203,20502699491,20525509550,20530076866,20102021836,10027346249,20530239676,20601509653,20539707613,20601599881,10403008236,20603075910,20100082714,20529936100,20505062826,20529735465,20440484345,10742353007,10028063313,20508828960,20604117012,20605636374,20484290173,10762361472,20564490351,20605691693,20605821864,20610111701,20344877158,20483801239,10034702603,20605825274,20484214744,20601842158,20609513854,20606195738,20483393955,20600222849,20609358115,20606647451,20602009395,20451770099,20601814154,20602022731,20482814604,20524279160,20552252731,20481672768,20386659959,20530096115,20606222697,20526138172,20602255612,20525397816,20106897914,20604872368,20602717187,20609574667,20604665664,20488142802,20539830733,10410559701,20225116459,20504645984,20600652614,20418933381,20526566301,10758137151,20510910517,20605114734,20530167071,20335020872,20100227461,10095386828,20602798802,20606020598,20530184596,20514746355,10082386039,10420897761,20606994185,20603730501,20467534026,20100089051,20518364481,20607134953,20601254175,20136890329,10081919149,10082112362,20100000688,20529754419,20484164208,10420049388,10421149068,10421451309,10421753135,10420731731,10420765890,20600229576,20608878131,20536537407,20339899895,20409281622,20530172156,20530121918,20566156360,10034731956,20480297289,20305765784,10076170997,20538810682,20529720867,10074762820,20555271566,10074351471,20601584191,20419922391,10028185354,10078731805,10424565119,20342210814,10077976456,20100292875,20105210338,20606830191,20517182673,20601394902,20600087178,20601591911,10033677559,20526445008,20525852874,20602691862,20602814255,20100083362,20507281967,20605860053,20547579721,10402646034,20510407670,20602925995,20512220755,20502900936,20600174399,20286616225,10451363277,20526081804,20100141583,20600826574,20102424523,20529911298,10439931081,20605352121,20547922981,20102120061,10028889335,10028898784,20554123911,20548183279,20511315337,20100063680,20602081801,10709064679,10033413748,20603334729,10032132541,20392889231,10031204726,10412672084,20566407621,20105396172,10032365472,10032365740,10032365944,10032382156,20530136869,10036685455,20526618549,10477728061,20395492129,20602686320,10036683673,10417866928,10728022961,10003278463,20602683924,20100118336,20607658090,20602403425,20526041250,20530310991,20530242626,10804887178,20601589193,20484044997,20601536260,10417659434,10028961826,20505897812,20505370130,20600335619,20530213367,10036930000,10036930701,20529921846,20491781409,20563050765,20530192424,20100346479,10036937055,20529961554,20393011727,20101392369,20481330964,10450059507,10026899627,20563739771,20525977651,10473136088,15493213412,10028109232,20525271634,10406045833,20530228399,20268910515,20500453401,20439147076,20602341969,20600954351,10036124828,20602477089,10002193073,10182200862,20602163297,20510526415,10416355628,20100305101,20481829683,10036237053,20537480077,10420400697,20525758347,20507141791,10414862743,10182204949,10035940664,20514156558,20600384962,10758890592,20605669604,20482814191,20399536929,20492455050,10026615882,20102536593,10038839760,10479161661,20158179688,20602339891,20602051154,10406871997,20603045905,10026082388,20481828016,20603182198,20530338496,10027987554,10419949855,20441490446,20602690408,20601543151,20603681551,20600085205,20601398789,10180902851,20603261993,20601706980,20600710789,20602877770,20483433507,20601289807,10036454038,20606600241,20440878394,10454484687,20536364201,10449522244,10701672271,20440882821,10035047692,20601787394,20552543972,10028252477,20602592899,20511407533,10734458762,20530014321,20474102158,20600411978,20454186002,10091454420,20409264965,20102505957,20600859553,20543046095,20600947193,10028935647,20601301050,15165362532,20605294007,10030856886,10033563880,20606034696,20573813708,20409298355,10028763170,20604113629,10026931881,10450116471,20301604794,20605402128,20112273922,10167220253,20601107245,20605730001,20601111200,20131719559,10026450522,20554387498,10036977308,20388710994,20602601316,20606367377,20266614803,10471334494,20601515581,10436564789,20510037562,10472469954,20172606777,20606883669,10460322427,20484335614,20607021342,20607978779,20605239936,20409494294,20603891784,20483845520,20543854043,20565643496,20517374661,20547999691,20608775286,10475777749,20197316269,20600996372,10475362140,20479566250,10181244360,10477241803,10702151037,10026184733,20529961635,20563027607,10026537270,10028397840,10483177009,10483299864,10484074467,20467089464,10489619704,20601448697,10434746537,10434077112,10425191239,10435834715,10434789694,10435193094,20602224181,10102659860,20557069721,10431391908,20604718369,10430529701,10430832005,20268784625,10433313025,20113539594,20603000286,10431837892,10432367466,10442083571,10105373029,10443631122,20600897382,10443809606,10444270476,10036833594,10103180037,20605239740,10436807541,10434149521,10439307043,10426801294,10438429196,20504342817,20251995967,20526059116,10093895768,10424496940,10467161704,20526540680,10422079420,10026598546,10423737391,20479457710,20602674429,20366990357,10423245579,20103044155,20530063454,10026931032,10428487881,10428525189,20603839464,20603246234,20602905145,10429997947,10033675807,20602283080,10430377430,20600525272,10474087536,20503386730,10028566480,20511230935,20506210900,10732056322,20600315031,20600685423,20601438586,20396583055,20455477957,20607792187,20524403863,20511027382,20545699126,20600381742,10461738295,10460029894,10460452568,10464957516,10461937352,10466304081,20601584108,20475260199,10028794792,20537746956,20602274021,10469439793,20601210674,20100080002,20483912731,20520997734,20601646464,10165925969,20483917377,20136165667,10449424706,20213503384,10450318405,10449637408,10449941476,10449987158,20525937195,10028274934,20547689403,20440162062,10445473419,20601924936,20526352336,20600815742,20409419594,20502257634,10444907016,10447368906,20507637141,10422197449,20600488318,10445660499,10446951799,10456752778,10455154397,10026717502,10455721089,10035071097,20154477374,10459044880,10459456061,10457446409,10026718541,10457548538,10451721009,10454855626,10453196947,20101053157,20484084948,20600450736,10403483007,10038850691,10035793521,20601547300,10068076108,20601332796,20484252247,15604723202,20601308992,20600226585,20601498775,10027179270,20530254390,20563792745,20600056574,20556744263,20106975737,20601821169,20601750792,20602494498,20254053822,20384121838,10077992770,10082314135,10091710205,20601325439,20525765394,20601738792,20418896915,20603224079,10802691403,20519361672,10096701557,20600432258,20526572701,20601293090,20600577370,17105212208,10108060242,10164232781,20526533471,20600073711,20100006376,20604708509,10027207281,20546801471,20606946628,10404975949,10164232790,20601582113,20602533116,20601050324,20526362137,20100025915,15276280101,20100044626,20600909135,20539866762,10407671819,20505720131,20547706189,20604778191,20259572887,20508754079,10178637768,20603278233,10455178695,10806631642,20526016069,20602485570,20604760586,20601772273,10028918041,10422740827,20602939970,20100051169,20225058319,20600442288,10027690888,20545044545,20526543948,10407223573,10069748568,10481767780,20100055318,20509469327,20604943737,20483899379,10415001865,20392599828,20601100160,20603827326,10409429390,10181807836,20141441371,20509693634,20515610821,20501622819,10035983100,10031332406,10032004631,10327640629,20603279329,10027266601,20481928665,10081856236,10437532121,10459259771,20484228290,20100784239,20101256422,20390900407,20601704341,20484284441,10736808787,20471133770,10432730439,10727622760,20606161591,10424692285,10485028957,20605208810,20601010772,20144961146,10028042707,10400672755,10408261355,20462256940,10444555161,20482762027,10449662747,20605391193,10429781944,10464436940,10472914176,20526695454,10705441435,10077006309,20462441178,20477667709,10448202157,10437397959,10409384060,10459017033,20604725799,10468575375,10028590615,20563332230,20525707351,20409410295,20602837808,10471940475,20482587276,20102954247,20501262260,20602486339,10714754659,10461458888,20602769691,20603818734,10026530216,10463178726,20606358351,20487872581,10478084167,20382829302,20508032286,20100654025,20525320431,10426448888,20484133230,20546255299,20600989244,20131494450,20535653365,20100268575,20608680161,20100302421,20483930047,20545596823,10700503203,20100456495,20102670214,10028660371,20572230491,10719618320,20554039708,10413019970,20398527993,20605808311,20138563201,20602108687,20100105862,20570594860,20529858460,20135948641,20604211388,20484284106,20530236731,20101077099,10426887792,20602784631,10076062434,20603571127,20601971519,20101130160,20529891912,10443809533,20604211451,20526414544,20515829424,20602183107,20103365628,20604083037,20606323507,20167884491,20604152110,10411374535,20461851887,20525376576,10408103831,10028214354,20479726982,20566231833,20557338056,20483835648,20409397337,20100171814,20602620396,20137868955,20131644109,10805626297,20276885431,20526637764,20525564062,20602266916,20602687806,10757461230,20526520140,10804769396,10256542256,20100312736,20536218999,20566321662,20101200125,20101461786,20504979092,10293780817,20100017491,20101639275,20509952591,20483902264,20601099960,20561374750,10430382441,20600448286,20530266487,20494691524,10445490101,20100043140,20109969452,20433092776,20111740438,10211215599,20206432692,20526393369,20526394250,20110169109,20525411401,20100055661,20131016396,10412443140,10801767848,20530268773,20308491081,20602392661,20600979559,20100114349,20100166578,20526375034,20525476791,20555863731,10460323032,20550894859,20553320021,20356264411,20530313078,20526154291,20601153964,20100176450,20211040352,20100365341,20101281371,20100421195,20555949708,10179357190,20516577488,20560053151,20526279825,10165907812,20526083335,20111064394,20601849845,20534470402,20529837462,20604163936,20125327509,20542906597,20529996188,20603239238,20501842771,20115915828,20543499391,20603859244,20544144121,20507012044,20602880266,20526426046,20545198429,10729471467,20259814210,20529897872,20526280165,20432295754,20601494427,20517909875,20603752091,20601659248,20513594705,20502132343,20601834813,20601969255,20101128777,20600395832,20548707529,20522974944,20530180680,20604540594,20602895701,20530317499,20507417966,20529983281,20604085307,20526394845,20566604702,20602658644,20366873717,10333279393,20550205409,20530189806,20101056091,20603246285,20603455500,20546688136,20543725821,20549521984,10028243958,10027823543,10027791722,20601847451,20379902996,10027712083,20102426810,10479008774,20514706302,10405539301,10036606890,10411149418,10027925915,20601917883,20493027973,10027853108,10027833948,10027845695,10027878704,10027873711,10026844890,20604026050,10026854119,20510767889,10180975417,20388203111,20108528894,20604671494,10028508714,20484287466,20550502446,10026727109,20277131570,20477240152,10026870211,20456931554,10401567947,10027233169,10027152321,20602475019,20538743471,15398572600,10027394081,20548423172,20483808756,10027027283,10027082357,10028569551,10028613101,10028432114,20602600247,20492092313,10028484882,10174403550,10028820629,20360815031,20131529181,20348687191,20113539675,20550115752,20604845964,20101030963,20440459669,20122529780,20515874136,20122909931,10026553283,20131257750,20525602258,20409382739,20481691550,20440983261,10028078914,10028090604,10028316017,10028319041,10032037921,10028333264,10028291863,20530139701,20525555152,20502953541,10028339998,20132712086,20601899591,20609261359,10028229581,20525925693,20601362890,20600044266,10002530053,20486591529,10002538381,20602031030,20302757641,20530327613,20546010938,20559747212,20600530292,20600052595,20154477536,10026670441,20526576366,20604262250,10002502475,20601509351,20601989761,20530204708,20600187075,20601407737,20600133561,10026755013,20604269530,20161772373,20517253520,20114673774,20293331066,20602618073,20546458211,20202380621,20175674382,20537042126,20504511945,20409273875,10003697865,20101902740,20184778824,20602654631,20441204451,10002025863,20539938771,10410388770,20263019807,20601277299,10002360638,20383958581,20265258370,20105221453,10410385134,10002165363
2022-12-21 12:01:23,635 INFO : Procesando 1257 números de RUC
2022-12-21 12:01:23,636 INFO : RUC del 1 al 10
2022-12-21 12:03:05,460 DEBUG: Iniciando validacion
2022-12-21 12:03:05,467 DEBUG: Revisando en BD RUC: 10027998602
2022-12-21 12:03:05,596 DEBUG: Revisando ruc: 10027998602
2022-12-21 12:03:05,750 DEBUG: Comparando SUNAT con BD
2022-12-21 12:03:07,527 INFO : PL10027998602 actualizado
2022-12-21 12:03:07,551 DEBUG: Revisando ruc: 10027998602
2022-12-21 12:03:07,641 DEBUG: Comparando SUNAT con BD
2022-12-21 12:03:08,707 INFO : CL10027998602 actualizado
2022-12-21 12:03:08,714 DEBUG: Validacion finalizada
2022-12-21 12:03:08,715 DEBUG: Iniciando validacion
2022-12-21 12:03:08,716 DEBUG: Revisando en BD RUC: 20601379504
2022-12-21 12:03:08,784 DEBUG: Revisando ruc: 20601379504
2022-12-21 12:03:08,912 DEBUG: Comparando SUNAT con BD
2022-12-21 12:03:10,011 INFO : PL20601379504 actualizado
2022-12-21 12:03:10,017 DEBUG: Validacion finalizada
2022-12-21 12:03:10,017 DEBUG: Iniciando validacion
2022-12-21 12:03:10,018 DEBUG: Revisando en BD RUC: 20543306771
2022-12-21 12:03:10,083 DEBUG: Revisando ruc: 20543306771
2022-12-21 12:03:10,207 DEBUG: Comparando SUNAT con BD
2022-12-21 12:03:11,591 INFO : PL20543306771 actualizado
2022-12-21 12:03:11,600 DEBUG: Validacion finalizada
2022-12-21 12:03:11,601 DEBUG: Iniciando validacion
2022-12-21 12:03:11,603 DEBUG: Revisando en BD RUC: 20544093895
2022-12-21 12:03:11,693 DEBUG: Revisando ruc: 20544093895
2022-12-21 12:03:11,722 DEBUG: 20150201
2022-12-21 12:03:11,822 DEBUG: Comparando SUNAT con BD
2022-12-21 12:03:13,049 INFO : PL20544093895 actualizado
2022-12-21 12:03:13,060 DEBUG: Validacion finalizada
2022-12-21 12:03:13,060 DEBUG: Iniciando validacion
2022-12-21 12:03:13,062 DEBUG: Revisando en BD RUC: 20550685851
2022-12-21 12:03:13,140 DEBUG: Revisando ruc: 20550685851
2022-12-21 12:03:13,295 DEBUG: Comparando SUNAT con BD
2022-12-21 12:03:14,631 ERROR: Error al actualizar: CardCode-PL20550685851 - -1116: (2) bpvs:FE03 - La dirección de facturación por defecto debe de tener un ubigueo definido.
2022-12-21 12:03:14,641 DEBUG: Validacion finalizada
2022-12-21 12:03:14,642 DEBUG: Iniciando validacion
2022-12-21 12:03:14,643 DEBUG: Revisando en BD RUC: 20546892175
2022-12-21 12:03:14,711 DEBUG: Revisando ruc: 20546892175
2022-12-21 12:03:14,740 DEBUG: 20170201
2022-12-21 12:03:14,851 DEBUG: Comparando SUNAT con BD
2022-12-21 12:03:15,969 INFO : PL20546892175 actualizado
2022-12-21 12:03:15,980 DEBUG: Validacion finalizada
2022-12-21 12:03:15,981 DEBUG: Iniciando validacion
2022-12-21 12:03:15,981 DEBUG: Revisando en BD RUC: 20549858865
2022-12-21 12:03:16,071 DEBUG: Revisando ruc: 20549858865
2022-12-21 12:03:16,112 DEBUG: 20220201
2022-12-21 12:03:16,200 DEBUG: Comparando SUNAT con BD
2022-12-21 12:03:17,336 INFO : PL20549858865 actualizado
2022-12-21 12:03:17,344 DEBUG: Validacion finalizada
2022-12-21 12:03:17,344 DEBUG: Iniciando validacion
2022-12-21 12:03:17,345 DEBUG: Revisando en BD RUC: 20604491682
2022-12-21 12:03:17,408 DEBUG: Revisando ruc: 20604491682
2022-12-21 12:03:17,581 DEBUG: Comparando SUNAT con BD
2022-12-21 12:03:18,870 INFO : PL20604491682 actualizado
2022-12-21 12:03:18,878 DEBUG: Validacion finalizada
2022-12-21 12:03:18,878 DEBUG: Iniciando validacion
2022-12-21 12:03:18,880 DEBUG: Revisando en BD RUC: 10181893082
2022-12-21 12:03:18,945 DEBUG: Revisando ruc: 10181893082
2022-12-21 12:03:19,051 DEBUG: Comparando SUNAT con BD
2022-12-21 12:03:19,956 ERROR: Error al actualizar: CardCode-PL10181893082 - -1116: (2) bpvs:LC12 - Si se trata de una Persona Natural con RUC sin Negocio, en la pestaña de Finanzas debe colocar el tipo de impuesto "Extranjero"
2022-12-21 12:03:19,962 DEBUG: Validacion finalizada
2022-12-21 12:03:19,962 DEBUG: Iniciando validacion
2022-12-21 12:03:19,963 DEBUG: Revisando en BD RUC: 10803140516
2022-12-21 12:03:20,020 DEBUG: Revisando ruc: 10803140516
2022-12-21 12:03:20,115 DEBUG: Comparando SUNAT con BD
2022-12-21 12:03:21,020 ERROR: Error al actualizar: CardCode-PL10803140516 - -1116: (2) bpvs:LC12 - Si se trata de una Persona Natural con RUC sin Negocio, en la pestaña de Finanzas debe colocar el tipo de impuesto "Extranjero"
2022-12-21 12:03:21,029 DEBUG: Validacion finalizada
2022-12-21 12:03:21,029 INFO : Resultado: 7 correctos, 3 errores, 0 inválidos, 8 Socios Procesados -  Total Acumulado: 8
2022-12-21 12:03:21,031 INFO : RUC del 11 al 20
2022-12-21 13:04:38,073 INFO : Inicializando Servicio
2022-12-21 13:04:39,876 INFO : Procesando socios
2022-12-21 13:04:39,876 INFO : Conectando a la BD ZZZ_ECOACUICOLA_2911
2022-12-21 13:04:48,433 INFO : Conectado satisfactoriamente
2022-12-21 13:04:48,502 INFO : Iniciando el Proceso
2022-12-21 13:04:48,506 INFO : Procesando RUC individual
2022-12-21 13:04:48,540 INFO : Buscando socios
2022-12-21 13:04:48,728 INFO : Encontrados 1247
2022-12-21 13:04:48,750 DEBUG: RUC encontrados: 10079621965,10028434532,20529730072,10402260675,10417708958,10437725620,20552515766,20510274009,10700120819,17102862554,20600637470,20604496838,20603425091,10105433668,20530267378,10704715990,10082504767,20556250694,20559561542,20602540376,10734231911,20307150981,20559617190,20606766719,20601790662,20484315931,20559912191,20432940161,20561219789,20512122311,10082439060,20604762651,20521238284,20525488536,20602366261,20566205247,20600005155,10078200338,10103468863,20607842915,10093366251,20529938064,20603218869,20510644451,20601012287,20145038384,20603392851,20540010375,20600149645,20600163346,20559683575,20602661149,20600354044,20600464281,20602915540,20602673422,10421277708,20346669625,20525786715,20600875028,20600876211,20600581768,20601259983,20601322898,20530302386,20602835660,20601408130,10026917323,10028762122,20601466202,20601474361,20604765774,10091353364,20601590922,20603683693,20483995092,20540087751,20601759374,10026107836,20602790917,20601767423,20608529510,20605876677,20606756705,20601843839,20608608681,20600967844,20515971921,20606581107,20602092390,20606188642,15603452981,20399642109,20258352638,20544142004,20608529994,20513632569,20602156738,20526575807,20544178297,20604206180,20600106237,10758441135,10028118134,20513541849,20418647371,20477582461,20432824099,20609276801,20542169398,20602787061,20602787576,20417926632,20602806902,10002383301,20602872476,20100042500,20146721410,20525871747,20551094198,20602897002,20603966521,10165889148,10420361977,20603156324,10026808168,20525652271,20603412011,20601893844,10028308944,20603641214,20603709293,20132676004,20102708394,20525523463,20100488427,20100776562,20606750138,20604129291,10446024944,20603160607,20604544271,20525830129,20606278099,20603302746,10026282948,20604820830,10408310976,20525681298,20604912271,20605470611,10723731513,20608538802,20530081517,20101996116,20605029290,20605213236,20605594507,20605597140,20605687661,20605699627,20609575566,10179214038,20604769494,20606688777,20409232761,20606954981,20554545743,10411749539,10401906091,20605506837,20608278363,20440852671,20601032971,20608479491,20608608487,20484180157,20484270067,20608891227,20608947524,20525728600,20606504765,20603790465,20608336380,20601986621,10458830288,20536938657,20530214762,20160349914,10472937931,20504973990,20526104782,20608479423,20324203118,20136247396,20603731124,20607107051,20608103873,20608983024,20526602626,20529992514,20261239923,20132091979,20609337592,10028568377,10413505548,10032340607,10002407847,20100084172,20477704248,10026481835,10091567674,20251357413,20223968971,20601668131,20601762243,20609904047,20392777190,20604751986,20219178264,20526249322,20231843460,20296081567,20257692109,20604817375,20608634585,20549758054,20367075776,20112811096,20522051315,20409222294,20530240178,20409250581,20601750351,20602979734,20440703837,20600138228,20556129518,20561232611,20544424751,10702936794,20602099203,20502699491,20525509550,20530076866,20102021836,10027346249,20530239676,20601509653,20539707613,20601599881,10403008236,20603075910,20100082714,20529936100,20505062826,20529735465,20440484345,10742353007,10028063313,20508828960,20604117012,20605636374,20484290173,10762361472,20564490351,20605691693,20605821864,20610111701,20344877158,20483801239,10034702603,20605825274,20484214744,20601842158,20609513854,20606195738,20483393955,20600222849,20609358115,20606647451,20602009395,20451770099,20601814154,20602022731,20482814604,20524279160,20552252731,20481672768,20386659959,20530096115,20606222697,20526138172,20602255612,20525397816,20106897914,20604872368,20602717187,20609574667,20604665664,20488142802,20539830733,10410559701,20225116459,20504645984,20600652614,20418933381,20526566301,10758137151,20510910517,20605114734,20530167071,20335020872,20100227461,10095386828,20602798802,20606020598,20530184596,20514746355,10082386039,10420897761,20606994185,20603730501,20467534026,20100089051,20518364481,20607134953,20601254175,20136890329,10081919149,10082112362,20100000688,20529754419,20484164208,10420049388,10421149068,10421451309,10421753135,10420731731,10420765890,20600229576,20608878131,20536537407,20339899895,20409281622,20530172156,20530121918,20566156360,10034731956,20480297289,20305765784,10076170997,20538810682,20529720867,10074762820,20555271566,10074351471,20601584191,20419922391,10028185354,10078731805,10424565119,20342210814,10077976456,20100292875,20105210338,20606830191,20517182673,20601394902,20600087178,20601591911,10033677559,20526445008,20525852874,20602691862,20602814255,20100083362,20507281967,20605860053,20547579721,10402646034,20510407670,20602925995,20512220755,20502900936,20600174399,20286616225,10451363277,20526081804,20100141583,20600826574,20102424523,20529911298,10439931081,20605352121,20547922981,20102120061,10028889335,10028898784,20554123911,20548183279,20511315337,20100063680,20602081801,10709064679,10033413748,20603334729,10032132541,20392889231,10031204726,10412672084,20566407621,20105396172,10032365472,10032365740,10032365944,10032382156,20530136869,10036685455,20526618549,10477728061,20395492129,20602686320,10036683673,10417866928,10728022961,10003278463,20602683924,20100118336,20607658090,20602403425,20526041250,20530310991,20530242626,10804887178,20601589193,20484044997,20601536260,10417659434,10028961826,20505897812,20505370130,20600335619,20530213367,10036930000,10036930701,20529921846,20491781409,20563050765,20530192424,20100346479,10036937055,20529961554,20393011727,20101392369,20481330964,10450059507,10026899627,20563739771,20525977651,10473136088,15493213412,10028109232,20525271634,10406045833,20530228399,20268910515,20500453401,20439147076,20602341969,20600954351,10036124828,20602477089,10002193073,10182200862,20602163297,20510526415,10416355628,20100305101,20481829683,10036237053,20537480077,10420400697,20525758347,20507141791,10414862743,10182204949,10035940664,20514156558,20600384962,10758890592,20605669604,20482814191,20399536929,20492455050,10026615882,20102536593,10038839760,10479161661,20158179688,20602339891,20602051154,10406871997,20603045905,10026082388,20481828016,20603182198,20530338496,10027987554,10419949855,20441490446,20602690408,20601543151,20603681551,20600085205,20601398789,10180902851,20603261993,20601706980,20600710789,20602877770,20483433507,20601289807,10036454038,20606600241,20440878394,10454484687,20536364201,10449522244,10701672271,20440882821,10035047692,20601787394,20552543972,10028252477,20602592899,20511407533,10734458762,20530014321,20474102158,20600411978,20454186002,10091454420,20409264965,20102505957,20600859553,20543046095,20600947193,10028935647,20601301050,15165362532,20605294007,10030856886,10033563880,20606034696,20573813708,20409298355,10028763170,20604113629,10026931881,10450116471,20301604794,20605402128,20112273922,10167220253,20601107245,20605730001,20601111200,20131719559,10026450522,20554387498,10036977308,20388710994,20602601316,20606367377,20266614803,10471334494,20601515581,10436564789,20510037562,10472469954,20172606777,20606883669,10460322427,20484335614,20607021342,20607978779,20605239936,20409494294,20603891784,20483845520,20543854043,20565643496,20517374661,20547999691,20608775286,10475777749,20197316269,20600996372,10475362140,20479566250,10181244360,10477241803,10702151037,10026184733,20529961635,20563027607,10026537270,10028397840,10483177009,10483299864,10484074467,20467089464,10489619704,20601448697,10434746537,10434077112,10425191239,10435834715,10434789694,10435193094,20602224181,10102659860,20557069721,10431391908,20604718369,10430529701,10430832005,20268784625,10433313025,20113539594,20603000286,10431837892,10432367466,10442083571,10105373029,10443631122,20600897382,10443809606,10444270476,10036833594,10103180037,20605239740,10436807541,10434149521,10439307043,10426801294,10438429196,20504342817,20251995967,20526059116,10093895768,10424496940,10467161704,20526540680,10422079420,10026598546,10423737391,20479457710,20602674429,20366990357,10423245579,20103044155,20530063454,10026931032,10428487881,10428525189,20603839464,20603246234,20602905145,10429997947,10033675807,20602283080,10430377430,20600525272,10474087536,20503386730,10028566480,20511230935,20506210900,10732056322,20600315031,20600685423,20601438586,20396583055,20455477957,20607792187,20524403863,20511027382,20545699126,20600381742,10461738295,10460029894,10460452568,10464957516,10461937352,10466304081,20601584108,20475260199,10028794792,20537746956,20602274021,10469439793,20601210674,20100080002,20483912731,20520997734,20601646464,10165925969,20483917377,20136165667,10449424706,20213503384,10450318405,10449637408,10449941476,10449987158,20525937195,10028274934,20547689403,20440162062,10445473419,20601924936,20526352336,20600815742,20409419594,20502257634,10444907016,10447368906,20507637141,10422197449,20600488318,10445660499,10446951799,10456752778,10455154397,10026717502,10455721089,10035071097,20154477374,10459044880,10459456061,10457446409,10026718541,10457548538,10451721009,10454855626,10453196947,20101053157,20484084948,20600450736,10403483007,10038850691,10035793521,20601547300,10068076108,20601332796,20484252247,15604723202,20601308992,20600226585,20601498775,10027179270,20530254390,20563792745,20600056574,20556744263,20106975737,20601821169,20601750792,20602494498,20254053822,20384121838,10077992770,10082314135,10091710205,20601325439,20525765394,20601738792,20418896915,20603224079,10802691403,20519361672,10096701557,20600432258,20526572701,20601293090,20600577370,17105212208,10108060242,10164232781,20526533471,20600073711,20100006376,20604708509,10027207281,20546801471,20606946628,10404975949,10164232790,20601582113,20602533116,20601050324,20526362137,20100025915,15276280101,20100044626,20600909135,20539866762,10407671819,20505720131,20547706189,20604778191,20259572887,20508754079,10178637768,20603278233,10455178695,10806631642,20526016069,20602485570,20604760586,20601772273,10028918041,10422740827,20602939970,20100051169,20225058319,20600442288,10027690888,20545044545,20526543948,10407223573,10069748568,10481767780,20100055318,20509469327,20604943737,20483899379,10415001865,20392599828,20601100160,20603827326,10409429390,10181807836,20141441371,20509693634,20515610821,20501622819,10035983100,10031332406,10032004631,10327640629,20603279329,10027266601,20481928665,10081856236,10437532121,10459259771,20484228290,20100784239,20101256422,20390900407,20601704341,20484284441,10736808787,20471133770,10432730439,10727622760,20606161591,10424692285,10485028957,20605208810,20601010772,20144961146,10028042707,10400672755,10408261355,20462256940,10444555161,20482762027,10449662747,20605391193,10429781944,10464436940,10472914176,20526695454,10705441435,10077006309,20462441178,20477667709,10448202157,10437397959,10409384060,10459017033,20604725799,10468575375,10028590615,20563332230,20525707351,20409410295,20602837808,10471940475,20482587276,20102954247,20501262260,20602486339,10714754659,10461458888,20602769691,20603818734,10026530216,10463178726,20606358351,20487872581,10478084167,20382829302,20508032286,20100654025,20525320431,10426448888,20484133230,20546255299,20600989244,20131494450,20535653365,20100268575,20608680161,20100302421,20483930047,20545596823,10700503203,20100456495,20102670214,10028660371,20572230491,10719618320,20554039708,10413019970,20398527993,20605808311,20138563201,20602108687,20100105862,20570594860,20529858460,20135948641,20604211388,20484284106,20530236731,20101077099,10426887792,20602784631,10076062434,20603571127,20601971519,20101130160,20529891912,10443809533,20604211451,20526414544,20515829424,20602183107,20103365628,20604083037,20606323507,20167884491,20604152110,10411374535,20461851887,20525376576,10408103831,10028214354,20479726982,20566231833,20557338056,20483835648,20409397337,20100171814,20602620396,20137868955,20131644109,10805626297,20276885431,20526637764,20525564062,20602266916,20602687806,10757461230,20526520140,10804769396,10256542256,20100312736,20536218999,20566321662,20101200125,20101461786,20504979092,10293780817,20100017491,20101639275,20509952591,20483902264,20601099960,20561374750,10430382441,20600448286,20530266487,20494691524,10445490101,20100043140,20109969452,20433092776,20111740438,10211215599,20206432692,20526393369,20526394250,20110169109,20525411401,20100055661,20131016396,10412443140,10801767848,20530268773,20308491081,20602392661,20600979559,20100114349,20100166578,20526375034,20525476791,20555863731,10460323032,20550894859,20553320021,20356264411,20530313078,20526154291,20601153964,20100176450,20211040352,20100365341,20101281371,20100421195,20555949708,10179357190,20516577488,20560053151,20526279825,10165907812,20526083335,20111064394,20601849845,20534470402,20529837462,20604163936,20125327509,20542906597,20529996188,20603239238,20501842771,20115915828,20543499391,20603859244,20544144121,20507012044,20602880266,20526426046,20545198429,10729471467,20259814210,20529897872,20526280165,20432295754,20601494427,20517909875,20603752091,20601659248,20513594705,20502132343,20601834813,20601969255,20101128777,20600395832,20548707529,20522974944,20530180680,20604540594,20602895701,20530317499,20507417966,20529983281,20604085307,20526394845,20566604702,20602658644,20366873717,10333279393,20550205409,20530189806,20101056091,20603246285,20603455500,20546688136,20543725821,20549521984,10028243958,10027823543,10027791722,20601847451,20379902996,10027712083,20102426810,10479008774,20514706302,10405539301,10036606890,10411149418,10027925915,20601917883,20493027973,10027853108,10027833948,10027845695,10027878704,10027873711,10026844890,20604026050,10026854119,20510767889,10180975417,20388203111,20108528894,20604671494,10028508714,20484287466,20550502446,10026727109,20277131570,20477240152,10026870211,20456931554,10401567947,10027233169,10027152321,20602475019,20538743471,15398572600,10027394081,20548423172,20483808756,10027027283,10027082357,10028569551,10028613101,10028432114,20602600247,20492092313,10028484882,10174403550,10028820629,20360815031,20131529181,20348687191,20113539675,20550115752,20604845964,20101030963,20440459669,20122529780,20515874136,20122909931,10026553283,20131257750,20525602258,20409382739,20481691550,20440983261,10028078914,10028090604,10028316017,10028319041,10032037921,10028333264,10028291863,20530139701,20525555152,20502953541,10028339998,20132712086,20601899591,20609261359,10028229581,20525925693,20601362890,20600044266,10002530053,20486591529,10002538381,20602031030,20302757641,20530327613,20546010938,20559747212,20600530292,20600052595,20154477536,10026670441,20526576366,20604262250,10002502475,20601509351,20601989761,20530204708,20600187075,20601407737,20600133561,10026755013,20604269530,20161772373,20517253520,20114673774,20293331066,20602618073,20546458211,20202380621,20175674382,20537042126,20504511945,20409273875,10003697865,20101902740,20184778824,20602654631,20441204451,10002025863,20539938771,10410388770,20263019807,20601277299,10002360638,20383958581,20265258370,20105221453,10410385134,10002165363
2022-12-21 13:04:48,832 INFO : Procesando 1247 números de RUC
2022-12-21 13:04:48,833 INFO : RUC del 1 al 10
2022-12-21 13:10:43,249 INFO : Inicializando Servicio
2022-12-21 13:10:44,781 INFO : Procesando socios
2022-12-21 13:10:44,781 INFO : Conectando a la BD ZZZ_ECOACUICOLA_2911
2022-12-21 13:10:51,998 INFO : Conectado satisfactoriamente
2022-12-21 13:10:52,090 INFO : Iniciando el Proceso
2022-12-21 13:10:52,093 INFO : Procesando RUC individual
2022-12-21 13:10:52,124 INFO : Buscando socios
2022-12-21 13:10:52,141 INFO : Encontrados 1247
2022-12-21 13:10:52,155 DEBUG: RUC encontrados: 10079621965,10028434532,20529730072,10402260675,10417708958,10437725620,20552515766,20510274009,10700120819,17102862554,20600637470,20604496838,20603425091,10105433668,20530267378,10704715990,10082504767,20556250694,20559561542,20602540376,10734231911,20307150981,20559617190,20606766719,20601790662,20484315931,20559912191,20432940161,20561219789,20512122311,10082439060,20604762651,20521238284,20525488536,20602366261,20566205247,20600005155,10078200338,10103468863,20607842915,10093366251,20529938064,20603218869,20510644451,20601012287,20145038384,20603392851,20540010375,20600149645,20600163346,20559683575,20602661149,20600354044,20600464281,20602915540,20602673422,10421277708,20346669625,20525786715,20600875028,20600876211,20600581768,20601259983,20601322898,20530302386,20602835660,20601408130,10026917323,10028762122,20601466202,20601474361,20604765774,10091353364,20601590922,20603683693,20483995092,20540087751,20601759374,10026107836,20602790917,20601767423,20608529510,20605876677,20606756705,20601843839,20608608681,20600967844,20515971921,20606581107,20602092390,20606188642,15603452981,20399642109,20258352638,20544142004,20608529994,20513632569,20602156738,20526575807,20544178297,20604206180,20600106237,10758441135,10028118134,20513541849,20418647371,20477582461,20432824099,20609276801,20542169398,20602787061,20602787576,20417926632,20602806902,10002383301,20602872476,20100042500,20146721410,20525871747,20551094198,20602897002,20603966521,10165889148,10420361977,20603156324,10026808168,20525652271,20603412011,20601893844,10028308944,20603641214,20603709293,20132676004,20102708394,20525523463,20100488427,20100776562,20606750138,20604129291,10446024944,20603160607,20604544271,20525830129,20606278099,20603302746,10026282948,20604820830,10408310976,20525681298,20604912271,20605470611,10723731513,20608538802,20530081517,20101996116,20605029290,20605213236,20605594507,20605597140,20605687661,20605699627,20609575566,10179214038,20604769494,20606688777,20409232761,20606954981,20554545743,10411749539,10401906091,20605506837,20608278363,20440852671,20601032971,20608479491,20608608487,20484180157,20484270067,20608891227,20608947524,20525728600,20606504765,20603790465,20608336380,20601986621,10458830288,20536938657,20530214762,20160349914,10472937931,20504973990,20526104782,20608479423,20324203118,20136247396,20603731124,20607107051,20608103873,20608983024,20526602626,20529992514,20261239923,20132091979,20609337592,10028568377,10413505548,10032340607,10002407847,20100084172,20477704248,10026481835,10091567674,20251357413,20223968971,20601668131,20601762243,20609904047,20392777190,20604751986,20219178264,20526249322,20231843460,20296081567,20257692109,20604817375,20608634585,20549758054,20367075776,20112811096,20522051315,20409222294,20530240178,20409250581,20601750351,20602979734,20440703837,20600138228,20556129518,20561232611,20544424751,10702936794,20602099203,20502699491,20525509550,20530076866,20102021836,10027346249,20530239676,20601509653,20539707613,20601599881,10403008236,20603075910,20100082714,20529936100,20505062826,20529735465,20440484345,10742353007,10028063313,20508828960,20604117012,20605636374,20484290173,10762361472,20564490351,20605691693,20605821864,20610111701,20344877158,20483801239,10034702603,20605825274,20484214744,20601842158,20609513854,20606195738,20483393955,20600222849,20609358115,20606647451,20602009395,20451770099,20601814154,20602022731,20482814604,20524279160,20552252731,20481672768,20386659959,20530096115,20606222697,20526138172,20602255612,20525397816,20106897914,20604872368,20602717187,20609574667,20604665664,20488142802,20539830733,10410559701,20225116459,20504645984,20600652614,20418933381,20526566301,10758137151,20510910517,20605114734,20530167071,20335020872,20100227461,10095386828,20602798802,20606020598,20530184596,20514746355,10082386039,10420897761,20606994185,20603730501,20467534026,20100089051,20518364481,20607134953,20601254175,20136890329,10081919149,10082112362,20100000688,20529754419,20484164208,10420049388,10421149068,10421451309,10421753135,10420731731,10420765890,20600229576,20608878131,20536537407,20339899895,20409281622,20530172156,20530121918,20566156360,10034731956,20480297289,20305765784,10076170997,20538810682,20529720867,10074762820,20555271566,10074351471,20601584191,20419922391,10028185354,10078731805,10424565119,20342210814,10077976456,20100292875,20105210338,20606830191,20517182673,20601394902,20600087178,20601591911,10033677559,20526445008,20525852874,20602691862,20602814255,20100083362,20507281967,20605860053,20547579721,10402646034,20510407670,20602925995,20512220755,20502900936,20600174399,20286616225,10451363277,20526081804,20100141583,20600826574,20102424523,20529911298,10439931081,20605352121,20547922981,20102120061,10028889335,10028898784,20554123911,20548183279,20511315337,20100063680,20602081801,10709064679,10033413748,20603334729,10032132541,20392889231,10031204726,10412672084,20566407621,20105396172,10032365472,10032365740,10032365944,10032382156,20530136869,10036685455,20526618549,10477728061,20395492129,20602686320,10036683673,10417866928,10728022961,10003278463,20602683924,20100118336,20607658090,20602403425,20526041250,20530310991,20530242626,10804887178,20601589193,20484044997,20601536260,10417659434,10028961826,20505897812,20505370130,20600335619,20530213367,10036930000,10036930701,20529921846,20491781409,20563050765,20530192424,20100346479,10036937055,20529961554,20393011727,20101392369,20481330964,10450059507,10026899627,20563739771,20525977651,10473136088,15493213412,10028109232,20525271634,10406045833,20530228399,20268910515,20500453401,20439147076,20602341969,20600954351,10036124828,20602477089,10002193073,10182200862,20602163297,20510526415,10416355628,20100305101,20481829683,10036237053,20537480077,10420400697,20525758347,20507141791,10414862743,10182204949,10035940664,20514156558,20600384962,10758890592,20605669604,20482814191,20399536929,20492455050,10026615882,20102536593,10038839760,10479161661,20158179688,20602339891,20602051154,10406871997,20603045905,10026082388,20481828016,20603182198,20530338496,10027987554,10419949855,20441490446,20602690408,20601543151,20603681551,20600085205,20601398789,10180902851,20603261993,20601706980,20600710789,20602877770,20483433507,20601289807,10036454038,20606600241,20440878394,10454484687,20536364201,10449522244,10701672271,20440882821,10035047692,20601787394,20552543972,10028252477,20602592899,20511407533,10734458762,20530014321,20474102158,20600411978,20454186002,10091454420,20409264965,20102505957,20600859553,20543046095,20600947193,10028935647,20601301050,15165362532,20605294007,10030856886,10033563880,20606034696,20573813708,20409298355,10028763170,20604113629,10026931881,10450116471,20301604794,20605402128,20112273922,10167220253,20601107245,20605730001,20601111200,20131719559,10026450522,20554387498,10036977308,20388710994,20602601316,20606367377,20266614803,10471334494,20601515581,10436564789,20510037562,10472469954,20172606777,20606883669,10460322427,20484335614,20607021342,20607978779,20605239936,20409494294,20603891784,20483845520,20543854043,20565643496,20517374661,20547999691,20608775286,10475777749,20197316269,20600996372,10475362140,20479566250,10181244360,10477241803,10702151037,10026184733,20529961635,20563027607,10026537270,10028397840,10483177009,10483299864,10484074467,20467089464,10489619704,20601448697,10434746537,10434077112,10425191239,10435834715,10434789694,10435193094,20602224181,10102659860,20557069721,10431391908,20604718369,10430529701,10430832005,20268784625,10433313025,20113539594,20603000286,10431837892,10432367466,10442083571,10105373029,10443631122,20600897382,10443809606,10444270476,10036833594,10103180037,20605239740,10436807541,10434149521,10439307043,10426801294,10438429196,20504342817,20251995967,20526059116,10093895768,10424496940,10467161704,20526540680,10422079420,10026598546,10423737391,20479457710,20602674429,20366990357,10423245579,20103044155,20530063454,10026931032,10428487881,10428525189,20603839464,20603246234,20602905145,10429997947,10033675807,20602283080,10430377430,20600525272,10474087536,20503386730,10028566480,20511230935,20506210900,10732056322,20600315031,20600685423,20601438586,20396583055,20455477957,20607792187,20524403863,20511027382,20545699126,20600381742,10461738295,10460029894,10460452568,10464957516,10461937352,10466304081,20601584108,20475260199,10028794792,20537746956,20602274021,10469439793,20601210674,20100080002,20483912731,20520997734,20601646464,10165925969,20483917377,20136165667,10449424706,20213503384,10450318405,10449637408,10449941476,10449987158,20525937195,10028274934,20547689403,20440162062,10445473419,20601924936,20526352336,20600815742,20409419594,20502257634,10444907016,10447368906,20507637141,10422197449,20600488318,10445660499,10446951799,10456752778,10455154397,10026717502,10455721089,10035071097,20154477374,10459044880,10459456061,10457446409,10026718541,10457548538,10451721009,10454855626,10453196947,20101053157,20484084948,20600450736,10403483007,10038850691,10035793521,20601547300,10068076108,20601332796,20484252247,15604723202,20601308992,20600226585,20601498775,10027179270,20530254390,20563792745,20600056574,20556744263,20106975737,20601821169,20601750792,20602494498,20254053822,20384121838,10077992770,10082314135,10091710205,20601325439,20525765394,20601738792,20418896915,20603224079,10802691403,20519361672,10096701557,20600432258,20526572701,20601293090,20600577370,17105212208,10108060242,10164232781,20526533471,20600073711,20100006376,20604708509,10027207281,20546801471,20606946628,10404975949,10164232790,20601582113,20602533116,20601050324,20526362137,20100025915,15276280101,20100044626,20600909135,20539866762,10407671819,20505720131,20547706189,20604778191,20259572887,20508754079,10178637768,20603278233,10455178695,10806631642,20526016069,20602485570,20604760586,20601772273,10028918041,10422740827,20602939970,20100051169,20225058319,20600442288,10027690888,20545044545,20526543948,10407223573,10069748568,10481767780,20100055318,20509469327,20604943737,20483899379,10415001865,20392599828,20601100160,20603827326,10409429390,10181807836,20141441371,20509693634,20515610821,20501622819,10035983100,10031332406,10032004631,10327640629,20603279329,10027266601,20481928665,10081856236,10437532121,10459259771,20484228290,20100784239,20101256422,20390900407,20601704341,20484284441,10736808787,20471133770,10432730439,10727622760,20606161591,10424692285,10485028957,20605208810,20601010772,20144961146,10028042707,10400672755,10408261355,20462256940,10444555161,20482762027,10449662747,20605391193,10429781944,10464436940,10472914176,20526695454,10705441435,10077006309,20462441178,20477667709,10448202157,10437397959,10409384060,10459017033,20604725799,10468575375,10028590615,20563332230,20525707351,20409410295,20602837808,10471940475,20482587276,20102954247,20501262260,20602486339,10714754659,10461458888,20602769691,20603818734,10026530216,10463178726,20606358351,20487872581,10478084167,20382829302,20508032286,20100654025,20525320431,10426448888,20484133230,20546255299,20600989244,20131494450,20535653365,20100268575,20608680161,20100302421,20483930047,20545596823,10700503203,20100456495,20102670214,10028660371,20572230491,10719618320,20554039708,10413019970,20398527993,20605808311,20138563201,20602108687,20100105862,20570594860,20529858460,20135948641,20604211388,20484284106,20530236731,20101077099,10426887792,20602784631,10076062434,20603571127,20601971519,20101130160,20529891912,10443809533,20604211451,20526414544,20515829424,20602183107,20103365628,20604083037,20606323507,20167884491,20604152110,10411374535,20461851887,20525376576,10408103831,10028214354,20479726982,20566231833,20557338056,20483835648,20409397337,20100171814,20602620396,20137868955,20131644109,10805626297,20276885431,20526637764,20525564062,20602266916,20602687806,10757461230,20526520140,10804769396,10256542256,20100312736,20536218999,20566321662,20101200125,20101461786,20504979092,10293780817,20100017491,20101639275,20509952591,20483902264,20601099960,20561374750,10430382441,20600448286,20530266487,20494691524,10445490101,20100043140,20109969452,20433092776,20111740438,10211215599,20206432692,20526393369,20526394250,20110169109,20525411401,20100055661,20131016396,10412443140,10801767848,20530268773,20308491081,20602392661,20600979559,20100114349,20100166578,20526375034,20525476791,20555863731,10460323032,20550894859,20553320021,20356264411,20530313078,20526154291,20601153964,20100176450,20211040352,20100365341,20101281371,20100421195,20555949708,10179357190,20516577488,20560053151,20526279825,10165907812,20526083335,20111064394,20601849845,20534470402,20529837462,20604163936,20125327509,20542906597,20529996188,20603239238,20501842771,20115915828,20543499391,20603859244,20544144121,20507012044,20602880266,20526426046,20545198429,10729471467,20259814210,20529897872,20526280165,20432295754,20601494427,20517909875,20603752091,20601659248,20513594705,20502132343,20601834813,20601969255,20101128777,20600395832,20548707529,20522974944,20530180680,20604540594,20602895701,20530317499,20507417966,20529983281,20604085307,20526394845,20566604702,20602658644,20366873717,10333279393,20550205409,20530189806,20101056091,20603246285,20603455500,20546688136,20543725821,20549521984,10028243958,10027823543,10027791722,20601847451,20379902996,10027712083,20102426810,10479008774,20514706302,10405539301,10036606890,10411149418,10027925915,20601917883,20493027973,10027853108,10027833948,10027845695,10027878704,10027873711,10026844890,20604026050,10026854119,20510767889,10180975417,20388203111,20108528894,20604671494,10028508714,20484287466,20550502446,10026727109,20277131570,20477240152,10026870211,20456931554,10401567947,10027233169,10027152321,20602475019,20538743471,15398572600,10027394081,20548423172,20483808756,10027027283,10027082357,10028569551,10028613101,10028432114,20602600247,20492092313,10028484882,10174403550,10028820629,20360815031,20131529181,20348687191,20113539675,20550115752,20604845964,20101030963,20440459669,20122529780,20515874136,20122909931,10026553283,20131257750,20525602258,20409382739,20481691550,20440983261,10028078914,10028090604,10028316017,10028319041,10032037921,10028333264,10028291863,20530139701,20525555152,20502953541,10028339998,20132712086,20601899591,20609261359,10028229581,20525925693,20601362890,20600044266,10002530053,20486591529,10002538381,20602031030,20302757641,20530327613,20546010938,20559747212,20600530292,20600052595,20154477536,10026670441,20526576366,20604262250,10002502475,20601509351,20601989761,20530204708,20600187075,20601407737,20600133561,10026755013,20604269530,20161772373,20517253520,20114673774,20293331066,20602618073,20546458211,20202380621,20175674382,20537042126,20504511945,20409273875,10003697865,20101902740,20184778824,20602654631,20441204451,10002025863,20539938771,10410388770,20263019807,20601277299,10002360638,20383958581,20265258370,20105221453,10410385134,10002165363
2022-12-21 13:10:52,246 INFO : Procesando 1247 números de RUC
2022-12-21 13:10:52,247 INFO : RUC del 1 al 10
2022-12-21 13:11:05,829 DEBUG: Iniciando validacion
2022-12-21 13:11:05,841 DEBUG: Revisando en BD RUC: 10079621965
2022-12-21 13:11:05,997 DEBUG: Revisando ruc: 10079621965
2022-12-21 13:11:06,141 DEBUG: Comparando SUNAT con BD
2022-12-21 13:11:07,213 ERROR: Error al actualizar: CardCode-PL10079621965 - -1116: (2) bpvs:LC12 - Si se trata de una Persona Natural con RUC sin Negocio, en la pestaña de Finanzas debe colocar el tipo de impuesto "Extranjero"
2022-12-21 13:11:07,224 DEBUG: Validacion finalizada
2022-12-21 13:11:07,225 DEBUG: Iniciando validacion
2022-12-21 13:11:07,227 DEBUG: Revisando en BD RUC: 10028434532
2022-12-21 13:11:07,282 DEBUG: Revisando ruc: 10028434532
2022-12-21 13:11:07,369 DEBUG: Comparando SUNAT con BD
2022-12-21 13:11:08,335 ERROR: Error al actualizar: CardCode-PL10028434532 - -1116: (2) bpvs:LC12 - Si se trata de una Persona Natural con RUC sin Negocio, en la pestaña de Finanzas debe colocar el tipo de impuesto "Extranjero"
2022-12-21 13:11:08,344 DEBUG: Validacion finalizada
2022-12-21 13:11:08,344 DEBUG: Iniciando validacion
2022-12-21 13:11:08,345 DEBUG: Revisando en BD RUC: 20529730072
2022-12-21 13:11:08,409 DEBUG: Revisando ruc: 20529730072
2022-12-21 13:11:08,547 DEBUG: Comparando SUNAT con BD
2022-12-21 13:11:09,895 INFO : PL20529730072 actualizado
2022-12-21 13:11:09,906 DEBUG: Validacion finalizada
2022-12-21 13:11:09,907 DEBUG: Iniciando validacion
2022-12-21 13:11:09,910 DEBUG: Revisando en BD RUC: 10402260675
2022-12-21 13:11:09,974 DEBUG: Revisando ruc: 10402260675
2022-12-21 13:11:10,063 DEBUG: Comparando SUNAT con BD
2022-12-21 13:11:11,215 INFO : PL10402260675 actualizado
2022-12-21 13:11:11,224 DEBUG: Validacion finalizada
2022-12-21 13:11:11,224 DEBUG: Iniciando validacion
2022-12-21 13:11:11,226 DEBUG: Revisando en BD RUC: 10417708958
2022-12-21 13:11:11,286 DEBUG: Revisando ruc: 10417708958
2022-12-21 13:11:11,287 DEBUG: 20220201
2022-12-21 13:11:11,374 DEBUG: Comparando SUNAT con BD
2022-12-21 13:11:12,055 ERROR: Error al actualizar: CardCode-PL10417708958 - -1116: (2) bpvs:LC12 - Si se trata de una Persona Natural con RUC sin Negocio, en la pestaña de Finanzas debe colocar el tipo de impuesto "Extranjero"
2022-12-21 13:11:12,067 DEBUG: Validacion finalizada
2022-12-21 13:11:12,067 DEBUG: Iniciando validacion
2022-12-21 13:11:12,070 DEBUG: Revisando en BD RUC: 10437725620
2022-12-21 13:11:12,129 DEBUG: Revisando ruc: 10437725620
2022-12-21 13:11:12,220 DEBUG: Comparando SUNAT con BD
2022-12-21 13:11:13,112 ERROR: Error al actualizar: CardCode-PL10437725620 - -1116: (2) bpvs:LC12 - Si se trata de una Persona Natural con RUC sin Negocio, en la pestaña de Finanzas debe colocar el tipo de impuesto "Extranjero"
2022-12-21 13:11:13,122 DEBUG: Validacion finalizada
2022-12-21 13:11:13,123 DEBUG: Iniciando validacion
2022-12-21 13:11:13,124 DEBUG: Revisando en BD RUC: 20552515766
2022-12-21 13:11:13,193 DEBUG: Revisando ruc: 20552515766
2022-12-21 13:11:13,300 DEBUG: Comparando SUNAT con BD
2022-12-21 13:11:14,628 INFO : PL20552515766 actualizado
2022-12-21 13:11:14,640 DEBUG: Validacion finalizada
2022-12-21 13:11:14,640 DEBUG: Iniciando validacion
2022-12-21 13:11:14,642 DEBUG: Revisando en BD RUC: 20510274009
2022-12-21 13:11:14,705 DEBUG: Revisando ruc: 20510274009
2022-12-21 13:11:14,722 DEBUG: 20130701
2022-12-21 13:11:14,816 DEBUG: Comparando SUNAT con BD
2022-12-21 13:11:16,145 INFO : PL20510274009 actualizado
2022-12-21 13:11:16,151 DEBUG: Validacion finalizada
2022-12-21 13:11:16,152 DEBUG: Iniciando validacion
2022-12-21 13:11:16,152 DEBUG: Revisando en BD RUC: 10700120819
2022-12-21 13:11:16,208 DEBUG: Revisando ruc: 10700120819
2022-12-21 13:11:16,299 DEBUG: Comparando SUNAT con BD
2022-12-21 13:11:16,965 ERROR: Error al actualizar: CardCode-PL10700120819 - -1116: (2) bpvs:LC12 - Si se trata de una Persona Natural con RUC sin Negocio, en la pestaña de Finanzas debe colocar el tipo de impuesto "Extranjero"
2022-12-21 13:11:16,974 DEBUG: Validacion finalizada
2022-12-21 13:11:16,974 DEBUG: Iniciando validacion
2022-12-21 13:11:16,975 DEBUG: Revisando en BD RUC: 17102862554
2022-12-21 13:11:17,031 DEBUG: Revisando ruc: 17102862554
2022-12-21 13:11:17,115 DEBUG: Comparando SUNAT con BD
2022-12-21 13:11:18,414 INFO : PL17102862554 actualizado
2022-12-21 13:11:18,421 DEBUG: Validacion finalizada
2022-12-21 13:11:18,421 INFO : Resultado: 5 correctos, 5 errores, 0 inválidos, 5 Socios Procesados -  Total Acumulado: 5
2022-12-21 13:11:18,425 INFO : RUC del 11 al 20
2022-12-21 13:11:19,533 DEBUG: Iniciando validacion
2022-12-21 13:11:19,534 DEBUG: Revisando en BD RUC: 20600637470
2022-12-21 13:11:19,591 DEBUG: Revisando ruc: 20600637470
2022-12-21 13:11:19,709 DEBUG: Comparando SUNAT con BD
2022-12-21 13:11:20,669 INFO : PL20600637470 actualizado
2022-12-21 13:11:20,674 DEBUG: Validacion finalizada
2022-12-21 13:11:20,675 DEBUG: Iniciando validacion
2022-12-21 13:11:20,675 DEBUG: Revisando en BD RUC: 20604496838
2022-12-21 13:11:20,733 DEBUG: Revisando ruc: 20604496838
2022-12-21 13:11:20,857 DEBUG: Comparando SUNAT con BD
2022-12-21 13:11:22,132 INFO : PL20604496838 actualizado
2022-12-21 13:11:22,137 DEBUG: Validacion finalizada
2022-12-21 13:11:22,137 DEBUG: Iniciando validacion
2022-12-21 13:11:22,138 DEBUG: Revisando en BD RUC: 20603425091
2022-12-21 13:11:22,208 DEBUG: Revisando ruc: 20603425091
2022-12-21 13:11:22,321 DEBUG: Comparando SUNAT con BD
2022-12-21 13:11:23,585 INFO : PL20603425091 actualizado
2022-12-21 13:11:23,591 DEBUG: Validacion finalizada
2022-12-21 13:11:23,592 DEBUG: Iniciando validacion
2022-12-21 13:11:23,592 DEBUG: Revisando en BD RUC: 10105433668
2022-12-21 13:11:23,669 DEBUG: Revisando ruc: 10105433668
2022-12-21 13:11:23,749 DEBUG: Comparando SUNAT con BD
2022-12-21 13:11:24,673 ERROR: Error al actualizar: CardCode-PL10105433668 - -1116: (2) bpvs:LC12 - Si se trata de una Persona Natural con RUC sin Negocio, en la pestaña de Finanzas debe colocar el tipo de impuesto "Extranjero"
2022-12-21 13:11:24,681 DEBUG: Validacion finalizada
2022-12-21 13:11:24,681 DEBUG: Iniciando validacion
2022-12-21 13:11:24,683 DEBUG: Revisando en BD RUC: 20530267378
2022-12-21 13:11:24,741 DEBUG: Revisando ruc: 20530267378
2022-12-21 13:11:24,753 DEBUG: 20220201
2022-12-21 13:11:24,844 DEBUG: Comparando SUNAT con BD
2022-12-21 13:11:26,125 INFO : PL20530267378 actualizado
2022-12-21 13:11:26,131 DEBUG: Validacion finalizada
2022-12-21 13:11:26,132 DEBUG: Iniciando validacion
2022-12-21 13:11:26,132 DEBUG: Revisando en BD RUC: 10704715990
2022-12-21 13:11:26,194 DEBUG: Revisando ruc: 10704715990
2022-12-21 13:11:26,276 DEBUG: Comparando SUNAT con BD
2022-12-21 13:11:26,964 ERROR: Error al actualizar: CardCode-PL10704715990 - -1116: (2) bpvs:LC12 - Si se trata de una Persona Natural con RUC sin Negocio, en la pestaña de Finanzas debe colocar el tipo de impuesto "Extranjero"
2022-12-21 13:11:26,976 DEBUG: Validacion finalizada
2022-12-21 13:11:26,977 DEBUG: Iniciando validacion
2022-12-21 13:11:26,981 DEBUG: Revisando en BD RUC: 10082504767
2022-12-21 13:11:27,070 DEBUG: Revisando ruc: 10082504767
2022-12-21 13:11:27,162 DEBUG: Comparando SUNAT con BD
2022-12-21 13:11:27,871 ERROR: Error al actualizar: CardCode-PL10082504767 - -1116: (2) bpvs:LC12 - Si se trata de una Persona Natural con RUC sin Negocio, en la pestaña de Finanzas debe colocar el tipo de impuesto "Extranjero"
2022-12-21 13:11:27,880 DEBUG: Validacion finalizada
2022-12-21 13:11:27,880 DEBUG: Iniciando validacion
2022-12-21 13:11:27,881 DEBUG: Revisando en BD RUC: 20556250694
2022-12-21 13:11:27,941 DEBUG: Revisando ruc: 20556250694
2022-12-21 13:11:28,066 DEBUG: Comparando SUNAT con BD
2022-12-21 13:11:29,274 INFO : PL20556250694 actualizado
2022-12-21 13:11:29,281 DEBUG: Validacion finalizada
2022-12-21 13:11:29,281 DEBUG: Iniciando validacion
2022-12-21 13:11:29,285 DEBUG: Revisando en BD RUC: 20559561542
2022-12-21 13:11:29,348 DEBUG: Revisando ruc: 20559561542
2022-12-21 13:11:29,461 DEBUG: Comparando SUNAT con BD
2022-12-21 13:11:30,828 INFO : PL20559561542 actualizado
2022-12-21 13:11:30,834 DEBUG: Validacion finalizada
2022-12-21 13:11:30,835 DEBUG: Iniciando validacion
2022-12-21 13:11:30,836 DEBUG: Revisando en BD RUC: 20602540376
2022-12-21 13:11:30,890 DEBUG: Revisando ruc: 20602540376
2022-12-21 13:11:30,991 DEBUG: Comparando SUNAT con BD
2022-12-21 13:11:31,934 INFO : PL20602540376 actualizado
2022-12-21 13:11:31,943 DEBUG: Validacion finalizada
2022-12-21 13:11:31,963 INFO : Resultado: 7 correctos, 3 errores, 0 inválidos, 7 Socios Procesados -  Total Acumulado: 12
2022-12-21 13:11:31,965 INFO : RUC del 21 al 30
2022-12-21 13:11:33,143 DEBUG: Iniciando validacion
2022-12-21 13:11:33,144 DEBUG: Revisando en BD RUC: 10734231911
2022-12-21 13:11:33,201 DEBUG: Revisando ruc: 10734231911
2022-12-21 13:11:33,293 DEBUG: Comparando SUNAT con BD
2022-12-21 13:11:34,118 ERROR: Error al actualizar: CardCode-PL10734231911 - -1116: (2) bpvs:LC12 - Si se trata de una Persona Natural con RUC sin Negocio, en la pestaña de Finanzas debe colocar el tipo de impuesto "Extranjero"
2022-12-21 13:11:34,127 DEBUG: Validacion finalizada
2022-12-21 13:11:34,127 DEBUG: Iniciando validacion
2022-12-21 13:11:34,128 DEBUG: Revisando en BD RUC: 20307150981
2022-12-21 13:11:34,188 DEBUG: Revisando ruc: 20307150981
2022-12-21 13:11:34,210 DEBUG: 20121101
2022-12-21 13:11:34,312 DEBUG: Comparando SUNAT con BD
2022-12-21 13:11:35,552 INFO : PL20307150981 actualizado
2022-12-21 13:11:35,560 DEBUG: Validacion finalizada
2022-12-21 13:11:35,560 DEBUG: Iniciando validacion
2022-12-21 13:11:35,561 DEBUG: Revisando en BD RUC: 20559617190
2022-12-21 13:11:35,638 DEBUG: Revisando ruc: 20559617190
2022-12-21 13:11:35,761 DEBUG: Comparando SUNAT con BD
2022-12-21 13:11:36,995 INFO : PL20559617190 actualizado
2022-12-21 13:11:37,000 DEBUG: Validacion finalizada
2022-12-21 13:11:37,024 DEBUG: Iniciando validacion
2022-12-21 13:11:37,025 DEBUG: Revisando en BD RUC: 20606766719
2022-12-21 13:11:37,078 DEBUG: Revisando ruc: 20606766719
2022-12-21 13:11:37,189 DEBUG: Comparando SUNAT con BD
2022-12-21 13:11:38,133 INFO : PL20606766719 actualizado
2022-12-21 13:11:38,138 DEBUG: Validacion finalizada
2022-12-21 13:11:38,138 DEBUG: Iniciando validacion
2022-12-21 13:11:38,139 DEBUG: Revisando en BD RUC: 20601790662
2022-12-21 13:11:38,201 DEBUG: Revisando ruc: 20601790662
2022-12-21 13:11:38,338 DEBUG: Comparando SUNAT con BD
2022-12-21 13:11:39,814 INFO : PL20601790662 actualizado
2022-12-21 13:11:39,819 DEBUG: Validacion finalizada
2022-12-21 13:11:39,820 DEBUG: Iniciando validacion
2022-12-21 13:11:39,820 DEBUG: Revisando en BD RUC: 20484315931
2022-12-21 13:11:39,883 DEBUG: Revisando ruc: 20484315931
2022-12-21 13:11:40,298 DEBUG: Comparando SUNAT con BD
2022-12-21 13:11:41,439 INFO : PL20484315931 actualizado
2022-12-21 13:11:41,448 DEBUG: Validacion finalizada
2022-12-21 13:11:41,449 DEBUG: Iniciando validacion
2022-12-21 13:11:41,449 DEBUG: Revisando en BD RUC: 20559912191
2022-12-21 13:11:41,516 DEBUG: Revisando ruc: 20559912191
2022-12-21 13:11:41,633 DEBUG: Comparando SUNAT con BD
2022-12-21 13:11:43,130 INFO : PL20559912191 actualizado
2022-12-21 13:11:43,135 DEBUG: Validacion finalizada
2022-12-21 13:11:43,136 DEBUG: Iniciando validacion
2022-12-21 13:11:43,137 DEBUG: Revisando en BD RUC: 20432940161
2022-12-21 13:11:43,193 DEBUG: Revisando ruc: 20432940161
2022-12-21 13:11:43,310 DEBUG: Comparando SUNAT con BD
2022-12-21 13:11:44,562 INFO : PL20432940161 actualizado
2022-12-21 13:11:44,570 DEBUG: Validacion finalizada
2022-12-21 13:11:44,570 DEBUG: Iniciando validacion
2022-12-21 13:11:44,571 DEBUG: Revisando en BD RUC: 20561219789
2022-12-21 13:11:44,626 DEBUG: Revisando ruc: 20561219789
2022-12-21 13:11:44,755 DEBUG: Comparando SUNAT con BD
2022-12-21 13:11:46,103 INFO : PL20561219789 actualizado
2022-12-21 13:11:46,112 DEBUG: Validacion finalizada
2022-12-21 13:11:46,112 DEBUG: Iniciando validacion
2022-12-21 13:11:46,113 DEBUG: Revisando en BD RUC: 20512122311
2022-12-21 13:11:46,176 DEBUG: Revisando ruc: 20512122311
2022-12-21 13:11:46,191 DEBUG: 20160901
2022-12-21 13:11:46,294 DEBUG: Comparando SUNAT con BD
2022-12-21 13:11:47,435 INFO : PL20512122311 actualizado
2022-12-21 13:11:47,441 DEBUG: Validacion finalizada
2022-12-21 13:11:47,442 INFO : Resultado: 9 correctos, 1 errores, 0 inválidos, 9 Socios Procesados -  Total Acumulado: 21
2022-12-21 13:11:47,443 INFO : RUC del 31 al 40
2022-12-21 13:11:48,777 DEBUG: Iniciando validacion
2022-12-21 13:11:48,778 DEBUG: Revisando en BD RUC: 10082439060
2022-12-21 13:11:48,830 DEBUG: Revisando ruc: 10082439060
2022-12-21 13:11:48,919 DEBUG: Comparando SUNAT con BD
2022-12-21 13:11:49,967 INFO : PL10082439060 actualizado
2022-12-21 13:11:49,974 DEBUG: Validacion finalizada
2022-12-21 13:11:49,974 DEBUG: Iniciando validacion
2022-12-21 13:11:49,975 DEBUG: Revisando en BD RUC: 20604762651
2022-12-21 13:11:50,048 DEBUG: Revisando ruc: 20604762651
2022-12-21 13:11:50,161 DEBUG: Comparando SUNAT con BD
2022-12-21 13:11:51,363 INFO : PL20604762651 actualizado
2022-12-21 13:11:51,374 DEBUG: Validacion finalizada
2022-12-21 13:11:51,374 DEBUG: Iniciando validacion
2022-12-21 13:11:51,375 DEBUG: Revisando en BD RUC: 20521238284
2022-12-21 13:11:51,448 DEBUG: Revisando ruc: 20521238284
2022-12-21 13:11:51,472 DEBUG: 20130701
2022-12-21 13:11:51,573 DEBUG: Comparando SUNAT con BD
2022-12-21 13:11:52,669 INFO : PL20521238284 actualizado
2022-12-21 13:11:52,677 DEBUG: Validacion finalizada
2022-12-21 13:11:52,677 DEBUG: Iniciando validacion
2022-12-21 13:11:52,678 DEBUG: Revisando en BD RUC: 20525488536
2022-12-21 13:11:52,738 DEBUG: Revisando ruc: 20525488536
2022-12-21 13:11:52,849 DEBUG: Comparando SUNAT con BD
2022-12-21 13:11:54,026 ERROR: Error al actualizar: CardCode-PL20525488536 - -1116: (2) bpvs:LC20 - En la pestaña Direcciones, debe llenar los campos "Calle/Número", "Distrito", "Ciudad", "Departamento" de todas las direcciones
2022-12-21 13:11:54,033 DEBUG: Validacion finalizada
2022-12-21 13:11:54,049 DEBUG: Iniciando validacion
2022-12-21 13:11:54,049 DEBUG: Revisando en BD RUC: 20602366261
2022-12-21 13:11:54,111 DEBUG: Revisando ruc: 20602366261
2022-12-21 13:11:54,220 DEBUG: Comparando SUNAT con BD
2022-12-21 13:11:55,337 INFO : PL20602366261 actualizado
2022-12-21 13:11:55,344 DEBUG: Validacion finalizada
2022-12-21 13:11:55,344 DEBUG: Iniciando validacion
2022-12-21 13:11:55,346 DEBUG: Revisando en BD RUC: 20566205247
2022-12-21 13:11:55,410 DEBUG: Revisando ruc: 20566205247
2022-12-21 13:11:55,515 DEBUG: Comparando SUNAT con BD
2022-12-21 13:11:56,706 INFO : PL20566205247 actualizado
2022-12-21 13:11:56,712 DEBUG: Validacion finalizada
2022-12-21 13:11:56,712 DEBUG: Iniciando validacion
2022-12-21 13:11:56,713 DEBUG: Revisando en BD RUC: 20600005155
2022-12-21 13:11:56,769 DEBUG: Revisando ruc: 20600005155
2022-12-21 13:11:56,880 DEBUG: Comparando SUNAT con BD
2022-12-21 13:11:57,795 INFO : CL20600005155 actualizado
2022-12-21 13:11:57,819 DEBUG: Revisando ruc: 20600005155
2022-12-21 13:11:57,922 DEBUG: Comparando SUNAT con BD
2022-12-21 13:11:58,752 ERROR: Error al actualizar: CardCode-PL20600005155 - -1116: (2) bpvs:LC20 - En la pestaña Direcciones, debe llenar los campos "Calle/Número", "Distrito", "Ciudad", "Departamento" de todas las direcciones
2022-12-21 13:11:58,767 DEBUG: Validacion finalizada
2022-12-21 13:11:58,768 DEBUG: Iniciando validacion
2022-12-21 13:11:58,768 DEBUG: Revisando en BD RUC: 10078200338
2022-12-21 13:11:58,828 DEBUG: Revisando ruc: 10078200338
2022-12-21 13:11:58,917 DEBUG: Comparando SUNAT con BD
2022-12-21 13:11:59,680 ERROR: Error al actualizar: CardCode-PL10078200338 - -1116: (2) bpvs:LC12 - Si se trata de una Persona Natural con RUC sin Negocio, en la pestaña de Finanzas debe colocar el tipo de impuesto "Extranjero"
2022-12-21 13:11:59,691 DEBUG: Validacion finalizada
2022-12-21 13:11:59,694 DEBUG: Iniciando validacion
2022-12-21 13:11:59,694 DEBUG: Revisando en BD RUC: 10103468863
2022-12-21 13:11:59,755 DEBUG: Revisando ruc: 10103468863
2022-12-21 13:11:59,831 DEBUG: Comparando SUNAT con BD
2022-12-21 13:12:00,577 ERROR: Error al actualizar: CardCode-PL10103468863 - -1116: (2) bpvs:LC12 - Si se trata de una Persona Natural con RUC sin Negocio, en la pestaña de Finanzas debe colocar el tipo de impuesto "Extranjero"
2022-12-21 13:12:00,588 DEBUG: Validacion finalizada
2022-12-21 13:12:00,589 DEBUG: Iniciando validacion
2022-12-21 13:12:00,590 DEBUG: Revisando en BD RUC: 20607842915
2022-12-21 13:12:00,647 DEBUG: Revisando ruc: 20607842915
2022-12-21 13:12:00,802 DEBUG: Comparando SUNAT con BD
2022-12-21 13:12:02,063 INFO : PL20607842915 actualizado
2022-12-21 13:12:02,071 DEBUG: Validacion finalizada
2022-12-21 13:12:02,071 INFO : Resultado: 6 correctos, 4 errores, 0 inválidos, 7 Socios Procesados -  Total Acumulado: 28
2022-12-21 13:12:02,072 INFO : RUC del 41 al 50
2022-12-21 13:12:03,386 DEBUG: Iniciando validacion
2022-12-21 13:12:03,386 DEBUG: Revisando en BD RUC: 10093366251
2022-12-21 13:12:03,441 DEBUG: Revisando ruc: 10093366251
2022-12-21 13:12:03,534 DEBUG: Comparando SUNAT con BD
2022-12-21 13:12:04,296 ERROR: Error al actualizar: CardCode-PL10093366251 - -1116: (2) bpvs:LC12 - Si se trata de una Persona Natural con RUC sin Negocio, en la pestaña de Finanzas debe colocar el tipo de impuesto "Extranjero"
2022-12-21 13:12:04,309 DEBUG: Validacion finalizada
2022-12-21 13:12:04,309 DEBUG: Iniciando validacion
2022-12-21 13:12:04,310 DEBUG: Revisando en BD RUC: 20529938064
2022-12-21 13:12:04,381 DEBUG: Revisando ruc: 20529938064
2022-12-21 13:12:04,491 DEBUG: Comparando SUNAT con BD
2022-12-21 13:12:05,460 INFO : PL20529938064 actualizado
2022-12-21 13:12:05,466 DEBUG: Validacion finalizada
2022-12-21 13:12:05,467 DEBUG: Iniciando validacion
2022-12-21 13:12:05,467 DEBUG: Revisando en BD RUC: 20603218869
2022-12-21 13:12:05,537 DEBUG: Revisando ruc: 20603218869
2022-12-21 13:12:05,640 DEBUG: Comparando SUNAT con BD
2022-12-21 13:12:06,728 INFO : PL20603218869 actualizado
2022-12-21 13:12:06,737 DEBUG: Validacion finalizada
2022-12-21 13:12:06,737 DEBUG: Iniciando validacion
2022-12-21 13:12:06,738 DEBUG: Revisando en BD RUC: 20510644451
2022-12-21 13:12:06,798 DEBUG: Revisando ruc: 20510644451
2022-12-21 13:12:06,959 DEBUG: Comparando SUNAT con BD
2022-12-21 13:12:08,319 INFO : PL20510644451 actualizado
2022-12-21 13:12:08,326 DEBUG: Validacion finalizada
2022-12-21 13:12:08,327 DEBUG: Iniciando validacion
2022-12-21 13:12:08,329 DEBUG: Revisando en BD RUC: 20601012287
2022-12-21 13:12:08,399 DEBUG: Revisando ruc: 20601012287
2022-12-21 13:12:08,541 DEBUG: Comparando SUNAT con BD
2022-12-21 13:12:09,810 INFO : PL20601012287 actualizado
2022-12-21 13:12:09,819 DEBUG: Validacion finalizada
2022-12-21 13:12:09,820 DEBUG: Iniciando validacion
2022-12-21 13:12:09,820 DEBUG: Revisando en BD RUC: 20145038384
2022-12-21 13:12:09,878 DEBUG: Revisando ruc: 20145038384
2022-12-21 13:12:09,899 DEBUG: 20160201
2022-12-21 13:12:10,005 DEBUG: Comparando SUNAT con BD
2022-12-21 13:12:11,251 INFO : PL20145038384 actualizado
2022-12-21 13:12:11,260 DEBUG: Validacion finalizada
2022-12-21 13:12:11,260 DEBUG: Iniciando validacion
2022-12-21 13:12:11,262 DEBUG: Revisando en BD RUC: 20603392851
2022-12-21 13:12:11,335 DEBUG: Revisando ruc: 20603392851
2022-12-21 13:12:11,462 DEBUG: Comparando SUNAT con BD
2022-12-21 13:12:13,061 INFO : PL20603392851 actualizado
2022-12-21 13:12:13,072 DEBUG: Validacion finalizada
2022-12-21 13:12:13,072 DEBUG: Iniciando validacion
2022-12-21 13:12:13,074 DEBUG: Revisando en BD RUC: 20540010375
2022-12-21 13:12:13,131 DEBUG: Revisando ruc: 20540010375
2022-12-21 13:12:13,268 DEBUG: Comparando SUNAT con BD
2022-12-21 13:12:14,442 INFO : PL20540010375 actualizado
2022-12-21 13:12:14,448 DEBUG: Validacion finalizada
2022-12-21 13:12:14,449 DEBUG: Iniciando validacion
2022-12-21 13:12:14,450 DEBUG: Revisando en BD RUC: 20600149645
2022-12-21 13:12:14,524 DEBUG: Revisando ruc: 20600149645
2022-12-21 13:12:14,553 DEBUG: 20191201
2022-12-21 13:12:14,667 DEBUG: Comparando SUNAT con BD
2022-12-21 13:12:15,820 INFO : PL20600149645 actualizado
2022-12-21 13:12:15,828 DEBUG: Validacion finalizada
2022-12-21 13:12:15,828 DEBUG: Iniciando validacion
2022-12-21 13:12:15,830 DEBUG: Revisando en BD RUC: 20600163346
2022-12-21 13:12:15,918 DEBUG: Revisando ruc: 20600163346
2022-12-21 13:12:16,045 DEBUG: Comparando SUNAT con BD
2022-12-21 13:12:17,253 INFO : PL20600163346 actualizado
2022-12-21 13:12:17,262 DEBUG: Validacion finalizada
2022-12-21 13:12:17,263 INFO : Resultado: 9 correctos, 1 errores, 0 inválidos, 9 Socios Procesados -  Total Acumulado: 37
2022-12-21 13:12:17,267 INFO : RUC del 51 al 60
2022-12-21 13:12:18,902 DEBUG: Iniciando validacion
2022-12-21 13:12:18,903 DEBUG: Revisando en BD RUC: 20559683575
2022-12-21 13:12:19,334 DEBUG: Revisando ruc: 20559683575
2022-12-21 13:12:19,463 DEBUG: Comparando SUNAT con BD
2022-12-21 13:12:20,805 INFO : PL20559683575 actualizado
2022-12-21 13:12:20,813 DEBUG: Validacion finalizada
2022-12-21 13:12:20,814 DEBUG: Iniciando validacion
2022-12-21 13:12:20,819 DEBUG: Revisando en BD RUC: 20602661149
2022-12-21 13:12:20,884 DEBUG: Revisando ruc: 20602661149
2022-12-21 13:12:21,016 DEBUG: Comparando SUNAT con BD
2022-12-21 13:12:25,726 INFO : PL20602661149 actualizado
2022-12-21 13:12:25,732 DEBUG: Validacion finalizada
2022-12-21 13:12:25,733 DEBUG: Iniciando validacion
2022-12-21 13:12:25,733 DEBUG: Revisando en BD RUC: 20600354044
2022-12-21 13:12:25,805 DEBUG: Revisando ruc: 20600354044
2022-12-21 13:12:25,930 DEBUG: Comparando SUNAT con BD
2022-12-21 13:12:27,524 INFO : PL20600354044 actualizado
2022-12-21 13:12:27,529 DEBUG: Validacion finalizada
2022-12-21 13:12:27,530 DEBUG: Iniciando validacion
2022-12-21 13:12:27,530 DEBUG: Revisando en BD RUC: 20600464281
2022-12-21 13:12:27,607 DEBUG: Revisando ruc: 20600464281
2022-12-21 13:12:27,732 DEBUG: Comparando SUNAT con BD
2022-12-21 13:12:29,166 INFO : PL20600464281 actualizado
2022-12-21 13:12:29,172 DEBUG: Validacion finalizada
2022-12-21 13:12:29,173 DEBUG: Iniciando validacion
2022-12-21 13:12:29,176 DEBUG: Revisando en BD RUC: 20602915540
2022-12-21 13:12:29,239 DEBUG: Revisando ruc: 20602915540
2022-12-21 13:12:29,355 DEBUG: Comparando SUNAT con BD
2022-12-21 13:12:30,702 INFO : PL20602915540 actualizado
2022-12-21 13:12:30,710 DEBUG: Validacion finalizada
2022-12-21 13:12:30,711 DEBUG: Iniciando validacion
2022-12-21 13:12:30,712 DEBUG: Revisando en BD RUC: 20602673422
2022-12-21 13:12:30,768 DEBUG: Revisando ruc: 20602673422
2022-12-21 13:12:30,900 DEBUG: Comparando SUNAT con BD
2022-12-21 13:12:32,171 INFO : PL20602673422 actualizado
2022-12-21 13:12:32,182 DEBUG: Validacion finalizada
2022-12-21 13:12:32,182 DEBUG: Iniciando validacion
2022-12-21 13:12:32,183 DEBUG: Revisando en BD RUC: 10421277708
2022-12-21 13:12:32,247 DEBUG: Revisando ruc: 10421277708
2022-12-21 13:12:32,342 DEBUG: Comparando SUNAT con BD
2022-12-21 13:12:33,222 ERROR: Error al actualizar: CardCode-PL10421277708 - -1116: (2) bpvs:LC12 - Si se trata de una Persona Natural con RUC sin Negocio, en la pestaña de Finanzas debe colocar el tipo de impuesto "Extranjero"
2022-12-21 13:12:33,232 DEBUG: Validacion finalizada
2022-12-21 13:12:33,233 DEBUG: Iniciando validacion
2022-12-21 13:12:33,234 DEBUG: Revisando en BD RUC: 20346669625
2022-12-21 13:12:33,311 DEBUG: Revisando ruc: 20346669625
2022-12-21 13:12:33,336 DEBUG: 20060801
2022-12-21 13:12:33,459 DEBUG: Comparando SUNAT con BD
2022-12-21 13:12:36,211 INFO : PL20346669625 actualizado
2022-12-21 13:12:36,216 DEBUG: Validacion finalizada
2022-12-21 13:12:36,217 DEBUG: Iniciando validacion
2022-12-21 13:12:36,217 DEBUG: Revisando en BD RUC: 20525786715
2022-12-21 13:12:36,274 DEBUG: Revisando ruc: 20525786715
2022-12-21 13:12:36,410 DEBUG: Comparando SUNAT con BD
2022-12-21 13:12:37,630 INFO : PL20525786715 actualizado
2022-12-21 13:12:37,638 DEBUG: Validacion finalizada
2022-12-21 13:12:37,644 DEBUG: Iniciando validacion
2022-12-21 13:12:37,675 DEBUG: Revisando en BD RUC: 20600875028
2022-12-21 13:12:37,771 DEBUG: Revisando ruc: 20600875028
2022-12-21 13:12:37,912 DEBUG: Comparando SUNAT con BD
2022-12-21 13:12:39,355 INFO : PL20600875028 actualizado
2022-12-21 13:12:39,361 DEBUG: Validacion finalizada
2022-12-21 13:12:39,362 INFO : Resultado: 9 correctos, 1 errores, 0 inválidos, 9 Socios Procesados -  Total Acumulado: 46
2022-12-21 13:12:39,363 INFO : RUC del 61 al 70
2022-12-21 13:12:40,857 DEBUG: Iniciando validacion
2022-12-21 13:12:40,858 DEBUG: Revisando en BD RUC: 20600876211
2022-12-21 13:12:40,920 DEBUG: Revisando ruc: 20600876211
2022-12-21 13:12:41,095 DEBUG: Comparando SUNAT con BD
2022-12-21 13:12:42,541 INFO : PL20600876211 actualizado
2022-12-21 13:12:42,548 DEBUG: Validacion finalizada
2022-12-21 13:12:42,549 DEBUG: Iniciando validacion
2022-12-21 13:12:42,550 DEBUG: Revisando en BD RUC: 20600581768
2022-12-21 13:12:42,612 DEBUG: Revisando ruc: 20600581768
2022-12-21 13:12:42,631 DEBUG: 20191201
2022-12-21 13:12:42,734 DEBUG: Comparando SUNAT con BD
2022-12-21 13:12:43,935 INFO : CL20600581768 actualizado
2022-12-21 13:12:43,942 DEBUG: Validacion finalizada
2022-12-21 13:12:43,943 DEBUG: Iniciando validacion
2022-12-21 13:12:43,944 DEBUG: Revisando en BD RUC: 20601259983
2022-12-21 13:12:44,008 DEBUG: Revisando ruc: 20601259983
2022-12-21 13:12:44,122 DEBUG: Comparando SUNAT con BD
2022-12-21 13:12:45,167 INFO : PL20601259983 actualizado
2022-12-21 13:12:45,173 DEBUG: Validacion finalizada
2022-12-21 13:12:45,174 DEBUG: Iniciando validacion
2022-12-21 13:12:45,178 DEBUG: Revisando en BD RUC: 20601322898
2022-12-21 13:12:45,249 DEBUG: Revisando ruc: 20601322898
2022-12-21 13:12:45,375 DEBUG: Comparando SUNAT con BD
2022-12-21 13:12:46,577 INFO : PL20601322898 actualizado
2022-12-21 13:12:46,584 DEBUG: Validacion finalizada
2022-12-21 13:12:46,585 DEBUG: Iniciando validacion
2022-12-21 13:12:46,587 DEBUG: Revisando en BD RUC: 20530302386
2022-12-21 13:12:46,647 DEBUG: Revisando ruc: 20530302386
2022-12-21 13:12:46,673 DEBUG: 20170901
2022-12-21 13:12:46,783 DEBUG: Comparando SUNAT con BD
2022-12-21 13:12:48,100 INFO : PL20530302386 actualizado
2022-12-21 13:12:48,105 DEBUG: Validacion finalizada
2022-12-21 13:12:48,106 DEBUG: Iniciando validacion
2022-12-21 13:12:48,107 DEBUG: Revisando en BD RUC: 20602835660
2022-12-21 13:12:48,164 DEBUG: Revisando ruc: 20602835660
2022-12-21 13:12:48,292 DEBUG: Comparando SUNAT con BD
2022-12-21 13:12:49,641 INFO : PL20602835660 actualizado
2022-12-21 13:12:49,646 DEBUG: Validacion finalizada
2022-12-21 13:12:49,651 DEBUG: Iniciando validacion
2022-12-21 13:12:49,652 DEBUG: Revisando en BD RUC: 20601408130
2022-12-21 13:12:49,704 DEBUG: Revisando ruc: 20601408130
2022-12-21 13:12:49,825 DEBUG: Comparando SUNAT con BD
2022-12-21 13:12:51,102 INFO : PL20601408130 actualizado
2022-12-21 13:12:51,110 DEBUG: Validacion finalizada
2022-12-21 13:12:51,111 DEBUG: Iniciando validacion
2022-12-21 13:12:51,120 DEBUG: Revisando en BD RUC: 10026917323
2022-12-21 13:12:51,197 DEBUG: Revisando ruc: 10026917323
2022-12-21 13:12:51,296 DEBUG: Comparando SUNAT con BD
2022-12-21 13:12:52,399 INFO : PL10026917323 actualizado
2022-12-21 13:12:52,408 DEBUG: Validacion finalizada
2022-12-21 13:12:52,409 DEBUG: Iniciando validacion
2022-12-21 13:12:52,413 DEBUG: Revisando en BD RUC: 10028762122
2022-12-21 13:12:52,473 DEBUG: Revisando ruc: 10028762122
2022-12-21 13:12:52,575 DEBUG: Comparando SUNAT con BD
2022-12-21 13:12:54,040 INFO : PL10028762122 actualizado
2022-12-21 13:12:54,048 DEBUG: Validacion finalizada
2022-12-21 13:12:54,052 DEBUG: Iniciando validacion
2022-12-21 13:12:54,052 DEBUG: Revisando en BD RUC: 20601466202
2022-12-21 13:12:54,118 DEBUG: Revisando ruc: 20601466202
2022-12-21 13:12:54,251 DEBUG: Comparando SUNAT con BD
2022-12-21 13:12:55,317 INFO : PL20601466202 actualizado
2022-12-21 13:12:55,323 DEBUG: Validacion finalizada
2022-12-21 13:12:55,324 INFO : Resultado: 10 correctos, 0 errores, 0 inválidos, 10 Socios Procesados -  Total Acumulado: 56
2022-12-21 13:12:55,324 INFO : RUC del 71 al 80
2022-12-21 13:12:56,960 DEBUG: Iniciando validacion
2022-12-21 13:12:56,961 DEBUG: Revisando en BD RUC: 20601474361
2022-12-21 13:12:57,025 DEBUG: Revisando ruc: 20601474361
2022-12-21 13:12:57,165 DEBUG: Comparando SUNAT con BD
2022-12-21 13:12:58,623 INFO : PL20601474361 actualizado
2022-12-21 13:12:58,630 DEBUG: Validacion finalizada
2022-12-21 13:12:58,631 DEBUG: Iniciando validacion
2022-12-21 13:12:58,632 DEBUG: Revisando en BD RUC: 20604765774
2022-12-21 13:12:58,697 DEBUG: Revisando ruc: 20604765774
2022-12-21 13:12:58,822 DEBUG: Comparando SUNAT con BD
2022-12-21 13:13:00,123 INFO : PL20604765774 actualizado
2022-12-21 13:13:00,130 DEBUG: Validacion finalizada
2022-12-21 13:13:00,130 DEBUG: Iniciando validacion
2022-12-21 13:13:00,131 DEBUG: Revisando en BD RUC: 10091353364
2022-12-21 13:13:00,201 DEBUG: Revisando ruc: 10091353364
2022-12-21 13:13:00,296 DEBUG: Comparando SUNAT con BD
2022-12-21 13:13:01,586 ERROR: Error al actualizar: CardCode-PL10091353364 - -1116: (2) bpvs:LC12 - Si se trata de una Persona Natural con RUC sin Negocio, en la pestaña de Finanzas debe colocar el tipo de impuesto "Extranjero"
2022-12-21 13:13:01,595 DEBUG: Validacion finalizada
2022-12-21 13:13:01,596 DEBUG: Iniciando validacion
2022-12-21 13:13:01,597 DEBUG: Revisando en BD RUC: 20601590922
2022-12-21 13:13:02,934 DEBUG: Revisando ruc: 20601590922
2022-12-21 13:13:03,079 DEBUG: Comparando SUNAT con BD
2022-12-21 13:13:04,402 INFO : PL20601590922 actualizado
2022-12-21 13:13:04,410 DEBUG: Validacion finalizada
2022-12-21 13:13:04,410 DEBUG: Iniciando validacion
2022-12-21 13:13:04,412 DEBUG: Revisando en BD RUC: 20603683693
2022-12-21 13:13:04,479 DEBUG: Revisando ruc: 20603683693
2022-12-21 13:13:04,626 DEBUG: Comparando SUNAT con BD
2022-12-21 13:13:05,899 INFO : PL20603683693 actualizado
2022-12-21 13:13:05,905 DEBUG: Validacion finalizada
2022-12-21 13:13:05,905 DEBUG: Iniciando validacion
2022-12-21 13:13:05,907 DEBUG: Revisando en BD RUC: 20483995092
2022-12-21 13:13:05,974 DEBUG: Revisando ruc: 20483995092
2022-12-21 13:13:06,107 DEBUG: Comparando SUNAT con BD
2022-12-21 13:13:07,391 INFO : PL20483995092 actualizado
2022-12-21 13:13:07,399 DEBUG: Validacion finalizada
2022-12-21 13:13:07,399 DEBUG: Iniciando validacion
2022-12-21 13:13:07,400 DEBUG: Revisando en BD RUC: 20540087751
2022-12-21 13:13:07,461 DEBUG: Revisando ruc: 20540087751
2022-12-21 13:13:07,608 DEBUG: Comparando SUNAT con BD
2022-12-21 13:13:08,914 INFO : PL20540087751 actualizado
2022-12-21 13:13:08,924 DEBUG: Validacion finalizada
2022-12-21 13:13:08,925 DEBUG: Iniciando validacion
2022-12-21 13:13:08,927 DEBUG: Revisando en BD RUC: 20601759374
2022-12-21 13:13:08,983 DEBUG: Revisando ruc: 20601759374
2022-12-21 13:13:09,106 DEBUG: Comparando SUNAT con BD
2022-12-21 13:13:10,339 INFO : PL20601759374 actualizado
2022-12-21 13:13:10,345 DEBUG: Validacion finalizada
2022-12-21 13:13:10,346 DEBUG: Iniciando validacion
2022-12-21 13:13:10,346 DEBUG: Revisando en BD RUC: 10026107836
2022-12-21 13:13:10,413 DEBUG: Revisando ruc: 10026107836
2022-12-21 13:13:10,537 DEBUG: Comparando SUNAT con BD
2022-12-21 13:13:11,959 INFO : PL10026107836 actualizado
2022-12-21 13:13:11,966 DEBUG: Validacion finalizada
2022-12-21 13:13:11,980 DEBUG: Iniciando validacion
2022-12-21 13:13:11,994 DEBUG: Revisando en BD RUC: 20602790917
2022-12-21 13:13:12,076 DEBUG: Revisando ruc: 20602790917
2022-12-21 13:13:12,103 DEBUG: 20191201
2022-12-21 13:13:12,216 DEBUG: Comparando SUNAT con BD
2022-12-21 13:13:13,282 INFO : PL20602790917 actualizado
2022-12-21 13:13:13,291 DEBUG: Validacion finalizada
2022-12-21 13:13:13,291 INFO : Resultado: 9 correctos, 1 errores, 0 inválidos, 9 Socios Procesados -  Total Acumulado: 65
2022-12-21 13:13:13,292 INFO : RUC del 81 al 90
2022-12-21 13:13:14,867 DEBUG: Iniciando validacion
2022-12-21 13:13:14,868 DEBUG: Revisando en BD RUC: 20601767423
2022-12-21 13:13:14,950 DEBUG: Revisando ruc: 20601767423
2022-12-21 13:13:15,122 DEBUG: Comparando SUNAT con BD
2022-12-21 13:13:16,476 INFO : PL20601767423 actualizado
2022-12-21 13:13:16,483 DEBUG: Validacion finalizada
2022-12-21 13:13:16,484 DEBUG: Iniciando validacion
2022-12-21 13:13:16,485 DEBUG: Revisando en BD RUC: 20608529510
2022-12-21 13:13:16,557 DEBUG: Revisando ruc: 20608529510
2022-12-21 13:13:16,711 DEBUG: Comparando SUNAT con BD
2022-12-21 13:13:17,878 INFO : PL20608529510 actualizado
2022-12-21 13:13:17,884 DEBUG: Validacion finalizada
2022-12-21 13:13:17,887 DEBUG: Iniciando validacion
2022-12-21 13:13:17,889 DEBUG: Revisando en BD RUC: 20605876677
2022-12-21 13:13:17,962 DEBUG: Revisando ruc: 20605876677
2022-12-21 13:13:18,126 DEBUG: Comparando SUNAT con BD
2022-12-21 13:13:19,588 INFO : PL20605876677 actualizado
2022-12-21 13:13:19,593 DEBUG: Validacion finalizada
2022-12-21 13:13:19,594 DEBUG: Iniciando validacion
2022-12-21 13:13:19,595 DEBUG: Revisando en BD RUC: 20606756705
2022-12-21 13:13:19,668 DEBUG: Revisando ruc: 20606756705
2022-12-21 13:13:19,814 DEBUG: Comparando SUNAT con BD
2022-12-21 13:13:21,443 INFO : PL20606756705 actualizado
2022-12-21 13:13:21,450 DEBUG: Validacion finalizada
2022-12-21 13:13:21,453 DEBUG: Iniciando validacion
2022-12-21 13:13:21,454 DEBUG: Revisando en BD RUC: 20601843839
2022-12-21 13:13:21,528 DEBUG: Revisando ruc: 20601843839
2022-12-21 13:13:21,681 DEBUG: Comparando SUNAT con BD
2022-12-21 13:13:23,082 INFO : PL20601843839 actualizado
2022-12-21 13:13:23,088 DEBUG: Validacion finalizada
2022-12-21 13:13:23,089 DEBUG: Iniciando validacion
2022-12-21 13:13:23,090 DEBUG: Revisando en BD RUC: 20608608681
2022-12-21 13:13:23,158 DEBUG: Revisando ruc: 20608608681
2022-12-21 13:13:23,302 DEBUG: Comparando SUNAT con BD
2022-12-21 13:13:24,678 INFO : PL20608608681 actualizado
2022-12-21 13:13:24,686 DEBUG: Validacion finalizada
2022-12-21 13:13:24,688 DEBUG: Iniciando validacion
2022-12-21 13:13:24,695 DEBUG: Revisando en BD RUC: 20600967844
2022-12-21 13:13:24,768 DEBUG: Revisando ruc: 20600967844
2022-12-21 13:13:24,918 DEBUG: Comparando SUNAT con BD
2022-12-21 13:13:26,385 INFO : PL20600967844 actualizado
2022-12-21 13:13:26,395 DEBUG: Validacion finalizada
2022-12-21 13:13:26,402 DEBUG: Iniciando validacion
2022-12-21 13:13:26,424 DEBUG: Revisando en BD RUC: 20515971921
2022-12-21 13:13:26,499 DEBUG: Revisando ruc: 20515971921
2022-12-21 13:13:26,672 DEBUG: Comparando SUNAT con BD
2022-12-21 13:13:28,049 INFO : PL20515971921 actualizado
2022-12-21 13:13:28,055 DEBUG: Validacion finalizada
2022-12-21 13:13:28,056 DEBUG: Iniciando validacion
2022-12-21 13:13:28,059 DEBUG: Revisando en BD RUC: 20606581107
2022-12-21 13:13:28,130 DEBUG: Revisando ruc: 20606581107
2022-12-21 13:13:28,283 DEBUG: Comparando SUNAT con BD
2022-12-21 13:13:29,600 INFO : PL20606581107 actualizado
2022-12-21 13:13:29,606 DEBUG: Validacion finalizada
2022-12-21 13:13:29,607 DEBUG: Iniciando validacion
2022-12-21 13:13:29,608 DEBUG: Revisando en BD RUC: 20602092390
2022-12-21 13:13:29,680 DEBUG: Revisando ruc: 20602092390
2022-12-21 13:13:29,831 DEBUG: Comparando SUNAT con BD
2022-12-21 13:13:31,418 INFO : PL20602092390 actualizado
2022-12-21 13:13:31,424 DEBUG: Validacion finalizada
2022-12-21 13:13:31,425 INFO : Resultado: 10 correctos, 0 errores, 0 inválidos, 10 Socios Procesados -  Total Acumulado: 75
2022-12-21 13:13:31,426 INFO : RUC del 91 al 100
2022-12-21 13:13:33,278 DEBUG: Iniciando validacion
2022-12-21 13:13:33,278 DEBUG: Revisando en BD RUC: 20606188642
2022-12-21 13:13:33,340 DEBUG: Revisando ruc: 20606188642
2022-12-21 13:13:33,495 DEBUG: Comparando SUNAT con BD
2022-12-21 13:13:34,806 INFO : PL20606188642 actualizado
2022-12-21 13:13:34,812 DEBUG: Validacion finalizada
2022-12-21 13:13:34,812 DEBUG: Iniciando validacion
2022-12-21 13:13:34,819 DEBUG: Revisando en BD RUC: 15603452981
2022-12-21 13:13:34,888 DEBUG: Revisando ruc: 15603452981
2022-12-21 13:13:34,997 DEBUG: Comparando SUNAT con BD
2022-12-21 13:13:36,056 ERROR: Error al actualizar: CardCode-PL15603452981 - -1116: (2) bpvs:LC12 - Si se trata de una Persona Natural con RUC sin Negocio, en la pestaña de Finanzas debe colocar el tipo de impuesto "Extranjero"
2022-12-21 13:13:36,065 DEBUG: Validacion finalizada
2022-12-21 13:13:36,067 DEBUG: Iniciando validacion
2022-12-21 13:13:36,067 DEBUG: Revisando en BD RUC: 20399642109
2022-12-21 13:13:36,129 DEBUG: Revisando ruc: 20399642109
2022-12-21 13:13:36,240 DEBUG: Comparando SUNAT con BD
2022-12-21 13:13:39,337 INFO : PL20399642109 actualizado
2022-12-21 13:13:39,371 DEBUG: Revisando ruc: 20399642109
2022-12-21 13:13:39,501 DEBUG: Comparando SUNAT con BD
2022-12-21 13:13:40,644 INFO : CL20399642109 actualizado
2022-12-21 13:13:40,651 DEBUG: Validacion finalizada
2022-12-21 13:13:40,651 DEBUG: Iniciando validacion
2022-12-21 13:13:40,654 DEBUG: Revisando en BD RUC: 20258352638
2022-12-21 13:13:40,712 DEBUG: Revisando ruc: 20258352638
2022-12-21 13:13:40,861 DEBUG: Comparando SUNAT con BD
2022-12-21 13:13:42,335 INFO : PL20258352638 actualizado
2022-12-21 13:13:42,346 DEBUG: Validacion finalizada
2022-12-21 13:13:42,347 DEBUG: Iniciando validacion
2022-12-21 13:13:42,350 DEBUG: Revisando en BD RUC: 20544142004
2022-12-21 13:13:42,422 DEBUG: Revisando ruc: 20544142004
2022-12-21 13:13:42,578 DEBUG: Comparando SUNAT con BD
2022-12-21 13:13:44,014 INFO : PL20544142004 actualizado
2022-12-21 13:13:44,019 DEBUG: Validacion finalizada
2022-12-21 13:13:44,020 DEBUG: Iniciando validacion
2022-12-21 13:13:44,021 DEBUG: Revisando en BD RUC: 20608529994
2022-12-21 13:13:44,094 DEBUG: Revisando ruc: 20608529994
2022-12-21 13:13:44,233 DEBUG: Comparando SUNAT con BD
2022-12-21 13:13:45,450 INFO : PL20608529994 actualizado
2022-12-21 13:13:45,457 DEBUG: Validacion finalizada
2022-12-21 13:13:45,458 DEBUG: Iniciando validacion
2022-12-21 13:13:45,459 DEBUG: Revisando en BD RUC: 20513632569
2022-12-21 13:13:45,530 DEBUG: Revisando ruc: 20513632569
2022-12-21 13:13:45,555 DEBUG: 20111201
2022-12-21 13:13:45,696 DEBUG: Comparando SUNAT con BD
2022-12-21 13:13:46,990 INFO : CL20513632569 actualizado
2022-12-21 13:13:47,017 DEBUG: Revisando ruc: 20513632569
2022-12-21 13:13:47,049 DEBUG: 20111201
2022-12-21 13:13:47,175 DEBUG: Comparando SUNAT con BD
2022-12-21 13:13:48,558 INFO : PL20513632569 actualizado
2022-12-21 13:13:48,566 DEBUG: Validacion finalizada
2022-12-21 13:13:48,566 DEBUG: Iniciando validacion
2022-12-21 13:13:48,571 DEBUG: Revisando en BD RUC: 20602156738
2022-12-21 13:13:48,635 DEBUG: Revisando ruc: 20602156738
2022-12-21 13:13:48,789 DEBUG: Comparando SUNAT con BD
2022-12-21 13:13:50,073 INFO : PL20602156738 actualizado
2022-12-21 13:13:50,082 DEBUG: Validacion finalizada
2022-12-21 13:13:50,083 DEBUG: Iniciando validacion
2022-12-21 13:13:50,102 DEBUG: Revisando en BD RUC: 20526575807
2022-12-21 13:13:50,166 DEBUG: Revisando ruc: 20526575807
2022-12-21 13:13:50,322 DEBUG: Comparando SUNAT con BD
2022-12-21 13:13:51,811 INFO : PL20526575807 actualizado
2022-12-21 13:13:51,821 DEBUG: Validacion finalizada
2022-12-21 13:13:51,822 DEBUG: Iniciando validacion
2022-12-21 13:13:51,823 DEBUG: Revisando en BD RUC: 20544178297
2022-12-21 13:13:51,884 DEBUG: Revisando ruc: 20544178297
2022-12-21 13:13:52,016 DEBUG: Comparando SUNAT con BD
2022-12-21 13:13:53,260 INFO : PL20544178297 actualizado
2022-12-21 13:13:53,266 DEBUG: Validacion finalizada
2022-12-21 13:13:53,269 INFO : Resultado: 9 correctos, 1 errores, 0 inválidos, 11 Socios Procesados -  Total Acumulado: 86
2022-12-21 13:13:53,271 INFO : RUC del 101 al 110
2022-12-21 13:13:54,941 DEBUG: Iniciando validacion
2022-12-21 13:13:54,942 DEBUG: Revisando en BD RUC: 20604206180
2022-12-21 13:13:54,999 DEBUG: Revisando ruc: 20604206180
2022-12-21 13:13:55,159 DEBUG: Comparando SUNAT con BD
2022-12-21 13:13:56,516 INFO : PL20604206180 actualizado
2022-12-21 13:13:56,523 DEBUG: Validacion finalizada
2022-12-21 13:13:56,523 DEBUG: Iniciando validacion
2022-12-21 13:13:56,524 DEBUG: Revisando en BD RUC: 20600106237
2022-12-21 13:13:56,583 DEBUG: Revisando ruc: 20600106237
2022-12-21 13:13:56,698 DEBUG: Comparando SUNAT con BD
2022-12-21 13:13:57,921 INFO : PL20600106237 actualizado
2022-12-21 13:13:57,926 DEBUG: Validacion finalizada
2022-12-21 13:13:57,931 DEBUG: Iniciando validacion
2022-12-21 13:13:57,937 DEBUG: Revisando en BD RUC: 10758441135
2022-12-21 13:13:57,987 DEBUG: Revisando ruc: 10758441135
2022-12-21 13:13:58,071 DEBUG: Comparando SUNAT con BD
2022-12-21 13:13:59,052 ERROR: Error al actualizar: CardCode-PL10758441135 - -1116: (2) bpvs:LC12 - Si se trata de una Persona Natural con RUC sin Negocio, en la pestaña de Finanzas debe colocar el tipo de impuesto "Extranjero"
2022-12-21 13:13:59,059 DEBUG: Validacion finalizada
2022-12-21 13:13:59,059 DEBUG: Iniciando validacion
2022-12-21 13:13:59,061 DEBUG: Revisando en BD RUC: 10028118134
2022-12-21 13:13:59,112 DEBUG: Revisando ruc: 10028118134
2022-12-21 13:13:59,205 DEBUG: Comparando SUNAT con BD
2022-12-21 13:14:00,087 ERROR: Error al actualizar: CardCode-PL10028118134 - -1116: (2) bpvs:LC12 - Si se trata de una Persona Natural con RUC sin Negocio, en la pestaña de Finanzas debe colocar el tipo de impuesto "Extranjero"
2022-12-21 13:14:00,095 DEBUG: Validacion finalizada
2022-12-21 13:14:00,098 DEBUG: Iniciando validacion
2022-12-21 13:14:00,102 DEBUG: Revisando en BD RUC: 20513541849
2022-12-21 13:14:00,169 DEBUG: Revisando ruc: 20513541849
2022-12-21 13:14:00,316 DEBUG: Comparando SUNAT con BD
2022-12-21 13:14:01,742 INFO : PL20513541849 actualizado
2022-12-21 13:14:01,748 DEBUG: Validacion finalizada
2022-12-21 13:14:01,749 DEBUG: Iniciando validacion
2022-12-21 13:14:01,750 DEBUG: Revisando en BD RUC: 20418647371
2022-12-21 13:14:01,826 DEBUG: Revisando ruc: 20418647371
2022-12-21 13:14:01,986 DEBUG: Comparando SUNAT con BD
2022-12-21 13:14:03,341 INFO : PL20418647371 actualizado
2022-12-21 13:14:03,350 DEBUG: Validacion finalizada
2022-12-21 13:14:03,367 DEBUG: Iniciando validacion
2022-12-21 13:14:03,397 DEBUG: Revisando en BD RUC: 20477582461
2022-12-21 13:14:03,483 DEBUG: Revisando ruc: 20477582461
2022-12-21 13:14:03,631 DEBUG: Comparando SUNAT con BD
2022-12-21 13:14:05,194 INFO : PL20477582461 actualizado
2022-12-21 13:14:05,200 DEBUG: Validacion finalizada
2022-12-21 13:14:05,204 DEBUG: Iniciando validacion
2022-12-21 13:14:05,209 DEBUG: Revisando en BD RUC: 20432824099
2022-12-21 13:14:05,278 DEBUG: Revisando ruc: 20432824099
2022-12-21 13:14:05,417 DEBUG: Comparando SUNAT con BD
2022-12-21 13:14:06,638 INFO : PL20432824099 actualizado
2022-12-21 13:14:06,644 DEBUG: Validacion finalizada
2022-12-21 13:14:06,645 DEBUG: Iniciando validacion
2022-12-21 13:14:06,648 DEBUG: Revisando en BD RUC: 20609276801
2022-12-21 13:14:06,716 DEBUG: Revisando ruc: 20609276801
2022-12-21 13:14:06,893 DEBUG: Comparando SUNAT con BD
2022-12-21 13:14:08,217 INFO : PL20609276801 actualizado
2022-12-21 13:14:08,224 DEBUG: Validacion finalizada
2022-12-21 13:14:08,226 DEBUG: Iniciando validacion
2022-12-21 13:14:08,227 DEBUG: Revisando en BD RUC: 20542169398
2022-12-21 13:14:08,285 DEBUG: Revisando ruc: 20542169398
2022-12-21 13:14:08,413 DEBUG: Comparando SUNAT con BD
2022-12-21 13:14:09,985 INFO : PL20542169398 actualizado
2022-12-21 13:14:09,992 DEBUG: Validacion finalizada
2022-12-21 13:14:09,993 INFO : Resultado: 8 correctos, 2 errores, 0 inválidos, 8 Socios Procesados -  Total Acumulado: 94
2022-12-21 13:14:09,997 INFO : RUC del 111 al 120
2022-12-21 13:14:11,993 DEBUG: Iniciando validacion
2022-12-21 13:14:11,994 DEBUG: Revisando en BD RUC: 20602787061
2022-12-21 13:14:12,062 DEBUG: Revisando ruc: 20602787061
2022-12-21 13:14:12,269 DEBUG: Comparando SUNAT con BD
2022-12-21 13:14:13,903 INFO : PL20602787061 actualizado
2022-12-21 13:14:13,908 DEBUG: Validacion finalizada
2022-12-21 13:14:13,909 DEBUG: Iniciando validacion
2022-12-21 13:14:13,910 DEBUG: Revisando en BD RUC: 20602787576
2022-12-21 13:14:14,032 DEBUG: Revisando ruc: 20602787576
2022-12-21 13:14:14,216 DEBUG: Comparando SUNAT con BD
2022-12-21 13:14:15,767 INFO : PL20602787576 actualizado
2022-12-21 13:14:15,772 DEBUG: Validacion finalizada
2022-12-21 13:14:15,773 DEBUG: Iniciando validacion
2022-12-21 13:14:15,777 DEBUG: Revisando en BD RUC: 20417926632
2022-12-21 13:14:15,851 DEBUG: Revisando ruc: 20417926632
2022-12-21 13:14:15,919 DEBUG: 20170201
2022-12-21 13:14:15,919 DEBUG: 20020601
2022-12-21 13:14:16,044 DEBUG: Comparando SUNAT con BD
2022-12-21 13:14:17,773 INFO : PL20417926632 actualizado
2022-12-21 13:14:17,778 DEBUG: Validacion finalizada
2022-12-21 13:14:17,778 DEBUG: Iniciando validacion
2022-12-21 13:14:17,780 DEBUG: Revisando en BD RUC: 20602806902
2022-12-21 13:14:17,842 DEBUG: Revisando ruc: 20602806902
2022-12-21 13:14:17,979 DEBUG: Comparando SUNAT con BD
2022-12-21 13:14:19,123 INFO : PL20602806902 actualizado
2022-12-21 13:14:19,155 DEBUG: Revisando ruc: 20602806902
2022-12-21 13:14:19,299 DEBUG: Comparando SUNAT con BD
2022-12-21 13:14:20,949 INFO : CL20602806902 actualizado
2022-12-21 13:14:20,957 DEBUG: Validacion finalizada
2022-12-21 13:14:20,958 DEBUG: Iniciando validacion
2022-12-21 13:14:20,958 DEBUG: Revisando en BD RUC: 10002383301
2022-12-21 13:14:21,029 DEBUG: Revisando ruc: 10002383301
2022-12-21 13:14:21,129 DEBUG: Comparando SUNAT con BD
2022-12-21 13:14:22,047 ERROR: Error al actualizar: CardCode-PL10002383301 - -1116: (2) bpvs:LC12 - Si se trata de una Persona Natural con RUC sin Negocio, en la pestaña de Finanzas debe colocar el tipo de impuesto "Extranjero"
2022-12-21 13:14:22,054 DEBUG: Validacion finalizada
2022-12-21 13:14:22,054 DEBUG: Iniciando validacion
2022-12-21 13:14:22,055 DEBUG: Revisando en BD RUC: 20602872476
2022-12-21 13:14:22,120 DEBUG: Revisando ruc: 20602872476
2022-12-21 13:14:22,268 DEBUG: Comparando SUNAT con BD
2022-12-21 13:14:23,520 INFO : PL20602872476 actualizado
2022-12-21 13:14:23,526 DEBUG: Validacion finalizada
2022-12-21 13:14:23,527 DEBUG: Iniciando validacion
2022-12-21 13:14:23,528 DEBUG: Revisando en BD RUC: 20100042500
2022-12-21 13:14:23,600 DEBUG: Revisando ruc: 20100042500
2022-12-21 13:14:23,718 DEBUG: Comparando SUNAT con BD
2022-12-21 13:14:25,039 INFO : PL20100042500 actualizado
2022-12-21 13:14:25,048 DEBUG: Validacion finalizada
2022-12-21 13:14:25,049 DEBUG: Iniciando validacion
2022-12-21 13:14:25,050 DEBUG: Revisando en BD RUC: 20146721410
2022-12-21 13:14:25,115 DEBUG: Revisando ruc: 20146721410
2022-12-21 13:14:25,231 DEBUG: Comparando SUNAT con BD
2022-12-21 13:14:26,553 INFO : PL20146721410 actualizado
2022-12-21 13:14:26,560 DEBUG: Validacion finalizada
2022-12-21 13:14:26,560 DEBUG: Iniciando validacion
2022-12-21 13:14:26,561 DEBUG: Revisando en BD RUC: 20525871747
2022-12-21 13:14:26,615 DEBUG: Revisando ruc: 20525871747
2022-12-21 13:14:26,739 DEBUG: Comparando SUNAT con BD
2022-12-21 13:14:28,254 INFO : PL20525871747 actualizado
2022-12-21 13:14:28,262 DEBUG: Validacion finalizada
2022-12-21 13:14:28,262 DEBUG: Iniciando validacion
2022-12-21 13:14:28,263 DEBUG: Revisando en BD RUC: 20551094198
2022-12-21 13:14:28,325 DEBUG: Revisando ruc: 20551094198
2022-12-21 13:14:28,439 DEBUG: Comparando SUNAT con BD
2022-12-21 13:14:29,697 INFO : PL20551094198 actualizado
2022-12-21 13:14:29,707 DEBUG: Validacion finalizada
2022-12-21 13:14:29,708 INFO : Resultado: 9 correctos, 1 errores, 0 inválidos, 10 Socios Procesados -  Total Acumulado: 104
2022-12-21 13:14:29,709 INFO : RUC del 121 al 130
2022-12-21 13:14:31,171 DEBUG: Iniciando validacion
2022-12-21 13:14:31,172 DEBUG: Revisando en BD RUC: 20602897002
2022-12-21 13:14:31,220 DEBUG: Revisando ruc: 20602897002
2022-12-21 13:14:31,370 DEBUG: Comparando SUNAT con BD
2022-12-21 13:14:32,415 INFO : PL20602897002 actualizado
2022-12-21 13:14:32,422 DEBUG: Validacion finalizada
2022-12-21 13:14:32,423 DEBUG: Iniciando validacion
2022-12-21 13:14:32,423 DEBUG: Revisando en BD RUC: 20603966521
2022-12-21 13:14:32,496 DEBUG: Revisando ruc: 20603966521
2022-12-21 13:14:32,633 DEBUG: Comparando SUNAT con BD
2022-12-21 13:14:33,578 INFO : PL20603966521 actualizado
2022-12-21 13:14:33,585 DEBUG: Validacion finalizada
2022-12-21 13:14:33,585 DEBUG: Iniciando validacion
2022-12-21 13:14:33,586 DEBUG: Revisando en BD RUC: 10165889148
2022-12-21 13:14:33,669 DEBUG: Revisando ruc: 10165889148
2022-12-21 13:14:33,765 DEBUG: Comparando SUNAT con BD
2022-12-21 13:14:34,643 ERROR: Error al actualizar: CardCode-PL10165889148 - -1116: (2) bpvs:LC12 - Si se trata de una Persona Natural con RUC sin Negocio, en la pestaña de Finanzas debe colocar el tipo de impuesto "Extranjero"
2022-12-21 13:14:34,650 DEBUG: Validacion finalizada
2022-12-21 13:14:34,650 DEBUG: Iniciando validacion
2022-12-21 13:14:34,651 DEBUG: Revisando en BD RUC: 10420361977
2022-12-21 13:14:34,711 DEBUG: Revisando ruc: 10420361977
2022-12-21 13:14:34,806 DEBUG: Comparando SUNAT con BD
2022-12-21 13:14:35,747 ERROR: Error al actualizar: CardCode-PL10420361977 - -1116: (2) bpvs:LC12 - Si se trata de una Persona Natural con RUC sin Negocio, en la pestaña de Finanzas debe colocar el tipo de impuesto "Extranjero"
2022-12-21 13:14:35,756 DEBUG: Validacion finalizada
2022-12-21 13:14:35,757 DEBUG: Iniciando validacion
2022-12-21 13:14:35,757 DEBUG: Revisando en BD RUC: 20603156324
2022-12-21 13:14:35,816 DEBUG: Revisando ruc: 20603156324
2022-12-21 13:14:35,960 DEBUG: Comparando SUNAT con BD
2022-12-21 13:14:37,050 INFO : PL20603156324 actualizado
2022-12-21 13:14:37,057 DEBUG: Validacion finalizada
2022-12-21 13:14:37,057 DEBUG: Iniciando validacion
2022-12-21 13:14:37,058 DEBUG: Revisando en BD RUC: 10026808168
2022-12-21 13:14:37,108 DEBUG: Revisando ruc: 10026808168
2022-12-21 13:14:37,189 DEBUG: Comparando SUNAT con BD
2022-12-21 13:14:37,956 ERROR: Error al actualizar: CardCode-PL10026808168 - -1116: (2) bpvs:LC12 - Si se trata de una Persona Natural con RUC sin Negocio, en la pestaña de Finanzas debe colocar el tipo de impuesto "Extranjero"
2022-12-21 13:14:37,964 DEBUG: Validacion finalizada
2022-12-21 13:14:37,965 DEBUG: Iniciando validacion
2022-12-21 13:14:37,966 DEBUG: Revisando en BD RUC: 20525652271
2022-12-21 13:14:38,027 DEBUG: Revisando ruc: 20525652271
2022-12-21 13:14:38,159 DEBUG: Comparando SUNAT con BD
2022-12-21 13:14:39,552 INFO : PL20525652271 actualizado
2022-12-21 13:14:39,558 DEBUG: Validacion finalizada
2022-12-21 13:14:39,558 DEBUG: Iniciando validacion
2022-12-21 13:14:39,560 DEBUG: Revisando en BD RUC: 20603412011
2022-12-21 13:14:39,614 DEBUG: Revisando ruc: 20603412011
2022-12-21 13:14:39,749 DEBUG: Comparando SUNAT con BD
2022-12-21 13:14:40,899 INFO : PL20603412011 actualizado
2022-12-21 13:14:40,906 DEBUG: Validacion finalizada
2022-12-21 13:14:40,907 DEBUG: Iniciando validacion
2022-12-21 13:14:40,907 DEBUG: Revisando en BD RUC: 20601893844
2022-12-21 13:14:40,979 DEBUG: Revisando ruc: 20601893844
2022-12-21 13:14:41,094 DEBUG: Comparando SUNAT con BD
2022-12-21 13:14:42,326 INFO : PL20601893844 actualizado
2022-12-21 13:14:42,332 DEBUG: Validacion finalizada
2022-12-21 13:14:42,333 DEBUG: Iniciando validacion
2022-12-21 13:14:42,334 DEBUG: Revisando en BD RUC: 10028308944
2022-12-21 13:14:42,395 DEBUG: Revisando ruc: 10028308944
2022-12-21 13:14:42,485 DEBUG: Comparando SUNAT con BD
2022-12-21 13:14:43,830 INFO : PL10028308944 actualizado
2022-12-21 13:14:43,836 DEBUG: Validacion finalizada
2022-12-21 13:14:43,836 INFO : Resultado: 7 correctos, 3 errores, 0 inválidos, 7 Socios Procesados -  Total Acumulado: 111
2022-12-21 13:14:43,837 INFO : RUC del 131 al 140
2022-12-21 13:14:45,126 DEBUG: Iniciando validacion
2022-12-21 13:14:45,126 DEBUG: Revisando en BD RUC: 20603641214
2022-12-21 13:14:45,174 DEBUG: Revisando ruc: 20603641214
2022-12-21 13:14:45,318 DEBUG: Comparando SUNAT con BD
2022-12-21 13:14:46,716 INFO : PL20603641214 actualizado
2022-12-21 13:14:46,724 DEBUG: Validacion finalizada
2022-12-21 13:14:46,724 DEBUG: Iniciando validacion
2022-12-21 13:14:46,725 DEBUG: Revisando en BD RUC: 20603709293
2022-12-21 13:14:46,792 DEBUG: Revisando ruc: 20603709293
2022-12-21 13:14:46,930 DEBUG: Comparando SUNAT con BD
2022-12-21 13:14:48,254 INFO : PL20603709293 actualizado
2022-12-21 13:14:48,261 DEBUG: Validacion finalizada
2022-12-21 13:14:48,261 DEBUG: Iniciando validacion
2022-12-21 13:14:48,262 DEBUG: Revisando en BD RUC: 20132676004
2022-12-21 13:14:48,323 DEBUG: Revisando ruc: 20132676004
2022-12-21 13:14:48,371 DEBUG: 20150201
2022-12-21 13:14:48,463 DEBUG: Comparando SUNAT con BD
2022-12-21 13:14:49,747 INFO : CL20132676004 actualizado
2022-12-21 13:14:49,752 DEBUG: Validacion finalizada
2022-12-21 13:14:49,753 DEBUG: Iniciando validacion
2022-12-21 13:14:49,754 DEBUG: Revisando en BD RUC: 20102708394
2022-12-21 13:14:49,814 DEBUG: Revisando ruc: 20102708394
2022-12-21 13:14:49,837 DEBUG: 20030201
2022-12-21 13:14:49,930 DEBUG: Comparando SUNAT con BD
2022-12-21 13:14:51,123 INFO : PL20102708394 actualizado
2022-12-21 13:14:51,156 DEBUG: Revisando ruc: 20102708394
2022-12-21 13:14:51,179 DEBUG: 20030201
2022-12-21 13:14:51,270 DEBUG: Comparando SUNAT con BD
2022-12-21 13:14:51,850 ERROR: Error al actualizar: CardCode-CL20102708394 - -1116: (2) bpvs:LC02 - El código de Impuesto de la Dirección de Almacén debe ser el mismo para todas las direcciones.
2022-12-21 13:14:51,857 DEBUG: Validacion finalizada
2022-12-21 13:14:51,857 DEBUG: Iniciando validacion
2022-12-21 13:14:51,858 DEBUG: Revisando en BD RUC: 20525523463
2022-12-21 13:14:51,912 DEBUG: Revisando ruc: 20525523463
2022-12-21 13:14:52,032 DEBUG: Comparando SUNAT con BD
2022-12-21 13:14:53,305 INFO : PL20525523463 actualizado
2022-12-21 13:14:53,311 DEBUG: Validacion finalizada
2022-12-21 13:14:53,312 DEBUG: Iniciando validacion
2022-12-21 13:14:53,312 DEBUG: Revisando en BD RUC: 20100488427
2022-12-21 13:14:53,368 DEBUG: Revisando ruc: 20100488427
2022-12-21 13:14:53,471 DEBUG: Comparando SUNAT con BD
2022-12-21 13:14:55,148 INFO : PL20100488427 actualizado
2022-12-21 13:14:55,154 DEBUG: Validacion finalizada
2022-12-21 13:14:55,155 DEBUG: Iniciando validacion
2022-12-21 13:14:55,156 DEBUG: Revisando en BD RUC: 20100776562
2022-12-21 13:14:55,213 DEBUG: Revisando ruc: 20100776562
2022-12-21 13:14:55,327 DEBUG: Comparando SUNAT con BD
2022-12-21 13:14:56,857 INFO : PL20100776562 actualizado
2022-12-21 13:14:56,863 DEBUG: Validacion finalizada
2022-12-21 13:14:56,872 DEBUG: Iniciando validacion
2022-12-21 13:14:56,874 DEBUG: Revisando en BD RUC: 20606750138
2022-12-21 13:14:56,925 DEBUG: Revisando ruc: 20606750138
2022-12-21 13:14:57,050 DEBUG: Comparando SUNAT con BD
2022-12-21 13:14:58,271 INFO : PL20606750138 actualizado
2022-12-21 13:14:58,277 DEBUG: Validacion finalizada
2022-12-21 13:14:58,278 DEBUG: Iniciando validacion
2022-12-21 13:14:58,278 DEBUG: Revisando en BD RUC: 20604129291
2022-12-21 13:14:58,334 DEBUG: Revisando ruc: 20604129291
2022-12-21 13:14:58,456 DEBUG: Comparando SUNAT con BD
2022-12-21 13:14:59,771 INFO : PL20604129291 actualizado
2022-12-21 13:14:59,779 DEBUG: Validacion finalizada
2022-12-21 13:14:59,781 DEBUG: Iniciando validacion
2022-12-21 13:14:59,785 DEBUG: Revisando en BD RUC: 10446024944
2022-12-21 13:14:59,851 DEBUG: Revisando ruc: 10446024944
2022-12-21 13:14:59,945 DEBUG: Comparando SUNAT con BD
2022-12-21 13:15:01,658 INFO : PL10446024944 actualizado
2022-12-21 13:15:01,666 DEBUG: Validacion finalizada
2022-12-21 13:15:01,667 INFO : Resultado: 9 correctos, 1 errores, 0 inválidos, 10 Socios Procesados -  Total Acumulado: 121
2022-12-21 13:15:01,668 INFO : RUC del 141 al 150
2022-12-21 13:15:02,863 DEBUG: Iniciando validacion
2022-12-21 13:15:02,864 DEBUG: Revisando en BD RUC: 20603160607
2022-12-21 13:15:02,920 DEBUG: Revisando ruc: 20603160607
2022-12-21 13:15:03,039 DEBUG: Comparando SUNAT con BD
2022-12-21 13:15:03,997 INFO : PL20603160607 actualizado
2022-12-21 13:15:04,005 DEBUG: Validacion finalizada
2022-12-21 13:15:04,008 DEBUG: Iniciando validacion
2022-12-21 13:15:04,011 DEBUG: Revisando en BD RUC: 20604544271
2022-12-21 13:15:04,104 DEBUG: Revisando ruc: 20604544271
2022-12-21 13:15:04,250 DEBUG: Comparando SUNAT con BD
2022-12-21 13:15:05,533 INFO : PL20604544271 actualizado
2022-12-21 13:15:05,539 DEBUG: Validacion finalizada
2022-12-21 13:15:05,542 DEBUG: Iniciando validacion
2022-12-21 13:15:05,550 DEBUG: Revisando en BD RUC: 20525830129
2022-12-21 13:15:05,614 DEBUG: Revisando ruc: 20525830129
2022-12-21 13:15:05,728 DEBUG: Comparando SUNAT con BD
2022-12-21 13:15:06,989 INFO : PL20525830129 actualizado
2022-12-21 13:15:06,997 DEBUG: Validacion finalizada
2022-12-21 13:15:06,998 DEBUG: Iniciando validacion
2022-12-21 13:15:06,998 DEBUG: Revisando en BD RUC: 20606278099
2022-12-21 13:15:07,050 DEBUG: Revisando ruc: 20606278099
2022-12-21 13:15:07,185 DEBUG: Comparando SUNAT con BD
2022-12-21 13:15:08,467 INFO : PL20606278099 actualizado
2022-12-21 13:15:08,472 DEBUG: Validacion finalizada
2022-12-21 13:15:08,473 DEBUG: Iniciando validacion
2022-12-21 13:15:08,474 DEBUG: Revisando en BD RUC: 20603302746
2022-12-21 13:15:08,541 DEBUG: Revisando ruc: 20603302746
2022-12-21 13:15:08,664 DEBUG: Comparando SUNAT con BD
2022-12-21 13:15:10,045 INFO : PL20603302746 actualizado
2022-12-21 13:15:10,053 DEBUG: Validacion finalizada
2022-12-21 13:15:10,054 DEBUG: Iniciando validacion
2022-12-21 13:15:10,055 DEBUG: Revisando en BD RUC: 10026282948
2022-12-21 13:15:10,115 DEBUG: Revisando ruc: 10026282948
2022-12-21 13:15:10,194 DEBUG: Comparando SUNAT con BD
2022-12-21 13:15:10,881 ERROR: Error al actualizar: CardCode-PL10026282948 - -1116: (2) bpvs:LC12 - Si se trata de una Persona Natural con RUC sin Negocio, en la pestaña de Finanzas debe colocar el tipo de impuesto "Extranjero"
2022-12-21 13:15:10,888 DEBUG: Validacion finalizada
2022-12-21 13:15:10,889 DEBUG: Iniciando validacion
2022-12-21 13:15:10,890 DEBUG: Revisando en BD RUC: 20604820830
2022-12-21 13:15:10,944 DEBUG: Revisando ruc: 20604820830
2022-12-21 13:15:11,060 DEBUG: Comparando SUNAT con BD
2022-12-21 13:15:12,358 INFO : PL20604820830 actualizado
2022-12-21 13:15:12,367 DEBUG: Validacion finalizada
2022-12-21 13:15:12,367 DEBUG: Iniciando validacion
2022-12-21 13:15:12,368 DEBUG: Revisando en BD RUC: 10408310976
2022-12-21 13:15:12,426 DEBUG: Revisando ruc: 10408310976
2022-12-21 13:15:12,510 DEBUG: Comparando SUNAT con BD
2022-12-21 13:15:13,926 INFO : PL10408310976 actualizado
2022-12-21 13:15:13,931 DEBUG: Validacion finalizada
2022-12-21 13:15:13,933 DEBUG: Iniciando validacion
2022-12-21 13:15:13,933 DEBUG: Revisando en BD RUC: 20525681298
2022-12-21 13:15:13,993 DEBUG: Revisando ruc: 20525681298
2022-12-21 13:15:14,120 DEBUG: Comparando SUNAT con BD
2022-12-21 13:15:15,135 INFO : PL20525681298 actualizado
2022-12-21 13:15:15,144 DEBUG: Validacion finalizada
2022-12-21 13:15:15,145 DEBUG: Iniciando validacion
2022-12-21 13:15:15,149 DEBUG: Revisando en BD RUC: 20604912271
2022-12-21 13:15:15,218 DEBUG: Revisando ruc: 20604912271
2022-12-21 13:15:15,359 DEBUG: Comparando SUNAT con BD
2022-12-21 13:15:16,503 INFO : PL20604912271 actualizado
2022-12-21 13:15:16,510 DEBUG: Validacion finalizada
2022-12-21 13:15:16,511 INFO : Resultado: 9 correctos, 1 errores, 0 inválidos, 9 Socios Procesados -  Total Acumulado: 130
2022-12-21 13:15:16,512 INFO : RUC del 151 al 160
2022-12-21 13:15:17,775 DEBUG: Iniciando validacion
2022-12-21 13:15:17,776 DEBUG: Revisando en BD RUC: 20605470611
2022-12-21 13:15:17,838 DEBUG: Revisando ruc: 20605470611
2022-12-21 13:15:17,839 DEBUG: 20220201
2022-12-21 13:15:17,924 DEBUG: Comparando SUNAT con BD
2022-12-21 13:15:19,174 ERROR: Error al actualizar: CardCode-PL20605470611 - -1116: (2) bpvs:FE03 - La dirección de facturación por defecto debe de tener un ubigueo definido.
2022-12-21 13:15:19,184 DEBUG: Validacion finalizada
2022-12-21 13:15:19,184 DEBUG: Iniciando validacion
2022-12-21 13:15:19,185 DEBUG: Revisando en BD RUC: 10723731513
2022-12-21 13:15:19,245 DEBUG: Revisando ruc: 10723731513
2022-12-21 13:15:19,324 DEBUG: Comparando SUNAT con BD
2022-12-21 13:15:20,195 ERROR: Error al actualizar: CardCode-PL10723731513 - -1116: (2) bpvs:LC12 - Si se trata de una Persona Natural con RUC sin Negocio, en la pestaña de Finanzas debe colocar el tipo de impuesto "Extranjero"
2022-12-21 13:15:20,202 DEBUG: Validacion finalizada
2022-12-21 13:15:20,202 DEBUG: Iniciando validacion
2022-12-21 13:15:20,203 DEBUG: Revisando en BD RUC: 20608538802
2022-12-21 13:15:20,261 DEBUG: Revisando ruc: 20608538802
2022-12-21 13:15:20,381 DEBUG: Comparando SUNAT con BD
2022-12-21 13:15:21,289 INFO : PL20608538802 actualizado
2022-12-21 13:15:21,300 DEBUG: Validacion finalizada
2022-12-21 13:15:21,301 DEBUG: Iniciando validacion
2022-12-21 13:15:21,302 DEBUG: Revisando en BD RUC: 20530081517
2022-12-21 13:15:21,371 DEBUG: Revisando ruc: 20530081517
2022-12-21 13:15:21,399 DEBUG: 20220201
2022-12-21 13:15:21,492 DEBUG: Comparando SUNAT con BD
2022-12-21 13:15:22,632 INFO : PL20530081517 actualizado
2022-12-21 13:15:22,639 DEBUG: Validacion finalizada
2022-12-21 13:15:22,639 DEBUG: Iniciando validacion
2022-12-21 13:15:22,640 DEBUG: Revisando en BD RUC: 20101996116
2022-12-21 13:15:22,694 DEBUG: Revisando ruc: 20101996116
2022-12-21 13:15:22,806 DEBUG: Comparando SUNAT con BD
2022-12-21 13:15:23,986 INFO : PL20101996116 actualizado
2022-12-21 13:15:23,991 DEBUG: Validacion finalizada
2022-12-21 13:15:23,992 DEBUG: Iniciando validacion
2022-12-21 13:15:23,994 DEBUG: Revisando en BD RUC: 20605029290
2022-12-21 13:15:24,053 DEBUG: Revisando ruc: 20605029290
2022-12-21 13:15:24,169 DEBUG: Comparando SUNAT con BD
2022-12-21 13:15:25,312 INFO : PL20605029290 actualizado
2022-12-21 13:15:25,318 DEBUG: Validacion finalizada
2022-12-21 13:15:25,318 DEBUG: Iniciando validacion
2022-12-21 13:15:25,320 DEBUG: Revisando en BD RUC: 20605213236
2022-12-21 13:15:25,381 DEBUG: Revisando ruc: 20605213236
2022-12-21 13:15:25,505 DEBUG: Comparando SUNAT con BD
2022-12-21 13:15:26,930 INFO : PL20605213236 actualizado
2022-12-21 13:15:26,936 DEBUG: Validacion finalizada
2022-12-21 13:15:26,936 DEBUG: Iniciando validacion
2022-12-21 13:15:26,937 DEBUG: Revisando en BD RUC: 20605594507
2022-12-21 13:15:26,994 DEBUG: Revisando ruc: 20605594507
2022-12-21 13:15:27,111 DEBUG: Comparando SUNAT con BD
2022-12-21 13:15:28,638 INFO : PL20605594507 actualizado
2022-12-21 13:15:28,645 DEBUG: Validacion finalizada
2022-12-21 13:15:28,646 DEBUG: Iniciando validacion
2022-12-21 13:15:28,647 DEBUG: Revisando en BD RUC: 20605597140
2022-12-21 13:15:28,708 DEBUG: Revisando ruc: 20605597140
2022-12-21 13:15:28,822 DEBUG: Comparando SUNAT con BD
2022-12-21 13:15:30,290 INFO : PL20605597140 actualizado
2022-12-21 13:15:30,298 DEBUG: Validacion finalizada
2022-12-21 13:15:30,299 DEBUG: Iniciando validacion
2022-12-21 13:15:30,299 DEBUG: Revisando en BD RUC: 20605687661
2022-12-21 13:15:30,363 DEBUG: Revisando ruc: 20605687661
2022-12-21 13:15:30,485 DEBUG: Comparando SUNAT con BD
2022-12-21 13:15:31,469 INFO : PL20605687661 actualizado
2022-12-21 13:15:31,479 DEBUG: Validacion finalizada
2022-12-21 13:15:31,480 INFO : Resultado: 8 correctos, 2 errores, 0 inválidos, 8 Socios Procesados -  Total Acumulado: 138
2022-12-21 13:15:31,483 INFO : RUC del 161 al 170
2022-12-21 13:15:32,634 DEBUG: Iniciando validacion
2022-12-21 13:15:32,635 DEBUG: Revisando en BD RUC: 20605699627
2022-12-21 13:15:32,690 DEBUG: Revisando ruc: 20605699627
2022-12-21 13:15:32,806 DEBUG: Comparando SUNAT con BD
2022-12-21 13:15:33,824 INFO : PL20605699627 actualizado
2022-12-21 13:15:33,829 DEBUG: Validacion finalizada
2022-12-21 13:15:33,831 DEBUG: Iniciando validacion
2022-12-21 13:15:33,838 DEBUG: Revisando en BD RUC: 20609575566
2022-12-21 13:15:33,917 DEBUG: Revisando ruc: 20609575566
2022-12-21 13:15:34,033 DEBUG: Comparando SUNAT con BD
2022-12-21 13:15:35,017 INFO : CL20609575566 actualizado
2022-12-21 13:15:35,023 DEBUG: Validacion finalizada
2022-12-21 13:15:35,024 DEBUG: Iniciando validacion
2022-12-21 13:15:35,025 DEBUG: Revisando en BD RUC: 10179214038
2022-12-21 13:15:35,085 DEBUG: Revisando ruc: 10179214038
2022-12-21 13:15:35,173 DEBUG: Comparando SUNAT con BD
2022-12-21 13:15:36,396 INFO : PL10179214038 actualizado
2022-12-21 13:15:36,405 DEBUG: Validacion finalizada
2022-12-21 13:15:36,406 DEBUG: Iniciando validacion
2022-12-21 13:15:36,406 DEBUG: Revisando en BD RUC: 20604769494
2022-12-21 13:15:36,461 DEBUG: Revisando ruc: 20604769494
2022-12-21 13:15:36,580 DEBUG: Comparando SUNAT con BD
2022-12-21 13:15:37,745 INFO : PL20604769494 actualizado
2022-12-21 13:15:37,752 DEBUG: Validacion finalizada
2022-12-21 13:15:37,753 DEBUG: Iniciando validacion
2022-12-21 13:15:37,755 DEBUG: Revisando en BD RUC: 20606688777
2022-12-21 13:15:37,818 DEBUG: Revisando ruc: 20606688777
2022-12-21 13:15:37,934 DEBUG: Comparando SUNAT con BD
2022-12-21 13:15:38,908 INFO : PL20606688777 actualizado
2022-12-21 13:15:38,918 DEBUG: Validacion finalizada
2022-12-21 13:15:38,919 DEBUG: Iniciando validacion
2022-12-21 13:15:38,920 DEBUG: Revisando en BD RUC: 20409232761
2022-12-21 13:15:38,974 DEBUG: Revisando ruc: 20409232761
2022-12-21 13:15:39,093 DEBUG: Comparando SUNAT con BD
2022-12-21 13:15:40,210 INFO : CL20409232761 actualizado
2022-12-21 13:15:40,233 DEBUG: Revisando ruc: 20409232761
2022-12-21 13:15:40,348 DEBUG: Comparando SUNAT con BD
2022-12-21 13:15:41,365 INFO : PL20409232761 actualizado
2022-12-21 13:15:41,373 DEBUG: Validacion finalizada
2022-12-21 13:15:41,373 DEBUG: Iniciando validacion
2022-12-21 13:15:41,375 DEBUG: Revisando en BD RUC: 20606954981
2022-12-21 13:15:41,433 DEBUG: Revisando ruc: 20606954981
2022-12-21 13:15:41,541 DEBUG: Comparando SUNAT con BD
2022-12-21 13:15:42,603 INFO : PL20606954981 actualizado
2022-12-21 13:15:42,632 DEBUG: Revisando ruc: 20606954981
2022-12-21 13:15:42,738 DEBUG: Comparando SUNAT con BD
2022-12-21 13:15:43,701 INFO : CL20606954981 actualizado
2022-12-21 13:15:43,709 DEBUG: Validacion finalizada
2022-12-21 13:15:43,709 DEBUG: Iniciando validacion
2022-12-21 13:15:43,710 DEBUG: Revisando en BD RUC: 20554545743
2022-12-21 13:15:43,770 DEBUG: Revisando ruc: 20554545743
2022-12-21 13:15:43,790 DEBUG: 20150201
2022-12-21 13:15:43,791 DEBUG: 20160301
2022-12-21 13:15:43,896 DEBUG: Comparando SUNAT con BD
2022-12-21 13:15:45,133 INFO : PL20554545743 actualizado
2022-12-21 13:15:45,142 DEBUG: Validacion finalizada
2022-12-21 13:15:45,143 DEBUG: Iniciando validacion
2022-12-21 13:15:45,144 DEBUG: Revisando en BD RUC: 10411749539
2022-12-21 13:15:45,213 DEBUG: Revisando ruc: 10411749539
2022-12-21 13:15:45,291 DEBUG: Comparando SUNAT con BD
2022-12-21 13:15:46,183 ERROR: Error al actualizar: CardCode-PL10411749539 - -1116: (2) bpvs:LC12 - Si se trata de una Persona Natural con RUC sin Negocio, en la pestaña de Finanzas debe colocar el tipo de impuesto "Extranjero"
2022-12-21 13:15:46,191 DEBUG: Validacion finalizada
2022-12-21 13:15:46,191 DEBUG: Iniciando validacion
2022-12-21 13:15:46,193 DEBUG: Revisando en BD RUC: 10401906091
2022-12-21 13:15:46,267 DEBUG: Revisando ruc: 10401906091
2022-12-21 13:15:46,267 DEBUG: 20180401
2022-12-21 13:15:46,352 DEBUG: Comparando SUNAT con BD
2022-12-21 13:15:47,243 ERROR: Error al actualizar: CardCode-PL10401906091 - -1116: (2) bpvs:LC12 - Si se trata de una Persona Natural con RUC sin Negocio, en la pestaña de Finanzas debe colocar el tipo de impuesto "Extranjero"
2022-12-21 13:15:47,251 DEBUG: Validacion finalizada
2022-12-21 13:15:47,252 INFO : Resultado: 8 correctos, 2 errores, 0 inválidos, 10 Socios Procesados -  Total Acumulado: 148
2022-12-21 13:15:47,258 INFO : RUC del 171 al 180
2022-12-21 13:15:48,969 DEBUG: Iniciando validacion
2022-12-21 13:15:48,969 DEBUG: Revisando en BD RUC: 20605506837
2022-12-21 13:15:49,028 DEBUG: Revisando ruc: 20605506837
2022-12-21 13:15:49,149 DEBUG: Comparando SUNAT con BD
2022-12-21 13:15:50,290 INFO : PL20605506837 actualizado
2022-12-21 13:15:50,297 DEBUG: Validacion finalizada
2022-12-21 13:15:50,297 DEBUG: Iniciando validacion
2022-12-21 13:15:50,298 DEBUG: Revisando en BD RUC: 20608278363
2022-12-21 13:15:50,352 DEBUG: Revisando ruc: 20608278363
2022-12-21 13:15:50,479 DEBUG: Comparando SUNAT con BD
2022-12-21 13:15:51,715 INFO : PL20608278363 actualizado
2022-12-21 13:15:51,724 DEBUG: Validacion finalizada
2022-12-21 13:15:51,725 DEBUG: Iniciando validacion
2022-12-21 13:15:51,725 DEBUG: Revisando en BD RUC: 20440852671
2022-12-21 13:15:51,790 DEBUG: Revisando ruc: 20440852671
2022-12-21 13:15:51,903 DEBUG: Comparando SUNAT con BD
2022-12-21 13:15:53,184 INFO : PL20440852671 actualizado
2022-12-21 13:15:53,192 DEBUG: Validacion finalizada
2022-12-21 13:15:53,192 DEBUG: Iniciando validacion
2022-12-21 13:15:53,193 DEBUG: Revisando en BD RUC: 20601032971
2022-12-21 13:15:53,258 DEBUG: Revisando ruc: 20601032971
2022-12-21 13:15:53,368 DEBUG: Comparando SUNAT con BD
2022-12-21 13:15:54,419 INFO : PL20601032971 actualizado
2022-12-21 13:15:54,425 DEBUG: Validacion finalizada
2022-12-21 13:15:54,425 DEBUG: Iniciando validacion
2022-12-21 13:15:54,428 DEBUG: Revisando en BD RUC: 20608479491
2022-12-21 13:15:54,493 DEBUG: Revisando ruc: 20608479491
2022-12-21 13:15:54,602 DEBUG: Comparando SUNAT con BD
2022-12-21 13:15:55,696 INFO : PL20608479491 actualizado
2022-12-21 13:15:55,700 DEBUG: Validacion finalizada
2022-12-21 13:15:55,701 DEBUG: Iniciando validacion
2022-12-21 13:15:55,702 DEBUG: Revisando en BD RUC: 20608608487
2022-12-21 13:15:55,769 DEBUG: Revisando ruc: 20608608487
2022-12-21 13:15:55,899 DEBUG: Comparando SUNAT con BD
2022-12-21 13:15:57,291 INFO : PL20608608487 actualizado
2022-12-21 13:15:57,301 DEBUG: Validacion finalizada
2022-12-21 13:15:57,301 DEBUG: Iniciando validacion
2022-12-21 13:15:57,302 DEBUG: Revisando en BD RUC: 20484180157
2022-12-21 13:15:57,377 DEBUG: Revisando ruc: 20484180157
2022-12-21 13:15:57,401 DEBUG: 20160901
2022-12-21 13:15:57,508 DEBUG: Comparando SUNAT con BD
2022-12-21 13:15:58,890 INFO : PL20484180157 actualizado
2022-12-21 13:15:58,901 DEBUG: Validacion finalizada
2022-12-21 13:15:58,902 DEBUG: Iniciando validacion
2022-12-21 13:15:58,903 DEBUG: Revisando en BD RUC: 20484270067
2022-12-21 13:15:58,965 DEBUG: Revisando ruc: 20484270067
2022-12-21 13:15:59,072 DEBUG: Comparando SUNAT con BD
2022-12-21 13:16:00,300 INFO : PL20484270067 actualizado
2022-12-21 13:16:00,305 DEBUG: Validacion finalizada
2022-12-21 13:16:00,306 DEBUG: Iniciando validacion
2022-12-21 13:16:00,307 DEBUG: Revisando en BD RUC: 20608891227
2022-12-21 13:16:00,371 DEBUG: Revisando ruc: 20608891227
2022-12-21 13:16:00,516 DEBUG: Comparando SUNAT con BD
2022-12-21 13:16:02,040 INFO : PL20608891227 actualizado
2022-12-21 13:16:02,045 DEBUG: Validacion finalizada
2022-12-21 13:16:02,045 DEBUG: Iniciando validacion
2022-12-21 13:16:02,046 DEBUG: Revisando en BD RUC: 20608947524
2022-12-21 13:16:02,103 DEBUG: Revisando ruc: 20608947524
2022-12-21 13:16:02,221 DEBUG: Comparando SUNAT con BD
2022-12-21 13:16:03,419 INFO : PL20608947524 actualizado
2022-12-21 13:16:03,426 DEBUG: Validacion finalizada
2022-12-21 13:16:03,427 INFO : Resultado: 10 correctos, 0 errores, 0 inválidos, 10 Socios Procesados -  Total Acumulado: 158
2022-12-21 13:16:03,428 INFO : RUC del 181 al 190
2022-12-21 13:16:04,750 DEBUG: Iniciando validacion
2022-12-21 13:16:04,751 DEBUG: Revisando en BD RUC: 20525728600
2022-12-21 13:16:04,814 DEBUG: Revisando ruc: 20525728600
2022-12-21 13:16:04,935 DEBUG: Comparando SUNAT con BD
2022-12-21 13:16:06,048 INFO : PL20525728600 actualizado
2022-12-21 13:16:06,057 DEBUG: Validacion finalizada
2022-12-21 13:16:06,058 DEBUG: Iniciando validacion
2022-12-21 13:16:06,059 DEBUG: Revisando en BD RUC: 20606504765
2022-12-21 13:16:06,123 DEBUG: Revisando ruc: 20606504765
2022-12-21 13:16:06,244 DEBUG: Comparando SUNAT con BD
2022-12-21 13:16:07,504 INFO : PL20606504765 actualizado
2022-12-21 13:16:07,510 DEBUG: Validacion finalizada
2022-12-21 13:16:07,510 DEBUG: Iniciando validacion
2022-12-21 13:16:07,511 DEBUG: Revisando en BD RUC: 20603790465
2022-12-21 13:16:07,569 DEBUG: Revisando ruc: 20603790465
2022-12-21 13:16:07,690 DEBUG: Comparando SUNAT con BD
2022-12-21 13:16:08,893 INFO : PL20603790465 actualizado
2022-12-21 13:16:08,900 DEBUG: Validacion finalizada
2022-12-21 13:16:08,900 DEBUG: Iniciando validacion
2022-12-21 13:16:08,902 DEBUG: Revisando en BD RUC: 20608336380
2022-12-21 13:16:08,966 DEBUG: Revisando ruc: 20608336380
2022-12-21 13:16:09,090 DEBUG: Comparando SUNAT con BD
2022-12-21 13:16:10,375 INFO : PL20608336380 actualizado
2022-12-21 13:16:10,383 DEBUG: Validacion finalizada
2022-12-21 13:16:10,384 DEBUG: Iniciando validacion
2022-12-21 13:16:10,384 DEBUG: Revisando en BD RUC: 20601986621
2022-12-21 13:16:10,456 DEBUG: Revisando ruc: 20601986621
2022-12-21 13:16:10,568 DEBUG: Comparando SUNAT con BD
2022-12-21 13:16:11,493 INFO : CL20601986621 actualizado
2022-12-21 13:16:11,501 DEBUG: Validacion finalizada
2022-12-21 13:16:11,502 DEBUG: Iniciando validacion
2022-12-21 13:16:11,503 DEBUG: Revisando en BD RUC: 10458830288
2022-12-21 13:16:11,574 DEBUG: Revisando ruc: 10458830288
2022-12-21 13:16:11,657 DEBUG: Comparando SUNAT con BD
2022-12-21 13:16:12,473 ERROR: Error al actualizar: CardCode-PL10458830288 - -1116: (2) bpvs:LC12 - Si se trata de una Persona Natural con RUC sin Negocio, en la pestaña de Finanzas debe colocar el tipo de impuesto "Extranjero"
2022-12-21 13:16:12,481 DEBUG: Validacion finalizada
2022-12-21 13:16:12,481 DEBUG: Iniciando validacion
2022-12-21 13:16:12,482 DEBUG: Revisando en BD RUC: 20536938657
2022-12-21 13:16:12,546 DEBUG: Revisando ruc: 20536938657
2022-12-21 13:16:12,572 DEBUG: 20121101
2022-12-21 13:16:12,659 DEBUG: Comparando SUNAT con BD
2022-12-21 13:16:13,840 INFO : PL20536938657 actualizado
2022-12-21 13:16:13,846 DEBUG: Validacion finalizada
2022-12-21 13:16:13,847 DEBUG: Iniciando validacion
2022-12-21 13:16:13,848 DEBUG: Revisando en BD RUC: 20530214762
2022-12-21 13:16:13,916 DEBUG: Revisando ruc: 20530214762
2022-12-21 13:16:14,012 DEBUG: Comparando SUNAT con BD
2022-12-21 13:16:15,267 INFO : PL20530214762 actualizado
2022-12-21 13:16:15,272 DEBUG: Validacion finalizada
2022-12-21 13:16:15,274 DEBUG: Iniciando validacion
2022-12-21 13:16:15,278 DEBUG: Revisando en BD RUC: 20160349914
2022-12-21 13:16:15,341 DEBUG: Revisando ruc: 20160349914
2022-12-21 13:16:15,474 DEBUG: Comparando SUNAT con BD
2022-12-21 13:16:16,991 INFO : PL20160349914 actualizado
2022-12-21 13:16:16,999 DEBUG: Validacion finalizada
2022-12-21 13:16:17,000 DEBUG: Iniciando validacion
2022-12-21 13:16:17,001 DEBUG: Revisando en BD RUC: 10472937931
2022-12-21 13:16:17,052 DEBUG: Revisando ruc: 10472937931
2022-12-21 13:16:17,136 DEBUG: Comparando SUNAT con BD
2022-12-21 13:16:17,900 ERROR: Error al actualizar: CardCode-PL10472937931 - -1116: (2) bpvs:LC12 - Si se trata de una Persona Natural con RUC sin Negocio, en la pestaña de Finanzas debe colocar el tipo de impuesto "Extranjero"
2022-12-21 13:16:17,908 DEBUG: Validacion finalizada
2022-12-21 13:16:17,909 INFO : Resultado: 8 correctos, 2 errores, 0 inválidos, 8 Socios Procesados -  Total Acumulado: 166
2022-12-21 13:16:17,909 INFO : RUC del 191 al 200
2022-12-21 13:16:19,021 DEBUG: Iniciando validacion
2022-12-21 13:16:19,021 DEBUG: Revisando en BD RUC: 20504973990
2022-12-21 13:16:19,081 DEBUG: Revisando ruc: 20504973990
2022-12-21 13:16:19,198 DEBUG: Comparando SUNAT con BD
2022-12-21 13:16:20,561 INFO : PL20504973990 actualizado
2022-12-21 13:16:20,565 DEBUG: Validacion finalizada
2022-12-21 13:16:20,566 DEBUG: Iniciando validacion
2022-12-21 13:16:20,567 DEBUG: Revisando en BD RUC: 20526104782
2022-12-21 13:16:20,642 DEBUG: Revisando ruc: 20526104782
2022-12-21 13:16:20,760 DEBUG: Comparando SUNAT con BD
2022-12-21 13:16:21,815 INFO : PL20526104782 actualizado
2022-12-21 13:16:21,823 DEBUG: Validacion finalizada
2022-12-21 13:16:21,823 DEBUG: Iniciando validacion
2022-12-21 13:16:21,824 DEBUG: Revisando en BD RUC: 20608479423
2022-12-21 13:16:21,880 DEBUG: Revisando ruc: 20608479423
2022-12-21 13:16:21,989 DEBUG: Comparando SUNAT con BD
2022-12-21 13:16:23,039 INFO : PL20608479423 actualizado
2022-12-21 13:16:23,048 DEBUG: Validacion finalizada
2022-12-21 13:16:23,048 DEBUG: Iniciando validacion
2022-12-21 13:16:23,051 DEBUG: Revisando en BD RUC: 20324203118
2022-12-21 13:16:23,123 DEBUG: Revisando ruc: 20324203118
2022-12-21 13:16:23,254 DEBUG: Comparando SUNAT con BD
2022-12-21 13:16:24,383 INFO : CL20324203118 actualizado
2022-12-21 13:16:24,407 DEBUG: Revisando ruc: 20324203118
2022-12-21 13:16:24,539 DEBUG: Comparando SUNAT con BD
2022-12-21 13:16:25,723 INFO : PL20324203118 actualizado
2022-12-21 13:16:25,731 DEBUG: Validacion finalizada
2022-12-21 13:16:25,732 DEBUG: Iniciando validacion
2022-12-21 13:16:25,733 DEBUG: Revisando en BD RUC: 20136247396
2022-12-21 13:16:25,785 DEBUG: Revisando ruc: 20136247396
2022-12-21 13:16:25,897 DEBUG: Comparando SUNAT con BD
2022-12-21 13:16:26,983 INFO : CL20136247396 actualizado
2022-12-21 13:16:26,990 DEBUG: Validacion finalizada
2022-12-21 13:16:26,990 DEBUG: Iniciando validacion
2022-12-21 13:16:26,992 DEBUG: Revisando en BD RUC: 20603731124
2022-12-21 13:16:27,051 DEBUG: Revisando ruc: 20603731124
2022-12-21 13:16:27,162 DEBUG: Comparando SUNAT con BD
2022-12-21 13:16:28,758 INFO : PL20603731124 actualizado
2022-12-21 13:16:28,765 DEBUG: Validacion finalizada
2022-12-21 13:16:28,766 DEBUG: Iniciando validacion
2022-12-21 13:16:28,766 DEBUG: Revisando en BD RUC: 20607107051
2022-12-21 13:16:28,821 DEBUG: Revisando ruc: 20607107051
2022-12-21 13:16:28,938 DEBUG: Comparando SUNAT con BD
2022-12-21 13:16:30,248 INFO : PL20607107051 actualizado
2022-12-21 13:16:30,258 DEBUG: Validacion finalizada
2022-12-21 13:16:30,258 DEBUG: Iniciando validacion
2022-12-21 13:16:30,259 DEBUG: Revisando en BD RUC: 20608103873
2022-12-21 13:16:30,323 DEBUG: Revisando ruc: 20608103873
2022-12-21 13:16:30,458 DEBUG: Comparando SUNAT con BD
2022-12-21 13:16:31,717 INFO : PL20608103873 actualizado
2022-12-21 13:16:31,725 DEBUG: Validacion finalizada
2022-12-21 13:16:31,726 DEBUG: Iniciando validacion
2022-12-21 13:16:31,730 DEBUG: Revisando en BD RUC: 20608983024
2022-12-21 13:16:31,791 DEBUG: Revisando ruc: 20608983024
2022-12-21 13:16:31,898 DEBUG: Comparando SUNAT con BD
2022-12-21 13:16:33,091 INFO : CL20608983024 actualizado
2022-12-21 13:16:33,118 DEBUG: Revisando ruc: 20608983024
2022-12-21 13:16:33,224 DEBUG: Comparando SUNAT con BD
2022-12-21 13:16:34,468 INFO : PL20608983024 actualizado
2022-12-21 13:16:34,475 DEBUG: Validacion finalizada
2022-12-21 13:16:34,476 DEBUG: Iniciando validacion
2022-12-21 13:16:34,477 DEBUG: Revisando en BD RUC: 20526602626
2022-12-21 13:16:34,546 DEBUG: Revisando ruc: 20526602626
2022-12-21 13:16:34,679 DEBUG: Comparando SUNAT con BD
2022-12-21 13:16:35,611 INFO : PL20526602626 actualizado
2022-12-21 13:16:35,620 DEBUG: Validacion finalizada
2022-12-21 13:16:35,620 INFO : Resultado: 10 correctos, 0 errores, 0 inválidos, 12 Socios Procesados -  Total Acumulado: 178
2022-12-21 13:16:35,621 INFO : RUC del 201 al 210
2022-12-21 13:16:37,321 DEBUG: Iniciando validacion
2022-12-21 13:16:37,321 DEBUG: Revisando en BD RUC: 20529992514
2022-12-21 13:16:37,377 DEBUG: Revisando ruc: 20529992514
2022-12-21 13:16:37,509 DEBUG: Comparando SUNAT con BD
2022-12-21 13:16:38,680 INFO : PL20529992514 actualizado
2022-12-21 13:16:38,690 DEBUG: Validacion finalizada
2022-12-21 13:16:38,691 DEBUG: Iniciando validacion
2022-12-21 13:16:38,692 DEBUG: Revisando en BD RUC: 20261239923
2022-12-21 13:16:38,761 DEBUG: Revisando ruc: 20261239923
2022-12-21 13:16:38,777 DEBUG: 20120601
2022-12-21 13:16:38,777 DEBUG: 20160201
2022-12-21 13:16:38,879 DEBUG: Comparando SUNAT con BD
2022-12-21 13:16:40,280 INFO : PL20261239923 actualizado
2022-12-21 13:16:40,291 DEBUG: Validacion finalizada
2022-12-21 13:16:40,292 DEBUG: Iniciando validacion
2022-12-21 13:16:40,295 DEBUG: Revisando en BD RUC: 20132091979
2022-12-21 13:16:40,354 DEBUG: Revisando ruc: 20132091979
2022-12-21 13:16:40,473 DEBUG: Comparando SUNAT con BD
2022-12-21 13:16:41,766 INFO : PL20132091979 actualizado
2022-12-21 13:16:41,775 DEBUG: Validacion finalizada
2022-12-21 13:16:41,776 DEBUG: Iniciando validacion
2022-12-21 13:16:41,776 DEBUG: Revisando en BD RUC: 20609337592
2022-12-21 13:16:41,838 DEBUG: Revisando ruc: 20609337592
2022-12-21 13:16:41,995 DEBUG: Comparando SUNAT con BD
2022-12-21 13:16:43,219 INFO : PL20609337592 actualizado
2022-12-21 13:16:43,226 DEBUG: Validacion finalizada
2022-12-21 13:16:43,227 DEBUG: Iniciando validacion
2022-12-21 13:16:43,228 DEBUG: Revisando en BD RUC: 10028568377
2022-12-21 13:16:43,299 DEBUG: Revisando ruc: 10028568377
2022-12-21 13:16:43,384 DEBUG: Comparando SUNAT con BD
2022-12-21 13:16:44,439 ERROR: Error al actualizar: CardCode-PL10028568377 - -1116: (2) bpvs:LC12 - Si se trata de una Persona Natural con RUC sin Negocio, en la pestaña de Finanzas debe colocar el tipo de impuesto "Extranjero"
2022-12-21 13:16:44,450 DEBUG: Validacion finalizada
2022-12-21 13:16:44,451 DEBUG: Iniciando validacion
2022-12-21 13:16:44,452 DEBUG: Revisando en BD RUC: 10413505548
2022-12-21 13:16:44,500 DEBUG: Revisando ruc: 10413505548
2022-12-21 13:16:44,601 DEBUG: Comparando SUNAT con BD
2022-12-21 13:16:45,602 ERROR: Error al actualizar: CardCode-PL10413505548 - -1116: (2) bpvs:LC12 - Si se trata de una Persona Natural con RUC sin Negocio, en la pestaña de Finanzas debe colocar el tipo de impuesto "Extranjero"
2022-12-21 13:16:45,611 DEBUG: Validacion finalizada
2022-12-21 13:16:45,612 DEBUG: Iniciando validacion
2022-12-21 13:16:45,613 DEBUG: Revisando en BD RUC: 10032340607
2022-12-21 13:16:45,688 DEBUG: Revisando ruc: 10032340607
2022-12-21 13:16:45,763 DEBUG: Comparando SUNAT con BD
2022-12-21 13:16:46,738 ERROR: Error al actualizar: CardCode-PL10032340607 - -1116: (2) bpvs:LC12 - Si se trata de una Persona Natural con RUC sin Negocio, en la pestaña de Finanzas debe colocar el tipo de impuesto "Extranjero"
2022-12-21 13:16:46,745 DEBUG: Validacion finalizada
2022-12-21 13:16:46,746 DEBUG: Iniciando validacion
2022-12-21 13:16:46,746 DEBUG: Revisando en BD RUC: 10002407847
2022-12-21 13:16:46,806 DEBUG: Revisando ruc: 10002407847
2022-12-21 13:16:46,881 DEBUG: Comparando SUNAT con BD
2022-12-21 13:16:47,865 INFO : CL10002407847 actualizado
2022-12-21 13:16:47,874 DEBUG: Validacion finalizada
2022-12-21 13:16:47,875 DEBUG: Iniciando validacion
2022-12-21 13:16:47,875 DEBUG: Revisando en BD RUC: 20100084172
2022-12-21 13:16:47,934 DEBUG: Revisando ruc: 20100084172
2022-12-21 13:16:47,964 DEBUG: 20020601
2022-12-21 13:16:47,965 DEBUG: 20130701
2022-12-21 13:16:48,068 DEBUG: Comparando SUNAT con BD
2022-12-21 13:16:49,353 INFO : PL20100084172 actualizado
2022-12-21 13:16:49,359 DEBUG: Validacion finalizada
2022-12-21 13:16:49,359 DEBUG: Iniciando validacion
2022-12-21 13:16:49,360 DEBUG: Revisando en BD RUC: 20477704248
2022-12-21 13:16:49,411 DEBUG: Revisando ruc: 20477704248
2022-12-21 13:16:49,523 DEBUG: Comparando SUNAT con BD
2022-12-21 13:16:50,799 INFO : PL20477704248 actualizado
2022-12-21 13:16:50,809 DEBUG: Validacion finalizada
2022-12-21 13:16:50,810 INFO : Resultado: 7 correctos, 3 errores, 0 inválidos, 7 Socios Procesados -  Total Acumulado: 185
2022-12-21 13:16:50,811 INFO : RUC del 211 al 220
2022-12-21 13:16:52,530 DEBUG: Iniciando validacion
2022-12-21 13:16:52,531 DEBUG: Revisando en BD RUC: 10026481835
2022-12-21 13:16:52,593 DEBUG: Revisando ruc: 10026481835
2022-12-21 13:16:52,672 DEBUG: Comparando SUNAT con BD
2022-12-21 13:16:53,333 ERROR: Error al actualizar: CardCode-PL10026481835 - -1116: (2) bpvs:LC12 - Si se trata de una Persona Natural con RUC sin Negocio, en la pestaña de Finanzas debe colocar el tipo de impuesto "Extranjero"
2022-12-21 13:16:53,358 DEBUG: Revisando ruc: 10026481835
2022-12-21 13:16:53,439 DEBUG: Comparando SUNAT con BD
2022-12-21 13:16:54,414 INFO : CL10026481835 actualizado
2022-12-21 13:16:54,421 DEBUG: Validacion finalizada
2022-12-21 13:16:54,422 DEBUG: Iniciando validacion
2022-12-21 13:16:54,423 DEBUG: Revisando en BD RUC: 10091567674
2022-12-21 13:16:54,493 DEBUG: Revisando ruc: 10091567674
2022-12-21 13:16:54,579 DEBUG: Comparando SUNAT con BD
2022-12-21 13:16:55,522 INFO : CL10091567674 actualizado
2022-12-21 13:16:55,548 DEBUG: Revisando ruc: 10091567674
2022-12-21 13:16:55,626 DEBUG: Comparando SUNAT con BD
2022-12-21 13:16:56,315 ERROR: Error al actualizar: CardCode-PL10091567674 - -1116: (2) bpvs:LC12 - Si se trata de una Persona Natural con RUC sin Negocio, en la pestaña de Finanzas debe colocar el tipo de impuesto "Extranjero"
2022-12-21 13:16:56,325 DEBUG: Validacion finalizada
2022-12-21 13:16:56,326 DEBUG: Iniciando validacion
2022-12-21 13:16:56,327 DEBUG: Revisando en BD RUC: 20251357413
2022-12-21 13:16:56,385 DEBUG: Revisando ruc: 20251357413
2022-12-21 13:16:56,402 DEBUG: 20051001
2022-12-21 13:16:56,500 DEBUG: Comparando SUNAT con BD
2022-12-21 13:16:57,860 INFO : PL20251357413 actualizado
2022-12-21 13:16:57,870 DEBUG: Validacion finalizada
2022-12-21 13:16:57,871 DEBUG: Iniciando validacion
2022-12-21 13:16:57,872 DEBUG: Revisando en BD RUC: 20223968971
2022-12-21 13:16:57,925 DEBUG: Revisando ruc: 20223968971
2022-12-21 13:16:58,041 DEBUG: Comparando SUNAT con BD
2022-12-21 13:16:59,469 INFO : PL20223968971 actualizado
2022-12-21 13:16:59,475 DEBUG: Validacion finalizada
2022-12-21 13:16:59,475 DEBUG: Iniciando validacion
2022-12-21 13:16:59,479 DEBUG: Revisando en BD RUC: 20601668131
2022-12-21 13:16:59,543 DEBUG: Revisando ruc: 20601668131
2022-12-21 13:16:59,657 DEBUG: Comparando SUNAT con BD
2022-12-21 13:17:01,106 INFO : PL20601668131 actualizado
2022-12-21 13:17:01,111 DEBUG: Validacion finalizada
2022-12-21 13:17:01,112 DEBUG: Iniciando validacion
2022-12-21 13:17:01,112 DEBUG: Revisando en BD RUC: 20601762243
2022-12-21 13:17:01,170 DEBUG: Revisando ruc: 20601762243
2022-12-21 13:17:01,284 DEBUG: Comparando SUNAT con BD
2022-12-21 13:17:02,253 INFO : PL20601762243 actualizado
2022-12-21 13:17:02,259 DEBUG: Validacion finalizada
2022-12-21 13:17:02,259 DEBUG: Iniciando validacion
2022-12-21 13:17:02,260 DEBUG: Revisando en BD RUC: 20609904047
2022-12-21 13:17:02,319 DEBUG: Revisando ruc: 20609904047
2022-12-21 13:17:02,434 DEBUG: Comparando SUNAT con BD
2022-12-21 13:17:03,655 INFO : PL20609904047 actualizado
2022-12-21 13:17:03,661 DEBUG: Validacion finalizada
2022-12-21 13:17:03,661 DEBUG: Iniciando validacion
2022-12-21 13:17:03,664 DEBUG: Revisando en BD RUC: 20392777190
2022-12-21 13:17:03,725 DEBUG: Revisando ruc: 20392777190
2022-12-21 13:17:03,848 DEBUG: Comparando SUNAT con BD
2022-12-21 13:17:05,103 INFO : PL20392777190 actualizado
2022-12-21 13:17:05,108 DEBUG: Validacion finalizada
2022-12-21 13:17:05,109 DEBUG: Iniciando validacion
2022-12-21 13:17:05,110 DEBUG: Revisando en BD RUC: 20604751986
2022-12-21 13:17:05,175 DEBUG: Revisando ruc: 20604751986
2022-12-21 13:17:05,298 DEBUG: Comparando SUNAT con BD
2022-12-21 13:17:06,407 INFO : PL20604751986 actualizado
2022-12-21 13:17:06,436 DEBUG: Revisando ruc: 20604751986
2022-12-21 13:17:06,569 DEBUG: Comparando SUNAT con BD
2022-12-21 13:17:07,609 INFO : CL20604751986 actualizado
2022-12-21 13:17:07,617 DEBUG: Validacion finalizada
2022-12-21 13:17:07,617 DEBUG: Iniciando validacion
2022-12-21 13:17:07,618 DEBUG: Revisando en BD RUC: 20219178264
2022-12-21 13:17:07,680 DEBUG: Revisando ruc: 20219178264
2022-12-21 13:17:07,698 DEBUG: 20150201
2022-12-21 13:17:07,795 DEBUG: Comparando SUNAT con BD
2022-12-21 13:17:08,758 INFO : CL20219178264 actualizado
2022-12-21 13:17:08,789 DEBUG: Revisando ruc: 20219178264
2022-12-21 13:17:08,807 DEBUG: 20150201
2022-12-21 13:17:08,897 DEBUG: Comparando SUNAT con BD
2022-12-21 13:17:09,852 INFO : PL20219178264 actualizado
2022-12-21 13:17:09,864 DEBUG: Validacion finalizada
2022-12-21 13:17:09,865 INFO : Resultado: 8 correctos, 2 errores, 0 inválidos, 12 Socios Procesados -  Total Acumulado: 197
2022-12-21 13:17:09,865 INFO : RUC del 221 al 230
2022-12-21 13:17:31,212 DEBUG: Iniciando validacion
2022-12-21 13:17:31,212 DEBUG: Revisando en BD RUC: 20526249322
2022-12-21 13:17:31,265 DEBUG: Revisando ruc: 20526249322
2022-12-21 13:17:31,292 DEBUG: 20220201
2022-12-21 13:17:31,400 DEBUG: Comparando SUNAT con BD
2022-12-21 13:17:32,777 INFO : PL20526249322 actualizado
2022-12-21 13:17:32,783 DEBUG: Validacion finalizada
2022-12-21 13:17:32,783 DEBUG: Iniciando validacion
2022-12-21 13:17:32,785 DEBUG: Revisando en BD RUC: 20231843460
2022-12-21 13:17:32,853 DEBUG: Revisando ruc: 20231843460
2022-12-21 13:17:32,870 DEBUG: 20150201
2022-12-21 13:17:32,966 DEBUG: Comparando SUNAT con BD
2022-12-21 13:17:33,962 INFO : CL20231843460 actualizado
2022-12-21 13:17:33,992 DEBUG: Revisando ruc: 20231843460
2022-12-21 13:17:34,011 DEBUG: 20150201
2022-12-21 13:17:34,102 DEBUG: Comparando SUNAT con BD
2022-12-21 13:17:35,339 INFO : PL20231843460 actualizado
2022-12-21 13:17:35,345 DEBUG: Validacion finalizada
2022-12-21 13:17:35,346 DEBUG: Iniciando validacion
2022-12-21 13:17:35,347 DEBUG: Revisando en BD RUC: 20296081567
2022-12-21 13:17:35,407 DEBUG: Revisando ruc: 20296081567
2022-12-21 13:17:35,535 DEBUG: Comparando SUNAT con BD
2022-12-21 13:17:36,645 INFO : PL20296081567 actualizado
2022-12-21 13:17:36,651 DEBUG: Validacion finalizada
2022-12-21 13:17:36,651 DEBUG: Iniciando validacion
2022-12-21 13:17:36,652 DEBUG: Revisando en BD RUC: 20257692109
2022-12-21 13:17:36,711 DEBUG: Revisando ruc: 20257692109
2022-12-21 13:17:36,733 DEBUG: 20170901
2022-12-21 13:17:36,824 DEBUG: Comparando SUNAT con BD
2022-12-21 13:17:37,930 INFO : CL20257692109 actualizado
2022-12-21 13:17:37,956 DEBUG: Revisando ruc: 20257692109
2022-12-21 13:17:37,979 DEBUG: 20170901
2022-12-21 13:17:38,088 DEBUG: Comparando SUNAT con BD
2022-12-21 13:17:39,429 INFO : PL20257692109 actualizado
2022-12-21 13:17:39,435 DEBUG: Validacion finalizada
2022-12-21 13:17:39,436 DEBUG: Iniciando validacion
2022-12-21 13:17:39,436 DEBUG: Revisando en BD RUC: 20604817375
2022-12-21 13:17:39,496 DEBUG: Revisando ruc: 20604817375
2022-12-21 13:17:39,606 DEBUG: Comparando SUNAT con BD
2022-12-21 13:17:41,030 INFO : PL20604817375 actualizado
2022-12-21 13:17:41,036 DEBUG: Validacion finalizada
2022-12-21 13:17:41,036 DEBUG: Iniciando validacion
2022-12-21 13:17:41,037 DEBUG: Revisando en BD RUC: 20608634585
2022-12-21 13:17:41,104 DEBUG: Revisando ruc: 20608634585
2022-12-21 13:17:41,220 DEBUG: Comparando SUNAT con BD
2022-12-21 13:17:42,509 INFO : PL20608634585 actualizado
2022-12-21 13:17:42,516 DEBUG: Validacion finalizada
2022-12-21 13:17:42,516 DEBUG: Iniciando validacion
2022-12-21 13:17:42,517 DEBUG: Revisando en BD RUC: 20549758054
2022-12-21 13:17:42,569 DEBUG: Revisando ruc: 20549758054
2022-12-21 13:17:42,706 DEBUG: Comparando SUNAT con BD
2022-12-21 13:17:43,999 INFO : PL20549758054 actualizado
2022-12-21 13:17:44,014 DEBUG: Validacion finalizada
2022-12-21 13:17:44,014 DEBUG: Iniciando validacion
2022-12-21 13:17:44,015 DEBUG: Revisando en BD RUC: 20367075776
2022-12-21 13:17:44,071 DEBUG: Revisando ruc: 20367075776
2022-12-21 13:17:44,186 DEBUG: Comparando SUNAT con BD
2022-12-21 13:17:45,209 INFO : CL20367075776 actualizado
2022-12-21 13:17:45,223 DEBUG: Validacion finalizada
2022-12-21 13:17:45,223 DEBUG: Iniciando validacion
2022-12-21 13:17:45,225 DEBUG: Revisando en BD RUC: 20112811096
2022-12-21 13:17:45,299 DEBUG: Revisando ruc: 20112811096
2022-12-21 13:17:45,421 DEBUG: Comparando SUNAT con BD
2022-12-21 13:17:46,677 INFO : PL20112811096 actualizado
2022-12-21 13:17:46,684 DEBUG: Validacion finalizada
2022-12-21 13:17:46,685 DEBUG: Iniciando validacion
2022-12-21 13:17:46,687 DEBUG: Revisando en BD RUC: 20522051315
2022-12-21 13:17:46,745 DEBUG: Revisando ruc: 20522051315
2022-12-21 13:17:46,849 DEBUG: Comparando SUNAT con BD
2022-12-21 13:17:48,264 ERROR: Error al actualizar: CardCode-PL20522051315 - -1116: (2) bpvs:FE03 - La dirección de facturación por defecto debe de tener un ubigueo definido.
2022-12-21 13:17:48,271 DEBUG: Validacion finalizada
2022-12-21 13:17:48,272 INFO : Resultado: 9 correctos, 1 errores, 0 inválidos, 11 Socios Procesados -  Total Acumulado: 208
2022-12-21 13:17:48,272 INFO : RUC del 231 al 240
2022-12-21 13:17:53,004 DEBUG: Iniciando validacion
2022-12-21 13:17:53,004 DEBUG: Revisando en BD RUC: 20409222294
2022-12-21 13:17:53,072 DEBUG: Revisando ruc: 20409222294
2022-12-21 13:17:53,189 DEBUG: Comparando SUNAT con BD
2022-12-21 13:17:54,358 INFO : CL20409222294 actualizado
2022-12-21 13:17:54,369 DEBUG: Validacion finalizada
2022-12-21 13:17:54,370 DEBUG: Iniciando validacion
2022-12-21 13:17:54,371 DEBUG: Revisando en BD RUC: 20530240178
2022-12-21 13:17:54,431 DEBUG: Revisando ruc: 20530240178
2022-12-21 13:17:54,552 DEBUG: Comparando SUNAT con BD
2022-12-21 13:17:55,876 INFO : PL20530240178 actualizado
2022-12-21 13:17:55,884 DEBUG: Validacion finalizada
2022-12-21 13:17:55,884 DEBUG: Iniciando validacion
2022-12-21 13:17:55,891 DEBUG: Revisando en BD RUC: 20409250581
2022-12-21 13:17:55,967 DEBUG: Revisando ruc: 20409250581
2022-12-21 13:17:56,086 DEBUG: Comparando SUNAT con BD
2022-12-21 13:17:57,300 INFO : PL20409250581 actualizado
2022-12-21 13:17:57,308 DEBUG: Validacion finalizada
2022-12-21 13:17:57,309 DEBUG: Iniciando validacion
2022-12-21 13:17:57,311 DEBUG: Revisando en BD RUC: 20601750351
2022-12-21 13:17:57,375 DEBUG: Revisando ruc: 20601750351
2022-12-21 13:17:57,498 DEBUG: Comparando SUNAT con BD
2022-12-21 13:17:58,733 INFO : PL20601750351 actualizado
2022-12-21 13:17:58,760 DEBUG: Revisando ruc: 20601750351
2022-12-21 13:17:58,867 DEBUG: Comparando SUNAT con BD
2022-12-21 13:17:59,890 INFO : CL20601750351 actualizado
2022-12-21 13:17:59,900 DEBUG: Validacion finalizada
2022-12-21 13:17:59,901 DEBUG: Iniciando validacion
2022-12-21 13:17:59,903 DEBUG: Revisando en BD RUC: 20602979734
2022-12-21 13:17:59,968 DEBUG: Revisando ruc: 20602979734
2022-12-21 13:18:00,112 DEBUG: Comparando SUNAT con BD
2022-12-21 13:18:01,362 INFO : PL20602979734 actualizado
2022-12-21 13:18:01,367 DEBUG: Validacion finalizada
2022-12-21 13:18:01,368 DEBUG: Iniciando validacion
2022-12-21 13:18:01,369 DEBUG: Revisando en BD RUC: 20440703837
2022-12-21 13:18:01,440 DEBUG: Revisando ruc: 20440703837
2022-12-21 13:18:01,573 DEBUG: Comparando SUNAT con BD
2022-12-21 13:18:02,638 INFO : CL20440703837 actualizado
2022-12-21 13:18:02,663 DEBUG: Revisando ruc: 20440703837
2022-12-21 13:18:02,772 DEBUG: Comparando SUNAT con BD
2022-12-21 13:18:03,882 INFO : PL20440703837 actualizado
2022-12-21 13:18:03,892 DEBUG: Validacion finalizada
2022-12-21 13:18:03,893 DEBUG: Iniciando validacion
2022-12-21 13:18:03,894 DEBUG: Revisando en BD RUC: 20600138228
2022-12-21 13:18:03,958 DEBUG: Revisando ruc: 20600138228
2022-12-21 13:18:04,086 DEBUG: Comparando SUNAT con BD
2022-12-21 13:18:05,267 INFO : PL20600138228 actualizado
2022-12-21 13:18:05,272 DEBUG: Validacion finalizada
2022-12-21 13:18:05,273 DEBUG: Iniciando validacion
2022-12-21 13:18:05,273 DEBUG: Revisando en BD RUC: 20556129518
2022-12-21 13:18:05,335 DEBUG: Revisando ruc: 20556129518
2022-12-21 13:18:05,479 DEBUG: Comparando SUNAT con BD
2022-12-21 13:18:06,776 INFO : PL20556129518 actualizado
2022-12-21 13:18:06,784 DEBUG: Validacion finalizada
2022-12-21 13:18:06,785 DEBUG: Iniciando validacion
2022-12-21 13:18:06,787 DEBUG: Revisando en BD RUC: 20561232611
2022-12-21 13:18:06,856 DEBUG: Revisando ruc: 20561232611
2022-12-21 13:18:06,986 DEBUG: Comparando SUNAT con BD
2022-12-21 13:18:08,282 INFO : PL20561232611 actualizado
2022-12-21 13:18:08,295 DEBUG: Validacion finalizada
2022-12-21 13:18:08,295 DEBUG: Iniciando validacion
2022-12-21 13:18:08,296 DEBUG: Revisando en BD RUC: 20544424751
2022-12-21 13:18:08,368 DEBUG: Revisando ruc: 20544424751
2022-12-21 13:18:08,492 DEBUG: Comparando SUNAT con BD
2022-12-21 13:18:10,145 INFO : PL20544424751 actualizado
2022-12-21 13:18:10,152 DEBUG: Validacion finalizada
2022-12-21 13:18:10,153 INFO : Resultado: 10 correctos, 0 errores, 0 inválidos, 12 Socios Procesados -  Total Acumulado: 220
2022-12-21 13:18:10,154 INFO : RUC del 241 al 250
2022-12-21 13:18:13,669 DEBUG: Iniciando validacion
2022-12-21 13:18:13,669 DEBUG: Revisando en BD RUC: 10702936794
2022-12-21 13:18:13,724 DEBUG: Revisando ruc: 10702936794
2022-12-21 13:18:13,818 DEBUG: Comparando SUNAT con BD
2022-12-21 13:18:14,655 ERROR: Error al actualizar: CardCode-PL10702936794 - -1116: (2) bpvs:LC12 - Si se trata de una Persona Natural con RUC sin Negocio, en la pestaña de Finanzas debe colocar el tipo de impuesto "Extranjero"
2022-12-21 13:18:14,667 DEBUG: Validacion finalizada
2022-12-21 13:18:14,667 DEBUG: Iniciando validacion
2022-12-21 13:18:14,669 DEBUG: Revisando en BD RUC: 20602099203
2022-12-21 13:18:14,734 DEBUG: Revisando ruc: 20602099203
2022-12-21 13:18:14,854 DEBUG: Comparando SUNAT con BD
2022-12-21 13:18:16,091 INFO : PL20602099203 actualizado
2022-12-21 13:18:16,097 DEBUG: Validacion finalizada
2022-12-21 13:18:16,097 DEBUG: Iniciando validacion
2022-12-21 13:18:16,098 DEBUG: Revisando en BD RUC: 20502699491
2022-12-21 13:18:16,174 DEBUG: Revisando ruc: 20502699491
2022-12-21 13:18:16,295 DEBUG: Comparando SUNAT con BD
2022-12-21 13:18:17,281 INFO : CL20502699491 actualizado
2022-12-21 13:18:17,292 DEBUG: Validacion finalizada
2022-12-21 13:18:17,292 DEBUG: Iniciando validacion
2022-12-21 13:18:17,293 DEBUG: Revisando en BD RUC: 20525509550
2022-12-21 13:18:17,353 DEBUG: Revisando ruc: 20525509550
2022-12-21 13:18:17,466 DEBUG: Comparando SUNAT con BD
2022-12-21 13:18:18,410 INFO : CL20525509550 actualizado
2022-12-21 13:18:18,420 DEBUG: Validacion finalizada
2022-12-21 13:18:18,420 DEBUG: Iniciando validacion
2022-12-21 13:18:18,421 DEBUG: Revisando en BD RUC: 20530076866
2022-12-21 13:18:18,482 DEBUG: Revisando ruc: 20530076866
2022-12-21 13:18:18,589 DEBUG: Comparando SUNAT con BD
2022-12-21 13:18:19,591 INFO : CL20530076866 actualizado
2022-12-21 13:18:19,614 DEBUG: Revisando ruc: 20530076866
2022-12-21 13:18:19,727 DEBUG: Comparando SUNAT con BD
2022-12-21 13:18:20,844 INFO : PL20530076866 actualizado
2022-12-21 13:18:20,849 DEBUG: Validacion finalizada
2022-12-21 13:18:20,849 DEBUG: Iniciando validacion
2022-12-21 13:18:20,850 DEBUG: Revisando en BD RUC: 20102021836
2022-12-21 13:18:20,926 DEBUG: Revisando ruc: 20102021836
2022-12-21 13:18:21,048 DEBUG: Comparando SUNAT con BD
2022-12-21 13:18:22,264 INFO : PL20102021836 actualizado
2022-12-21 13:18:22,273 DEBUG: Validacion finalizada
2022-12-21 13:18:22,273 DEBUG: Iniciando validacion
2022-12-21 13:18:22,274 DEBUG: Revisando en BD RUC: 10027346249
2022-12-21 13:18:22,339 DEBUG: Revisando ruc: 10027346249
2022-12-21 13:18:22,436 DEBUG: Comparando SUNAT con BD
2022-12-21 13:18:23,779 INFO : PL10027346249 actualizado
2022-12-21 13:18:23,786 DEBUG: Validacion finalizada
2022-12-21 13:18:23,786 DEBUG: Iniciando validacion
2022-12-21 13:18:23,787 DEBUG: Revisando en BD RUC: 20530239676
2022-12-21 13:18:23,859 DEBUG: Revisando ruc: 20530239676
2022-12-21 13:18:23,991 DEBUG: Comparando SUNAT con BD
2022-12-21 13:18:25,511 INFO : CL20530239676 actualizado
2022-12-21 13:18:25,538 DEBUG: Revisando ruc: 20530239676
2022-12-21 13:18:25,648 DEBUG: Comparando SUNAT con BD
2022-12-21 13:18:27,118 INFO : PL20530239676 actualizado
2022-12-21 13:18:27,125 DEBUG: Validacion finalizada
2022-12-21 13:18:27,126 DEBUG: Iniciando validacion
2022-12-21 13:18:27,126 DEBUG: Revisando en BD RUC: 20601509653
2022-12-21 13:18:27,186 DEBUG: Revisando ruc: 20601509653
2022-12-21 13:18:27,288 DEBUG: Comparando SUNAT con BD
2022-12-21 13:18:28,251 INFO : PL20601509653 actualizado
2022-12-21 13:18:28,260 DEBUG: Validacion finalizada
2022-12-21 13:18:28,260 DEBUG: Iniciando validacion
2022-12-21 13:18:28,261 DEBUG: Revisando en BD RUC: 20539707613
2022-12-21 13:18:28,330 DEBUG: Revisando ruc: 20539707613
2022-12-21 13:18:28,467 DEBUG: Comparando SUNAT con BD
2022-12-21 13:18:29,568 INFO : CL20539707613 actualizado
2022-12-21 13:18:29,575 DEBUG: Validacion finalizada
2022-12-21 13:18:29,576 INFO : Resultado: 9 correctos, 1 errores, 0 inválidos, 11 Socios Procesados -  Total Acumulado: 231
2022-12-21 13:18:29,577 INFO : RUC del 251 al 260
2022-12-21 13:18:31,116 DEBUG: Iniciando validacion
2022-12-21 13:18:31,116 DEBUG: Revisando en BD RUC: 20601599881
2022-12-21 13:18:31,171 DEBUG: Revisando ruc: 20601599881
2022-12-21 13:18:31,278 DEBUG: Comparando SUNAT con BD
2022-12-21 13:18:32,467 INFO : PL20601599881 actualizado
2022-12-21 13:18:32,473 DEBUG: Validacion finalizada
2022-12-21 13:18:32,473 DEBUG: Iniciando validacion
2022-12-21 13:18:32,474 DEBUG: Revisando en BD RUC: 10403008236
2022-12-21 13:18:32,532 DEBUG: Revisando ruc: 10403008236
2022-12-21 13:18:32,618 DEBUG: Comparando SUNAT con BD
2022-12-21 13:18:33,515 ERROR: Error al actualizar: CardCode-PL10403008236 - -1116: (2) bpvs:LC12 - Si se trata de una Persona Natural con RUC sin Negocio, en la pestaña de Finanzas debe colocar el tipo de impuesto "Extranjero"
2022-12-21 13:18:33,525 DEBUG: Validacion finalizada
2022-12-21 13:18:33,526 DEBUG: Iniciando validacion
2022-12-21 13:18:33,527 DEBUG: Revisando en BD RUC: 20603075910
2022-12-21 13:18:33,597 DEBUG: Revisando ruc: 20603075910
2022-12-21 13:18:33,639 DEBUG: 20191201
2022-12-21 13:18:33,760 DEBUG: Comparando SUNAT con BD
2022-12-21 13:18:35,126 INFO : PL20603075910 actualizado
2022-12-21 13:18:35,133 DEBUG: Validacion finalizada
2022-12-21 13:18:35,134 DEBUG: Iniciando validacion
2022-12-21 13:18:35,134 DEBUG: Revisando en BD RUC: 20100082714
2022-12-21 13:18:35,199 DEBUG: Revisando ruc: 20100082714
2022-12-21 13:18:35,216 DEBUG: 20170601
2022-12-21 13:18:35,217 DEBUG: 20160201
2022-12-21 13:18:35,311 DEBUG: Comparando SUNAT con BD
2022-12-21 13:18:36,296 INFO : PL20100082714 actualizado
2022-12-21 13:18:36,305 DEBUG: Validacion finalizada
2022-12-21 13:18:36,305 DEBUG: Iniciando validacion
2022-12-21 13:18:36,307 DEBUG: Revisando en BD RUC: 20529936100
2022-12-21 13:18:36,374 DEBUG: Revisando ruc: 20529936100
2022-12-21 13:18:36,488 DEBUG: Comparando SUNAT con BD
2022-12-21 13:18:37,738 INFO : PL20529936100 actualizado
2022-12-21 13:18:37,746 DEBUG: Validacion finalizada
2022-12-21 13:18:37,746 DEBUG: Iniciando validacion
2022-12-21 13:18:37,747 DEBUG: Revisando en BD RUC: 20505062826
2022-12-21 13:18:37,812 DEBUG: Revisando ruc: 20505062826
2022-12-21 13:18:37,934 DEBUG: Comparando SUNAT con BD
2022-12-21 13:18:39,572 INFO : PL20505062826 actualizado
2022-12-21 13:18:39,580 DEBUG: Validacion finalizada
2022-12-21 13:18:39,580 DEBUG: Iniciando validacion
2022-12-21 13:18:39,581 DEBUG: Revisando en BD RUC: 20529735465
2022-12-21 13:18:39,635 DEBUG: Revisando ruc: 20529735465
2022-12-21 13:18:39,793 DEBUG: Comparando SUNAT con BD
2022-12-21 13:18:41,123 INFO : PL20529735465 actualizado
2022-12-21 13:18:41,130 DEBUG: Validacion finalizada
2022-12-21 13:18:41,130 DEBUG: Iniciando validacion
2022-12-21 13:18:41,131 DEBUG: Revisando en BD RUC: 20440484345
2022-12-21 13:18:41,183 DEBUG: Revisando ruc: 20440484345
2022-12-21 13:18:41,202 DEBUG: 20111001
2022-12-21 13:18:41,306 DEBUG: Comparando SUNAT con BD
2022-12-21 13:18:43,973 INFO : PL20440484345 actualizado
2022-12-21 13:18:43,980 DEBUG: Validacion finalizada
2022-12-21 13:18:43,981 DEBUG: Iniciando validacion
2022-12-21 13:18:43,981 DEBUG: Revisando en BD RUC: 10742353007
2022-12-21 13:18:44,054 DEBUG: Revisando ruc: 10742353007
2022-12-21 13:18:44,136 DEBUG: Comparando SUNAT con BD
2022-12-21 13:18:45,049 ERROR: Error al actualizar: CardCode-PL10742353007 - -1116: (2) bpvs:LC12 - Si se trata de una Persona Natural con RUC sin Negocio, en la pestaña de Finanzas debe colocar el tipo de impuesto "Extranjero"
2022-12-21 13:18:45,056 DEBUG: Validacion finalizada
2022-12-21 13:18:45,057 DEBUG: Iniciando validacion
2022-12-21 13:18:45,057 DEBUG: Revisando en BD RUC: 10028063313
2022-12-21 13:18:45,124 DEBUG: Revisando ruc: 10028063313
2022-12-21 13:18:45,206 DEBUG: Comparando SUNAT con BD
2022-12-21 13:18:46,146 INFO : PL10028063313 actualizado
2022-12-21 13:18:46,153 DEBUG: Validacion finalizada
2022-12-21 13:18:46,154 INFO : Resultado: 8 correctos, 2 errores, 0 inválidos, 8 Socios Procesados -  Total Acumulado: 239
2022-12-21 13:18:46,155 INFO : RUC del 261 al 270
2022-12-21 13:18:47,380 DEBUG: Iniciando validacion
2022-12-21 13:18:47,380 DEBUG: Revisando en BD RUC: 20508828960
2022-12-21 13:18:47,445 DEBUG: Revisando ruc: 20508828960
2022-12-21 13:18:47,563 DEBUG: Comparando SUNAT con BD
2022-12-21 13:18:48,872 INFO : PL20508828960 actualizado
2022-12-21 13:18:48,880 DEBUG: Validacion finalizada
2022-12-21 13:18:48,881 DEBUG: Iniciando validacion
2022-12-21 13:18:48,888 DEBUG: Revisando en BD RUC: 20604117012
2022-12-21 13:18:48,971 DEBUG: Revisando ruc: 20604117012
2022-12-21 13:18:49,098 DEBUG: Comparando SUNAT con BD
2022-12-21 13:18:50,149 INFO : CL20604117012 actualizado
2022-12-21 13:18:50,160 DEBUG: Validacion finalizada
2022-12-21 13:18:50,160 DEBUG: Iniciando validacion
2022-12-21 13:18:50,162 DEBUG: Revisando en BD RUC: 20605636374
2022-12-21 13:18:50,219 DEBUG: Revisando ruc: 20605636374
2022-12-21 13:18:50,341 DEBUG: Comparando SUNAT con BD
2022-12-21 13:18:51,359 INFO : CL20605636374 actualizado
2022-12-21 13:18:51,370 DEBUG: Validacion finalizada
2022-12-21 13:18:51,370 DEBUG: Iniciando validacion
2022-12-21 13:18:51,374 DEBUG: Revisando en BD RUC: 20484290173
2022-12-21 13:18:51,437 DEBUG: Revisando ruc: 20484290173
2022-12-21 13:18:51,547 DEBUG: Comparando SUNAT con BD
2022-12-21 13:18:52,752 INFO : PL20484290173 actualizado
2022-12-21 13:18:52,760 DEBUG: Validacion finalizada
2022-12-21 13:18:52,761 DEBUG: Iniciando validacion
2022-12-21 13:18:52,761 DEBUG: Revisando en BD RUC: 10762361472
2022-12-21 13:18:52,826 DEBUG: Revisando ruc: 10762361472
2022-12-21 13:18:52,913 DEBUG: Comparando SUNAT con BD
2022-12-21 13:18:53,699 ERROR: Error al actualizar: CardCode-PL10762361472 - -1116: (2) bpvs:LC12 - Si se trata de una Persona Natural con RUC sin Negocio, en la pestaña de Finanzas debe colocar el tipo de impuesto "Extranjero"
2022-12-21 13:18:53,709 DEBUG: Validacion finalizada
2022-12-21 13:18:53,710 DEBUG: Iniciando validacion
2022-12-21 13:18:53,712 DEBUG: Revisando en BD RUC: 20564490351
2022-12-21 13:18:53,780 DEBUG: Revisando ruc: 20564490351
2022-12-21 13:18:53,942 DEBUG: Comparando SUNAT con BD
2022-12-21 13:18:54,975 ERROR: Error al actualizar: CardCode-PL20564490351 - -1116: (2) bpvs:LC20 - En la pestaña Direcciones, debe llenar los campos "Calle/Número", "Distrito", "Ciudad", "Departamento" de todas las direcciones
2022-12-21 13:18:54,982 DEBUG: Validacion finalizada
2022-12-21 13:18:54,982 DEBUG: Iniciando validacion
2022-12-21 13:18:54,983 DEBUG: Revisando en BD RUC: 20605691693
2022-12-21 13:18:55,052 DEBUG: Revisando ruc: 20605691693
2022-12-21 13:18:55,167 DEBUG: Comparando SUNAT con BD
2022-12-21 13:18:56,465 INFO : PL20605691693 actualizado
2022-12-21 13:18:56,475 DEBUG: Validacion finalizada
2022-12-21 13:18:56,475 DEBUG: Iniciando validacion
2022-12-21 13:18:56,476 DEBUG: Revisando en BD RUC: 20605821864
2022-12-21 13:18:56,532 DEBUG: Revisando ruc: 20605821864
2022-12-21 13:18:56,640 DEBUG: Comparando SUNAT con BD
2022-12-21 13:18:57,600 INFO : CL20605821864 actualizado
2022-12-21 13:18:57,606 DEBUG: Validacion finalizada
2022-12-21 13:18:57,607 DEBUG: Iniciando validacion
2022-12-21 13:18:57,608 DEBUG: Revisando en BD RUC: 20610111701
2022-12-21 13:18:57,667 DEBUG: Revisando ruc: 20610111701
2022-12-21 13:18:57,791 DEBUG: Comparando SUNAT con BD
2022-12-21 13:18:58,794 INFO : CL20610111701 actualizado
2022-12-21 13:18:58,801 DEBUG: Validacion finalizada
2022-12-21 13:18:58,802 DEBUG: Iniciando validacion
2022-12-21 13:18:58,802 DEBUG: Revisando en BD RUC: 20344877158
2022-12-21 13:18:58,912 DEBUG: Revisando ruc: 20344877158
2022-12-21 13:18:58,945 DEBUG: 20020601
2022-12-21 13:18:58,945 DEBUG: 20140201
2022-12-21 13:18:59,168 DEBUG: Comparando SUNAT con BD
2022-12-21 13:19:00,657 INFO : PL20344877158 actualizado
2022-12-21 13:19:00,663 DEBUG: Validacion finalizada
2022-12-21 13:19:00,664 INFO : Resultado: 8 correctos, 2 errores, 0 inválidos, 8 Socios Procesados -  Total Acumulado: 247
2022-12-21 13:19:00,664 INFO : RUC del 271 al 280
2022-12-21 13:19:02,448 DEBUG: Iniciando validacion
2022-12-21 13:19:02,449 DEBUG: Revisando en BD RUC: 20483801239
2022-12-21 13:19:02,513 DEBUG: Revisando ruc: 20483801239
2022-12-21 13:19:02,726 DEBUG: Comparando SUNAT con BD
2022-12-21 13:19:04,393 INFO : PL20483801239 actualizado
2022-12-21 13:19:04,398 DEBUG: Validacion finalizada
2022-12-21 13:19:04,399 DEBUG: Iniciando validacion
2022-12-21 13:19:04,402 DEBUG: Revisando en BD RUC: 10034702603
2022-12-21 13:19:04,484 DEBUG: Revisando ruc: 10034702603
2022-12-21 13:19:04,667 DEBUG: Comparando SUNAT con BD
2022-12-21 13:19:05,748 INFO : PL10034702603 actualizado
2022-12-21 13:19:05,756 DEBUG: Validacion finalizada
2022-12-21 13:19:05,756 DEBUG: Iniciando validacion
2022-12-21 13:19:05,757 DEBUG: Revisando en BD RUC: 20605825274
2022-12-21 13:19:05,837 DEBUG: Revisando ruc: 20605825274
2022-12-21 13:19:05,964 DEBUG: Comparando SUNAT con BD
2022-12-21 13:19:07,300 INFO : PL20605825274 actualizado
2022-12-21 13:19:07,307 DEBUG: Validacion finalizada
2022-12-21 13:19:07,308 DEBUG: Iniciando validacion
2022-12-21 13:19:07,309 DEBUG: Revisando en BD RUC: 20484214744
2022-12-21 13:19:07,375 DEBUG: Revisando ruc: 20484214744
2022-12-21 13:19:07,498 DEBUG: Comparando SUNAT con BD
2022-12-21 13:19:08,700 INFO : PL20484214744 actualizado
2022-12-21 13:19:08,707 DEBUG: Validacion finalizada
2022-12-21 13:19:08,708 DEBUG: Iniciando validacion
2022-12-21 13:19:08,708 DEBUG: Revisando en BD RUC: 20601842158
2022-12-21 13:19:08,768 DEBUG: Revisando ruc: 20601842158
2022-12-21 13:19:08,888 DEBUG: Comparando SUNAT con BD
2022-12-21 13:19:10,008 INFO : PL20601842158 actualizado
2022-12-21 13:19:10,017 DEBUG: Validacion finalizada
2022-12-21 13:19:10,018 DEBUG: Iniciando validacion
2022-12-21 13:19:10,019 DEBUG: Revisando en BD RUC: 20609513854
2022-12-21 13:19:10,077 DEBUG: Revisando ruc: 20609513854
2022-12-21 13:19:10,190 DEBUG: Comparando SUNAT con BD
2022-12-21 13:19:11,321 INFO : PL20609513854 actualizado
2022-12-21 13:19:11,328 DEBUG: Validacion finalizada
2022-12-21 13:19:11,329 DEBUG: Iniciando validacion
2022-12-21 13:19:11,329 DEBUG: Revisando en BD RUC: 20606195738
2022-12-21 13:19:11,392 DEBUG: Revisando ruc: 20606195738
2022-12-21 13:19:11,527 DEBUG: Comparando SUNAT con BD
2022-12-21 13:19:12,795 INFO : PL20606195738 actualizado
2022-12-21 13:19:12,804 DEBUG: Validacion finalizada
2022-12-21 13:19:12,805 DEBUG: Iniciando validacion
2022-12-21 13:19:12,809 DEBUG: Revisando en BD RUC: 20483393955
2022-12-21 13:19:12,877 DEBUG: Revisando ruc: 20483393955
2022-12-21 13:19:12,985 DEBUG: Comparando SUNAT con BD
2022-12-21 13:19:14,190 INFO : PL20483393955 actualizado
2022-12-21 13:19:14,196 DEBUG: Validacion finalizada
2022-12-21 13:19:14,196 DEBUG: Iniciando validacion
2022-12-21 13:19:14,197 DEBUG: Revisando en BD RUC: 20600222849
2022-12-21 13:19:14,266 DEBUG: Revisando ruc: 20600222849
2022-12-21 13:19:14,383 DEBUG: Comparando SUNAT con BD
2022-12-21 13:19:15,667 INFO : PL20600222849 actualizado
2022-12-21 13:19:15,672 DEBUG: Validacion finalizada
2022-12-21 13:19:15,673 DEBUG: Iniciando validacion
2022-12-21 13:19:15,675 DEBUG: Revisando en BD RUC: 20609358115
2022-12-21 13:19:15,735 DEBUG: Revisando ruc: 20609358115
2022-12-21 13:19:15,854 DEBUG: Comparando SUNAT con BD
2022-12-21 13:19:17,255 INFO : PL20609358115 actualizado
2022-12-21 13:19:17,261 DEBUG: Validacion finalizada
2022-12-21 13:19:17,262 INFO : Resultado: 10 correctos, 0 errores, 0 inválidos, 10 Socios Procesados -  Total Acumulado: 257
2022-12-21 13:19:17,262 INFO : RUC del 281 al 290
2022-12-21 13:19:18,621 DEBUG: Iniciando validacion
2022-12-21 13:19:18,621 DEBUG: Revisando en BD RUC: 20606647451
2022-12-21 13:19:18,751 DEBUG: Revisando ruc: 20606647451
2022-12-21 13:19:18,996 DEBUG: Comparando SUNAT con BD
2022-12-21 13:19:20,295 INFO : PL20606647451 actualizado
2022-12-21 13:19:20,301 DEBUG: Validacion finalizada
2022-12-21 13:19:20,301 DEBUG: Iniciando validacion
2022-12-21 13:19:20,304 DEBUG: Revisando en BD RUC: 20602009395
2022-12-21 13:19:20,371 DEBUG: Revisando ruc: 20602009395
2022-12-21 13:19:20,531 DEBUG: Comparando SUNAT con BD
2022-12-21 13:19:22,076 ERROR: Error al actualizar: CardCode-PL20602009395 - -1116: (2) bpvs:FE03 - La dirección de facturación por defecto debe de tener un ubigueo definido.
2022-12-21 13:19:22,087 DEBUG: Validacion finalizada
2022-12-21 13:19:22,088 DEBUG: Iniciando validacion
2022-12-21 13:19:22,088 DEBUG: Revisando en BD RUC: 20451770099
2022-12-21 13:19:22,162 DEBUG: Revisando ruc: 20451770099
2022-12-21 13:19:22,319 DEBUG: Comparando SUNAT con BD
2022-12-21 13:19:23,465 INFO : PL20451770099 actualizado
2022-12-21 13:19:23,475 DEBUG: Validacion finalizada
2022-12-21 13:19:23,476 DEBUG: Iniciando validacion
2022-12-21 13:19:23,477 DEBUG: Revisando en BD RUC: 20601814154
2022-12-21 13:19:23,555 DEBUG: Revisando ruc: 20601814154
2022-12-21 13:19:23,716 DEBUG: Comparando SUNAT con BD
2022-12-21 13:19:25,319 INFO : PL20601814154 actualizado
2022-12-21 13:19:25,328 DEBUG: Validacion finalizada
2022-12-21 13:19:25,329 DEBUG: Iniciando validacion
2022-12-21 13:19:25,330 DEBUG: Revisando en BD RUC: 20602022731
2022-12-21 13:19:25,405 DEBUG: Revisando ruc: 20602022731
2022-12-21 13:19:25,545 DEBUG: Comparando SUNAT con BD
2022-12-21 13:19:27,255 INFO : PL20602022731 actualizado
2022-12-21 13:19:27,264 DEBUG: Validacion finalizada
2022-12-21 13:19:27,264 DEBUG: Iniciando validacion
2022-12-21 13:19:27,268 DEBUG: Revisando en BD RUC: 20482814604
2022-12-21 13:19:27,342 DEBUG: Revisando ruc: 20482814604
2022-12-21 13:19:27,512 DEBUG: Comparando SUNAT con BD
2022-12-21 13:19:29,391 INFO : PL20482814604 actualizado
2022-12-21 13:19:29,399 DEBUG: Validacion finalizada
2022-12-21 13:19:29,400 DEBUG: Iniciando validacion
2022-12-21 13:19:29,401 DEBUG: Revisando en BD RUC: 20524279160
2022-12-21 13:19:29,501 DEBUG: Revisando ruc: 20524279160
2022-12-21 13:19:29,537 DEBUG: 20121101
2022-12-21 13:19:29,698 DEBUG: Comparando SUNAT con BD
2022-12-21 13:19:31,056 INFO : PL20524279160 actualizado
2022-12-21 13:19:31,062 DEBUG: Validacion finalizada
2022-12-21 13:19:31,063 DEBUG: Iniciando validacion
2022-12-21 13:19:31,064 DEBUG: Revisando en BD RUC: 20552252731
2022-12-21 13:19:31,142 DEBUG: Revisando ruc: 20552252731
2022-12-21 13:19:31,339 DEBUG: Comparando SUNAT con BD
2022-12-21 13:19:32,976 INFO : PL20552252731 actualizado
2022-12-21 13:19:32,987 DEBUG: Validacion finalizada
2022-12-21 13:19:32,988 DEBUG: Iniciando validacion
2022-12-21 13:19:32,989 DEBUG: Revisando en BD RUC: 20481672768
2022-12-21 13:19:33,077 DEBUG: Revisando ruc: 20481672768
2022-12-21 13:19:33,289 DEBUG: Comparando SUNAT con BD
2022-12-21 13:19:35,987 INFO : PL20481672768 actualizado
2022-12-21 13:19:35,997 DEBUG: Validacion finalizada
2022-12-21 13:19:35,997 DEBUG: Iniciando validacion
2022-12-21 13:19:35,999 DEBUG: Revisando en BD RUC: 20386659959
2022-12-21 13:19:36,074 DEBUG: Revisando ruc: 20386659959
2022-12-21 13:19:36,096 DEBUG: 20160201
2022-12-21 13:19:36,255 DEBUG: Comparando SUNAT con BD
2022-12-21 13:19:37,810 INFO : PL20386659959 actualizado
2022-12-21 13:19:37,818 DEBUG: Validacion finalizada
2022-12-21 13:19:37,819 INFO : Resultado: 9 correctos, 1 errores, 0 inválidos, 9 Socios Procesados -  Total Acumulado: 266
2022-12-21 13:19:37,820 INFO : RUC del 291 al 300
2022-12-21 13:19:39,561 DEBUG: Iniciando validacion
2022-12-21 13:19:39,562 DEBUG: Revisando en BD RUC: 20530096115
2022-12-21 13:19:39,635 DEBUG: Revisando ruc: 20530096115
2022-12-21 13:19:39,784 DEBUG: Comparando SUNAT con BD
2022-12-21 13:19:41,634 INFO : PL20530096115 actualizado
2022-12-21 13:19:41,644 DEBUG: Validacion finalizada
2022-12-21 13:19:41,644 DEBUG: Iniciando validacion
2022-12-21 13:19:41,647 DEBUG: Revisando en BD RUC: 20606222697
2022-12-21 13:19:41,720 DEBUG: Revisando ruc: 20606222697
2022-12-21 13:19:41,918 DEBUG: Comparando SUNAT con BD
2022-12-21 13:19:43,656 INFO : PL20606222697 actualizado
2022-12-21 13:19:43,666 DEBUG: Validacion finalizada
2022-12-21 13:19:43,666 DEBUG: Iniciando validacion
2022-12-21 13:19:43,667 DEBUG: Revisando en BD RUC: 20526138172
2022-12-21 13:19:43,759 DEBUG: Revisando ruc: 20526138172
2022-12-21 13:19:43,922 DEBUG: Comparando SUNAT con BD
2022-12-21 13:19:45,271 INFO : PL20526138172 actualizado
2022-12-21 13:19:45,277 DEBUG: Validacion finalizada
2022-12-21 13:19:45,278 DEBUG: Iniciando validacion
2022-12-21 13:19:45,279 DEBUG: Revisando en BD RUC: 20602255612
2022-12-21 13:19:45,362 DEBUG: Revisando ruc: 20602255612
2022-12-21 13:19:45,551 DEBUG: Comparando SUNAT con BD
2022-12-21 13:19:47,334 INFO : PL20602255612 actualizado
2022-12-21 13:19:47,340 DEBUG: Validacion finalizada
2022-12-21 13:19:47,341 DEBUG: Iniciando validacion
2022-12-21 13:19:47,343 DEBUG: Revisando en BD RUC: 20525397816
2022-12-21 13:19:47,425 DEBUG: Revisando ruc: 20525397816
2022-12-21 13:19:47,625 DEBUG: Comparando SUNAT con BD
2022-12-21 13:19:49,371 INFO : PL20525397816 actualizado
2022-12-21 13:19:49,381 DEBUG: Validacion finalizada
2022-12-21 13:19:49,381 DEBUG: Iniciando validacion
2022-12-21 13:19:49,383 DEBUG: Revisando en BD RUC: 20106897914
2022-12-21 13:19:49,439 DEBUG: Revisando ruc: 20106897914
2022-12-21 13:19:49,455 DEBUG: 20020601
2022-12-21 13:19:49,555 DEBUG: Comparando SUNAT con BD
2022-12-21 13:19:50,704 INFO : PL20106897914 actualizado
2022-12-21 13:19:50,712 DEBUG: Validacion finalizada
2022-12-21 13:19:50,712 DEBUG: Iniciando validacion
2022-12-21 13:19:50,713 DEBUG: Revisando en BD RUC: 20604872368
2022-12-21 13:19:50,782 DEBUG: Revisando ruc: 20604872368
2022-12-21 13:19:50,903 DEBUG: Comparando SUNAT con BD
2022-12-21 13:19:52,364 INFO : PL20604872368 actualizado
2022-12-21 13:19:52,373 DEBUG: Validacion finalizada
2022-12-21 13:19:52,374 DEBUG: Iniciando validacion
2022-12-21 13:19:52,374 DEBUG: Revisando en BD RUC: 20602717187
2022-12-21 13:19:52,436 DEBUG: Revisando ruc: 20602717187
2022-12-21 13:19:52,547 DEBUG: Comparando SUNAT con BD
2022-12-21 13:19:54,069 INFO : PL20602717187 actualizado
2022-12-21 13:19:54,075 DEBUG: Validacion finalizada
2022-12-21 13:19:54,076 DEBUG: Iniciando validacion
2022-12-21 13:19:54,076 DEBUG: Revisando en BD RUC: 20609574667
2022-12-21 13:19:54,179 DEBUG: Revisando ruc: 20609574667
2022-12-21 13:19:54,309 DEBUG: Comparando SUNAT con BD
2022-12-21 13:19:55,435 INFO : PL20609574667 actualizado
2022-12-21 13:19:55,442 DEBUG: Validacion finalizada
2022-12-21 13:19:55,444 DEBUG: Iniciando validacion
2022-12-21 13:19:55,446 DEBUG: Revisando en BD RUC: 20604665664
2022-12-21 13:19:55,519 DEBUG: Revisando ruc: 20604665664
2022-12-21 13:19:55,647 DEBUG: Comparando SUNAT con BD
2022-12-21 13:19:57,152 INFO : PL20604665664 actualizado
2022-12-21 13:19:57,163 DEBUG: Validacion finalizada
2022-12-21 13:19:57,164 INFO : Resultado: 10 correctos, 0 errores, 0 inválidos, 10 Socios Procesados -  Total Acumulado: 276
2022-12-21 13:19:57,164 INFO : RUC del 301 al 310
2022-12-21 13:19:59,072 DEBUG: Iniciando validacion
2022-12-21 13:19:59,073 DEBUG: Revisando en BD RUC: 20488142802
2022-12-21 13:19:59,130 DEBUG: Revisando ruc: 20488142802
2022-12-21 13:19:59,249 DEBUG: Comparando SUNAT con BD
2022-12-21 13:20:00,522 INFO : PL20488142802 actualizado
2022-12-21 13:20:00,528 DEBUG: Validacion finalizada
2022-12-21 13:20:00,529 DEBUG: Iniciando validacion
2022-12-21 13:20:00,531 DEBUG: Revisando en BD RUC: 20539830733
2022-12-21 13:20:00,591 DEBUG: Revisando ruc: 20539830733
2022-12-21 13:20:00,718 DEBUG: Comparando SUNAT con BD
2022-12-21 13:20:02,026 INFO : PL20539830733 actualizado
2022-12-21 13:20:02,035 DEBUG: Validacion finalizada
2022-12-21 13:20:02,036 DEBUG: Iniciando validacion
2022-12-21 13:20:02,038 DEBUG: Revisando en BD RUC: 10410559701
2022-12-21 13:20:02,098 DEBUG: Revisando ruc: 10410559701
2022-12-21 13:20:02,198 DEBUG: Comparando SUNAT con BD
2022-12-21 13:20:03,850 INFO : PL10410559701 actualizado
2022-12-21 13:20:03,860 DEBUG: Validacion finalizada
2022-12-21 13:20:03,861 DEBUG: Iniciando validacion
2022-12-21 13:20:03,863 DEBUG: Revisando en BD RUC: 20225116459
2022-12-21 13:20:03,925 DEBUG: Revisando ruc: 20225116459
2022-12-21 13:20:04,041 DEBUG: Comparando SUNAT con BD
2022-12-21 13:20:05,207 INFO : PL20225116459 actualizado
2022-12-21 13:20:05,213 DEBUG: Validacion finalizada
2022-12-21 13:20:05,213 DEBUG: Iniciando validacion
2022-12-21 13:20:05,215 DEBUG: Revisando en BD RUC: 20504645984
2022-12-21 13:20:05,279 DEBUG: Revisando ruc: 20504645984
2022-12-21 13:20:05,297 DEBUG: 20150201
2022-12-21 13:20:05,396 DEBUG: Comparando SUNAT con BD
2022-12-21 13:20:06,712 INFO : PL20504645984 actualizado
2022-12-21 13:20:06,718 DEBUG: Validacion finalizada
2022-12-21 13:20:06,718 DEBUG: Iniciando validacion
2022-12-21 13:20:06,719 DEBUG: Revisando en BD RUC: 20600652614
2022-12-21 13:20:06,779 DEBUG: Revisando ruc: 20600652614
2022-12-21 13:20:06,901 DEBUG: Comparando SUNAT con BD
2022-12-21 13:20:08,231 INFO : PL20600652614 actualizado
2022-12-21 13:20:08,241 DEBUG: Validacion finalizada
2022-12-21 13:20:08,242 DEBUG: Iniciando validacion
2022-12-21 13:20:08,242 DEBUG: Revisando en BD RUC: 20418933381
2022-12-21 13:20:08,314 DEBUG: Revisando ruc: 20418933381
2022-12-21 13:20:08,468 DEBUG: Comparando SUNAT con BD
2022-12-21 13:20:09,712 INFO : PL20418933381 actualizado
2022-12-21 13:20:09,720 DEBUG: Validacion finalizada
2022-12-21 13:20:09,721 DEBUG: Iniciando validacion
2022-12-21 13:20:09,722 DEBUG: Revisando en BD RUC: 20526566301
2022-12-21 13:20:09,784 DEBUG: Revisando ruc: 20526566301
2022-12-21 13:20:09,899 DEBUG: Comparando SUNAT con BD
2022-12-21 13:20:11,207 INFO : PL20526566301 actualizado
2022-12-21 13:20:11,212 DEBUG: Validacion finalizada
2022-12-21 13:20:11,213 DEBUG: Iniciando validacion
2022-12-21 13:20:11,213 DEBUG: Revisando en BD RUC: 10758137151
2022-12-21 13:20:11,283 DEBUG: Revisando ruc: 10758137151
2022-12-21 13:20:11,374 DEBUG: Comparando SUNAT con BD
2022-12-21 13:20:12,272 ERROR: Error al actualizar: CardCode-PL10758137151 - -1116: (2) bpvs:LC12 - Si se trata de una Persona Natural con RUC sin Negocio, en la pestaña de Finanzas debe colocar el tipo de impuesto "Extranjero"
2022-12-21 13:20:12,281 DEBUG: Validacion finalizada
2022-12-21 13:20:12,281 DEBUG: Iniciando validacion
2022-12-21 13:20:12,283 DEBUG: Revisando en BD RUC: 20510910517
2022-12-21 13:20:12,349 DEBUG: Revisando ruc: 20510910517
2022-12-21 13:20:12,480 DEBUG: Comparando SUNAT con BD
2022-12-21 13:20:13,933 INFO : PL20510910517 actualizado
2022-12-21 13:20:13,942 DEBUG: Validacion finalizada
2022-12-21 13:20:13,943 INFO : Resultado: 9 correctos, 1 errores, 0 inválidos, 9 Socios Procesados -  Total Acumulado: 285
2022-12-21 13:20:13,945 INFO : RUC del 311 al 320
2022-12-21 13:20:15,547 DEBUG: Iniciando validacion
2022-12-21 13:20:15,550 DEBUG: Revisando en BD RUC: 20605114734
2022-12-21 13:20:15,605 DEBUG: Revisando ruc: 20605114734
2022-12-21 13:20:15,731 DEBUG: Comparando SUNAT con BD
2022-12-21 13:20:17,206 INFO : PL20605114734 actualizado
2022-12-21 13:20:17,213 DEBUG: Validacion finalizada
2022-12-21 13:20:17,214 DEBUG: Iniciando validacion
2022-12-21 13:20:17,215 DEBUG: Revisando en BD RUC: 20530167071
2022-12-21 13:20:17,288 DEBUG: Revisando ruc: 20530167071
2022-12-21 13:20:17,420 DEBUG: Comparando SUNAT con BD
2022-12-21 13:20:18,941 INFO : PL20530167071 actualizado
2022-12-21 13:20:18,947 DEBUG: Validacion finalizada
2022-12-21 13:20:18,948 DEBUG: Iniciando validacion
2022-12-21 13:20:18,951 DEBUG: Revisando en BD RUC: 20335020872
2022-12-21 13:20:19,022 DEBUG: Revisando ruc: 20335020872
2022-12-21 13:20:19,049 DEBUG: 20170201
2022-12-21 13:20:19,050 DEBUG: 20020601
2022-12-21 13:20:19,145 DEBUG: Comparando SUNAT con BD
2022-12-21 13:20:20,372 INFO : PL20335020872 actualizado
2022-12-21 13:20:20,377 DEBUG: Validacion finalizada
2022-12-21 13:20:20,378 DEBUG: Iniciando validacion
2022-12-21 13:20:20,378 DEBUG: Revisando en BD RUC: 20100227461
2022-12-21 13:20:20,438 DEBUG: Revisando ruc: 20100227461
2022-12-21 13:20:20,454 DEBUG: 20020601
2022-12-21 13:20:20,553 DEBUG: Comparando SUNAT con BD
2022-12-21 13:20:21,575 INFO : PL20100227461 actualizado
2022-12-21 13:20:21,581 DEBUG: Validacion finalizada
2022-12-21 13:20:21,582 DEBUG: Iniciando validacion
2022-12-21 13:20:21,583 DEBUG: Revisando en BD RUC: 10095386828
2022-12-21 13:20:21,643 DEBUG: Revisando ruc: 10095386828
2022-12-21 13:20:21,737 DEBUG: Comparando SUNAT con BD
2022-12-21 13:20:22,605 ERROR: Error al actualizar: CardCode-PL10095386828 - -1116: (2) bpvs:LC12 - Si se trata de una Persona Natural con RUC sin Negocio, en la pestaña de Finanzas debe colocar el tipo de impuesto "Extranjero"
2022-12-21 13:20:22,612 DEBUG: Validacion finalizada
2022-12-21 13:20:22,613 DEBUG: Iniciando validacion
2022-12-21 13:20:22,614 DEBUG: Revisando en BD RUC: 20602798802
2022-12-21 13:20:22,670 DEBUG: Revisando ruc: 20602798802
2022-12-21 13:20:22,803 DEBUG: Comparando SUNAT con BD
2022-12-21 13:20:24,085 INFO : PL20602798802 actualizado
2022-12-21 13:20:24,099 DEBUG: Validacion finalizada
2022-12-21 13:20:24,100 DEBUG: Iniciando validacion
2022-12-21 13:20:24,101 DEBUG: Revisando en BD RUC: 20606020598
2022-12-21 13:20:24,155 DEBUG: Revisando ruc: 20606020598
2022-12-21 13:20:24,277 DEBUG: Comparando SUNAT con BD
2022-12-21 13:20:25,603 INFO : PL20606020598 actualizado
2022-12-21 13:20:25,611 DEBUG: Validacion finalizada
2022-12-21 13:20:25,611 DEBUG: Iniciando validacion
2022-12-21 13:20:25,612 DEBUG: Revisando en BD RUC: 20530184596
2022-12-21 13:20:25,682 DEBUG: Revisando ruc: 20530184596
2022-12-21 13:20:25,705 DEBUG: 20150701
2022-12-21 13:20:25,803 DEBUG: Comparando SUNAT con BD
2022-12-21 13:20:26,791 INFO : CL20530184596 actualizado
2022-12-21 13:20:26,818 DEBUG: Revisando ruc: 20530184596
2022-12-21 13:20:26,846 DEBUG: 20150701
2022-12-21 13:20:26,951 DEBUG: Comparando SUNAT con BD
2022-12-21 13:20:28,074 INFO : PL20530184596 actualizado
2022-12-21 13:20:28,081 DEBUG: Validacion finalizada
2022-12-21 13:20:28,082 DEBUG: Iniciando validacion
2022-12-21 13:20:28,083 DEBUG: Revisando en BD RUC: 20514746355
2022-12-21 13:20:28,140 DEBUG: Revisando ruc: 20514746355
2022-12-21 13:20:28,266 DEBUG: Comparando SUNAT con BD
2022-12-21 13:20:29,675 INFO : PL20514746355 actualizado
2022-12-21 13:20:29,682 DEBUG: Validacion finalizada
2022-12-21 13:20:29,683 DEBUG: Iniciando validacion
2022-12-21 13:20:29,683 DEBUG: Revisando en BD RUC: 10082386039
2022-12-21 13:20:29,753 DEBUG: Revisando ruc: 10082386039
2022-12-21 13:20:29,762 DEBUG: 20170901
2022-12-21 13:20:29,846 DEBUG: Comparando SUNAT con BD
2022-12-21 13:20:30,549 ERROR: Error al actualizar: CardCode-PL10082386039 - -1116: (2) bpvs:LC12 - Si se trata de una Persona Natural con RUC sin Negocio, en la pestaña de Finanzas debe colocar el tipo de impuesto "Extranjero"
2022-12-21 13:20:30,556 DEBUG: Validacion finalizada
2022-12-21 13:20:30,557 INFO : Resultado: 8 correctos, 2 errores, 0 inválidos, 9 Socios Procesados -  Total Acumulado: 294
2022-12-21 13:20:30,557 INFO : RUC del 321 al 330
2022-12-21 13:20:32,207 DEBUG: Iniciando validacion
2022-12-21 13:20:32,207 DEBUG: Revisando en BD RUC: 10420897761
2022-12-21 13:20:32,263 DEBUG: Revisando ruc: 10420897761
2022-12-21 13:20:32,348 DEBUG: Comparando SUNAT con BD
2022-12-21 13:20:33,477 INFO : PL10420897761 actualizado
2022-12-21 13:20:33,484 DEBUG: Validacion finalizada
2022-12-21 13:20:33,485 DEBUG: Iniciando validacion
2022-12-21 13:20:33,485 DEBUG: Revisando en BD RUC: 20606994185
2022-12-21 13:20:33,553 DEBUG: Revisando ruc: 20606994185
2022-12-21 13:20:33,700 DEBUG: Comparando SUNAT con BD
2022-12-21 13:20:34,963 INFO : PL20606994185 actualizado
2022-12-21 13:20:34,970 DEBUG: Validacion finalizada
2022-12-21 13:20:34,970 DEBUG: Iniciando validacion
2022-12-21 13:20:34,971 DEBUG: Revisando en BD RUC: 20603730501
2022-12-21 13:20:35,034 DEBUG: Revisando ruc: 20603730501
2022-12-21 13:20:35,144 DEBUG: Comparando SUNAT con BD
2022-12-21 13:20:36,607 INFO : PL20603730501 actualizado
2022-12-21 13:20:36,618 DEBUG: Validacion finalizada
2022-12-21 13:20:36,618 DEBUG: Iniciando validacion
2022-12-21 13:20:36,619 DEBUG: Revisando en BD RUC: 20467534026
2022-12-21 13:20:36,671 DEBUG: Revisando ruc: 20467534026
2022-12-21 13:20:36,693 DEBUG: 20020601
2022-12-21 13:20:36,779 DEBUG: Comparando SUNAT con BD
2022-12-21 13:20:37,707 ERROR: Error al actualizar: CardCode-PL20467534026 - -1116: (2) bpvs:LC20 - En la pestaña Direcciones, debe llenar los campos "Calle/Número", "Distrito", "Ciudad", "Departamento" de todas las direcciones
2022-12-21 13:20:37,732 DEBUG: Revisando ruc: 20467534026
2022-12-21 13:20:37,752 DEBUG: 20020601
2022-12-21 13:20:37,841 DEBUG: Comparando SUNAT con BD
2022-12-21 13:20:38,847 INFO : CL20467534026 actualizado
2022-12-21 13:20:38,852 DEBUG: Validacion finalizada
2022-12-21 13:20:38,853 DEBUG: Iniciando validacion
2022-12-21 13:20:38,854 DEBUG: Revisando en BD RUC: 20100089051
2022-12-21 13:20:38,919 DEBUG: Revisando ruc: 20100089051
2022-12-21 13:20:38,940 DEBUG: 20020601
2022-12-21 13:20:39,033 DEBUG: Comparando SUNAT con BD
2022-12-21 13:20:40,036 INFO : PL20100089051 actualizado
2022-12-21 13:20:40,044 DEBUG: Validacion finalizada
2022-12-21 13:20:40,045 DEBUG: Iniciando validacion
2022-12-21 13:20:40,046 DEBUG: Revisando en BD RUC: 20518364481
2022-12-21 13:20:40,117 DEBUG: Revisando ruc: 20518364481
2022-12-21 13:20:40,276 DEBUG: Comparando SUNAT con BD
2022-12-21 13:20:41,781 INFO : PL20518364481 actualizado
2022-12-21 13:20:41,788 DEBUG: Validacion finalizada
2022-12-21 13:20:41,788 DEBUG: Iniciando validacion
2022-12-21 13:20:41,789 DEBUG: Revisando en BD RUC: 20607134953
2022-12-21 13:20:41,847 DEBUG: Revisando ruc: 20607134953
2022-12-21 13:20:41,953 DEBUG: Comparando SUNAT con BD
2022-12-21 13:20:43,146 INFO : PL20607134953 actualizado
2022-12-21 13:20:43,152 DEBUG: Validacion finalizada
2022-12-21 13:20:43,152 DEBUG: Iniciando validacion
2022-12-21 13:20:43,153 DEBUG: Revisando en BD RUC: 20601254175
2022-12-21 13:20:43,221 DEBUG: Revisando ruc: 20601254175
2022-12-21 13:20:43,337 DEBUG: Comparando SUNAT con BD
2022-12-21 13:20:44,698 INFO : PL20601254175 actualizado
2022-12-21 13:20:44,712 DEBUG: Validacion finalizada
2022-12-21 13:20:44,712 DEBUG: Iniciando validacion
2022-12-21 13:20:44,713 DEBUG: Revisando en BD RUC: 20136890329
2022-12-21 13:20:44,778 DEBUG: Revisando ruc: 20136890329
2022-12-21 13:20:44,800 DEBUG: 20160201
2022-12-21 13:20:44,899 DEBUG: Comparando SUNAT con BD
2022-12-21 13:20:45,753 ERROR: Error al actualizar: CardCode-PL20136890329 - -1116: (2) bpvs:LC20 - En la pestaña Direcciones, debe llenar los campos "Calle/Número", "Distrito", "Ciudad", "Departamento" de todas las direcciones
2022-12-21 13:20:45,761 DEBUG: Validacion finalizada
2022-12-21 13:20:45,762 DEBUG: Iniciando validacion
2022-12-21 13:20:45,762 DEBUG: Revisando en BD RUC: 10081919149
2022-12-21 13:20:45,829 DEBUG: Revisando ruc: 10081919149
2022-12-21 13:20:45,910 DEBUG: Comparando SUNAT con BD
2022-12-21 13:20:46,848 ERROR: Error al actualizar: CardCode-PL10081919149 - -1116: (2) bpvs:LC12 - Si se trata de una Persona Natural con RUC sin Negocio, en la pestaña de Finanzas debe colocar el tipo de impuesto "Extranjero"
2022-12-21 13:20:46,857 DEBUG: Validacion finalizada
2022-12-21 13:20:46,858 INFO : Resultado: 7 correctos, 3 errores, 0 inválidos, 8 Socios Procesados -  Total Acumulado: 302
2022-12-21 13:20:46,859 INFO : RUC del 331 al 340
2022-12-21 13:20:48,125 DEBUG: Iniciando validacion
2022-12-21 13:20:48,126 DEBUG: Revisando en BD RUC: 10082112362
2022-12-21 13:20:48,182 DEBUG: Revisando ruc: 10082112362
2022-12-21 13:20:48,267 DEBUG: Comparando SUNAT con BD
2022-12-21 13:20:49,181 ERROR: Error al actualizar: CardCode-PL10082112362 - -1116: (2) bpvs:LC18 - Debe registrar por lo menos una dirección de almacén
2022-12-21 13:20:49,190 DEBUG: Validacion finalizada
2022-12-21 13:20:49,190 DEBUG: Iniciando validacion
2022-12-21 13:20:49,191 DEBUG: Revisando en BD RUC: 20100000688
2022-12-21 13:20:49,259 DEBUG: Revisando ruc: 20100000688
2022-12-21 13:20:49,382 DEBUG: Comparando SUNAT con BD
2022-12-21 13:20:50,591 INFO : PL20100000688 actualizado
2022-12-21 13:20:50,601 DEBUG: Validacion finalizada
2022-12-21 13:20:50,602 DEBUG: Iniciando validacion
2022-12-21 13:20:50,603 DEBUG: Revisando en BD RUC: 20529754419
2022-12-21 13:20:50,664 DEBUG: Revisando ruc: 20529754419
2022-12-21 13:20:50,798 DEBUG: Comparando SUNAT con BD
2022-12-21 13:20:51,771 INFO : PL20529754419 actualizado
2022-12-21 13:20:51,784 DEBUG: Validacion finalizada
2022-12-21 13:20:51,785 DEBUG: Iniciando validacion
2022-12-21 13:20:51,785 DEBUG: Revisando en BD RUC: 20484164208
2022-12-21 13:20:51,854 DEBUG: Revisando ruc: 20484164208
2022-12-21 13:20:51,973 DEBUG: Comparando SUNAT con BD
2022-12-21 13:20:52,957 INFO : PL20484164208 actualizado
2022-12-21 13:20:52,966 DEBUG: Validacion finalizada
2022-12-21 13:20:52,966 DEBUG: Iniciando validacion
2022-12-21 13:20:52,967 DEBUG: Revisando en BD RUC: 10420049388
2022-12-21 13:20:53,033 DEBUG: Revisando ruc: 10420049388
2022-12-21 13:20:53,126 DEBUG: Comparando SUNAT con BD
2022-12-21 13:20:53,941 ERROR: Error al actualizar: CardCode-PL10420049388 - -1116: (2) bpvs:LC18 - Debe registrar por lo menos una dirección de almacén
2022-12-21 13:20:53,949 DEBUG: Validacion finalizada
2022-12-21 13:20:53,951 DEBUG: Iniciando validacion
2022-12-21 13:20:53,954 DEBUG: Revisando en BD RUC: 10421149068
2022-12-21 13:20:54,019 DEBUG: Revisando ruc: 10421149068
2022-12-21 13:20:54,142 DEBUG: Comparando SUNAT con BD
2022-12-21 13:20:55,072 ERROR: Error al actualizar: CardCode-PL10421149068 - -1116: (2) bpvs:LC12 - Si se trata de una Persona Natural con RUC sin Negocio, en la pestaña de Finanzas debe colocar el tipo de impuesto "Extranjero"
2022-12-21 13:20:55,080 DEBUG: Validacion finalizada
2022-12-21 13:20:55,081 DEBUG: Iniciando validacion
2022-12-21 13:20:55,082 DEBUG: Revisando en BD RUC: 10421451309
2022-12-21 13:20:55,143 DEBUG: Revisando ruc: 10421451309
2022-12-21 13:20:55,242 DEBUG: Comparando SUNAT con BD
2022-12-21 13:20:55,917 ERROR: Error al actualizar: CardCode-PL10421451309 - -1116: (2) bpvs:LC12 - Si se trata de una Persona Natural con RUC sin Negocio, en la pestaña de Finanzas debe colocar el tipo de impuesto "Extranjero"
2022-12-21 13:20:55,926 DEBUG: Validacion finalizada
2022-12-21 13:20:55,926 DEBUG: Iniciando validacion
2022-12-21 13:20:55,927 DEBUG: Revisando en BD RUC: 10421753135
2022-12-21 13:20:56,110 DEBUG: Revisando ruc: 10421753135
2022-12-21 13:20:56,209 DEBUG: Comparando SUNAT con BD
2022-12-21 13:20:56,976 ERROR: Error al actualizar: CardCode-PL10421753135 - -1116: (2) bpvs:LC18 - Debe registrar por lo menos una dirección de almacén
2022-12-21 13:20:56,984 DEBUG: Validacion finalizada
2022-12-21 13:20:56,985 DEBUG: Iniciando validacion
2022-12-21 13:20:56,985 DEBUG: Revisando en BD RUC: 10420731731
2022-12-21 13:20:57,053 DEBUG: Revisando ruc: 10420731731
2022-12-21 13:20:57,145 DEBUG: Comparando SUNAT con BD
2022-12-21 13:20:58,104 INFO : PL10420731731 actualizado
2022-12-21 13:20:58,109 DEBUG: Validacion finalizada
2022-12-21 13:20:58,110 DEBUG: Iniciando validacion
2022-12-21 13:20:58,111 DEBUG: Revisando en BD RUC: 10420765890
2022-12-21 13:20:58,177 DEBUG: Revisando ruc: 10420765890
2022-12-21 13:20:58,266 DEBUG: Comparando SUNAT con BD
2022-12-21 13:20:59,429 ERROR: Error al actualizar: CardCode-PL10420765890 - -1116: (2) bpvs:FE03 - La dirección de facturación por defecto debe de tener un ubigueo definido.
2022-12-21 13:20:59,440 DEBUG: Validacion finalizada
2022-12-21 13:20:59,441 INFO : Resultado: 4 correctos, 6 errores, 0 inválidos, 4 Socios Procesados -  Total Acumulado: 306
2022-12-21 13:20:59,441 INFO : RUC del 341 al 350
2022-12-21 13:21:00,724 DEBUG: Iniciando validacion
2022-12-21 13:21:00,725 DEBUG: Revisando en BD RUC: 20600229576
2022-12-21 13:21:00,784 DEBUG: Revisando ruc: 20600229576
2022-12-21 13:21:00,924 DEBUG: Comparando SUNAT con BD
2022-12-21 13:21:02,340 INFO : PL20600229576 actualizado
2022-12-21 13:21:02,346 DEBUG: Validacion finalizada
2022-12-21 13:21:02,346 DEBUG: Iniciando validacion
2022-12-21 13:21:02,347 DEBUG: Revisando en BD RUC: 20608878131
2022-12-21 13:21:02,403 DEBUG: Revisando ruc: 20608878131
2022-12-21 13:21:02,518 DEBUG: Comparando SUNAT con BD
2022-12-21 13:21:03,843 INFO : PL20608878131 actualizado
2022-12-21 13:21:03,848 DEBUG: Validacion finalizada
2022-12-21 13:21:03,849 DEBUG: Iniciando validacion
2022-12-21 13:21:03,849 DEBUG: Revisando en BD RUC: 20536537407
2022-12-21 13:21:03,929 DEBUG: Revisando ruc: 20536537407
2022-12-21 13:21:04,058 DEBUG: Comparando SUNAT con BD
2022-12-21 13:21:05,016 INFO : PL20536537407 actualizado
2022-12-21 13:21:05,025 DEBUG: Validacion finalizada
2022-12-21 13:21:05,026 DEBUG: Iniciando validacion
2022-12-21 13:21:05,027 DEBUG: Revisando en BD RUC: 20339899895
2022-12-21 13:21:05,105 DEBUG: Revisando ruc: 20339899895
2022-12-21 13:21:05,229 DEBUG: Comparando SUNAT con BD
2022-12-21 13:21:06,497 INFO : PL20339899895 actualizado
2022-12-21 13:21:06,505 DEBUG: Validacion finalizada
2022-12-21 13:21:06,505 DEBUG: Iniciando validacion
2022-12-21 13:21:06,506 DEBUG: Revisando en BD RUC: 20409281622
2022-12-21 13:21:06,564 DEBUG: Revisando ruc: 20409281622
2022-12-21 13:21:06,682 DEBUG: Comparando SUNAT con BD
2022-12-21 13:21:07,766 INFO : PL20409281622 actualizado
2022-12-21 13:21:07,776 DEBUG: Validacion finalizada
2022-12-21 13:21:07,776 DEBUG: Iniciando validacion
2022-12-21 13:21:07,778 DEBUG: Revisando en BD RUC: 20530172156
2022-12-21 13:21:07,844 DEBUG: Revisando ruc: 20530172156
2022-12-21 13:21:07,964 DEBUG: Comparando SUNAT con BD
2022-12-21 13:21:09,254 INFO : PL20530172156 actualizado
2022-12-21 13:21:09,261 DEBUG: Validacion finalizada
2022-12-21 13:21:09,261 DEBUG: Iniciando validacion
2022-12-21 13:21:09,262 DEBUG: Revisando en BD RUC: 20530121918
2022-12-21 13:21:09,332 DEBUG: Revisando ruc: 20530121918
2022-12-21 13:21:09,441 DEBUG: Comparando SUNAT con BD
2022-12-21 13:21:10,467 INFO : PL20530121918 actualizado
2022-12-21 13:21:10,473 DEBUG: Validacion finalizada
2022-12-21 13:21:10,474 DEBUG: Iniciando validacion
2022-12-21 13:21:10,474 DEBUG: Revisando en BD RUC: 20566156360
2022-12-21 13:21:10,534 DEBUG: Revisando ruc: 20566156360
2022-12-21 13:21:10,650 DEBUG: Comparando SUNAT con BD
2022-12-21 13:21:11,799 INFO : PL20566156360 actualizado
2022-12-21 13:21:11,806 DEBUG: Validacion finalizada
2022-12-21 13:21:11,808 DEBUG: Iniciando validacion
2022-12-21 13:21:11,809 DEBUG: Revisando en BD RUC: 10034731956
2022-12-21 13:21:11,881 DEBUG: Revisando ruc: 10034731956
2022-12-21 13:21:11,963 DEBUG: Comparando SUNAT con BD
2022-12-21 13:21:12,801 ERROR: Error al actualizar: CardCode-PL10034731956 - -1116: (2) bpvs:LC12 - Si se trata de una Persona Natural con RUC sin Negocio, en la pestaña de Finanzas debe colocar el tipo de impuesto "Extranjero"
2022-12-21 13:21:12,811 DEBUG: Validacion finalizada
2022-12-21 13:21:12,811 DEBUG: Iniciando validacion
2022-12-21 13:21:12,813 DEBUG: Revisando en BD RUC: 20480297289
2022-12-21 13:21:12,874 DEBUG: Revisando ruc: 20480297289
2022-12-21 13:21:13,000 DEBUG: Comparando SUNAT con BD
2022-12-21 13:21:13,988 INFO : PL20480297289 actualizado
2022-12-21 13:21:13,994 DEBUG: Validacion finalizada
2022-12-21 13:21:13,995 INFO : Resultado: 9 correctos, 1 errores, 0 inválidos, 9 Socios Procesados -  Total Acumulado: 315
2022-12-21 13:21:13,995 INFO : RUC del 351 al 360
2022-12-21 13:21:15,248 DEBUG: Iniciando validacion
2022-12-21 13:21:15,249 DEBUG: Revisando en BD RUC: 20305765784
2022-12-21 13:21:15,310 DEBUG: Revisando ruc: 20305765784
2022-12-21 13:21:15,451 DEBUG: Comparando SUNAT con BD
2022-12-21 13:21:16,706 INFO : PL20305765784 actualizado
2022-12-21 13:21:16,715 DEBUG: Validacion finalizada
2022-12-21 13:21:16,716 DEBUG: Iniciando validacion
2022-12-21 13:21:16,717 DEBUG: Revisando en BD RUC: 10076170997
2022-12-21 13:21:16,783 DEBUG: Revisando ruc: 10076170997
2022-12-21 13:21:16,867 DEBUG: Comparando SUNAT con BD
2022-12-21 13:21:17,512 ERROR: Error al actualizar: CardCode-PL10076170997 - -1116: (2) bpvs:LC12 - Si se trata de una Persona Natural con RUC sin Negocio, en la pestaña de Finanzas debe colocar el tipo de impuesto "Extranjero"
2022-12-21 13:21:17,520 DEBUG: Validacion finalizada
2022-12-21 13:21:17,521 DEBUG: Iniciando validacion
2022-12-21 13:21:17,521 DEBUG: Revisando en BD RUC: 20538810682
2022-12-21 13:21:17,580 DEBUG: Revisando ruc: 20538810682
2022-12-21 13:21:17,596 DEBUG: 20121101
2022-12-21 13:21:17,693 DEBUG: Comparando SUNAT con BD
2022-12-21 13:21:18,643 INFO : PL20538810682 actualizado
2022-12-21 13:21:18,648 DEBUG: Validacion finalizada
2022-12-21 13:21:18,649 DEBUG: Iniciando validacion
2022-12-21 13:21:18,649 DEBUG: Revisando en BD RUC: 20529720867
2022-12-21 13:21:18,703 DEBUG: Revisando ruc: 20529720867
2022-12-21 13:21:18,822 DEBUG: Comparando SUNAT con BD
2022-12-21 13:21:20,129 INFO : PL20529720867 actualizado
2022-12-21 13:21:20,137 DEBUG: Validacion finalizada
2022-12-21 13:21:20,137 DEBUG: Iniciando validacion
2022-12-21 13:21:20,139 DEBUG: Revisando en BD RUC: 10074762820
2022-12-21 13:21:20,206 DEBUG: Revisando ruc: 10074762820
2022-12-21 13:21:20,294 DEBUG: Comparando SUNAT con BD
2022-12-21 13:21:21,004 ERROR: Error al actualizar: CardCode-PL10074762820 - -1116: (2) bpvs:LC12 - Si se trata de una Persona Natural con RUC sin Negocio, en la pestaña de Finanzas debe colocar el tipo de impuesto "Extranjero"
2022-12-21 13:21:21,012 DEBUG: Validacion finalizada
2022-12-21 13:21:21,013 DEBUG: Iniciando validacion
2022-12-21 13:21:21,016 DEBUG: Revisando en BD RUC: 20555271566
2022-12-21 13:21:21,082 DEBUG: Revisando ruc: 20555271566
2022-12-21 13:21:21,095 DEBUG: 20150701
2022-12-21 13:21:21,096 DEBUG: 20160301
2022-12-21 13:21:21,193 DEBUG: Comparando SUNAT con BD
2022-12-21 13:21:22,230 ERROR: Error al actualizar: CardCode-PL20555271566 - -1116: (2) bpvs:LC20 - En la pestaña Direcciones, debe llenar los campos "Calle/Número", "Distrito", "Ciudad", "Departamento" de todas las direcciones
2022-12-21 13:21:22,240 DEBUG: Validacion finalizada
2022-12-21 13:21:22,241 DEBUG: Iniciando validacion
2022-12-21 13:21:22,242 DEBUG: Revisando en BD RUC: 10074351471
2022-12-21 13:21:22,301 DEBUG: Revisando ruc: 10074351471
2022-12-21 13:21:22,385 DEBUG: Comparando SUNAT con BD
2022-12-21 13:21:23,367 INFO : PL10074351471 actualizado
2022-12-21 13:21:23,374 DEBUG: Validacion finalizada
2022-12-21 13:21:23,375 DEBUG: Iniciando validacion
2022-12-21 13:21:23,375 DEBUG: Revisando en BD RUC: 20601584191
2022-12-21 13:21:23,437 DEBUG: Revisando ruc: 20601584191
2022-12-21 13:21:23,549 DEBUG: Comparando SUNAT con BD
2022-12-21 13:21:24,532 INFO : PL20601584191 actualizado
2022-12-21 13:21:24,539 DEBUG: Validacion finalizada
2022-12-21 13:21:24,540 DEBUG: Iniciando validacion
2022-12-21 13:21:24,542 DEBUG: Revisando en BD RUC: 20419922391
2022-12-21 13:21:24,608 DEBUG: Revisando ruc: 20419922391
2022-12-21 13:21:24,629 DEBUG: 20160901
2022-12-21 13:21:24,630 DEBUG: 20160201
2022-12-21 13:21:24,736 DEBUG: Comparando SUNAT con BD
2022-12-21 13:21:26,030 INFO : PL20419922391 actualizado
2022-12-21 13:21:26,037 DEBUG: Validacion finalizada
2022-12-21 13:21:26,037 DEBUG: Iniciando validacion
2022-12-21 13:21:26,038 DEBUG: Revisando en BD RUC: 10028185354
2022-12-21 13:21:26,100 DEBUG: Revisando ruc: 10028185354
2022-12-21 13:21:26,186 DEBUG: Comparando SUNAT con BD
2022-12-21 13:21:27,620 INFO : PL10028185354 actualizado
2022-12-21 13:21:27,627 DEBUG: Validacion finalizada
2022-12-21 13:21:27,628 INFO : Resultado: 7 correctos, 3 errores, 0 inválidos, 7 Socios Procesados -  Total Acumulado: 322
2022-12-21 13:21:27,629 INFO : RUC del 361 al 370
2022-12-21 13:21:28,913 DEBUG: Iniciando validacion
2022-12-21 13:21:28,914 DEBUG: Revisando en BD RUC: 10078731805
2022-12-21 13:21:28,968 DEBUG: Revisando ruc: 10078731805
2022-12-21 13:21:29,057 DEBUG: Comparando SUNAT con BD
2022-12-21 13:21:29,777 ERROR: Error al actualizar: CardCode-PL10078731805 - -1116: (2) bpvs:LC12 - Si se trata de una Persona Natural con RUC sin Negocio, en la pestaña de Finanzas debe colocar el tipo de impuesto "Extranjero"
2022-12-21 13:21:29,788 DEBUG: Validacion finalizada
2022-12-21 13:21:29,789 DEBUG: Iniciando validacion
2022-12-21 13:21:29,791 DEBUG: Revisando en BD RUC: 10424565119
2022-12-21 13:21:29,886 DEBUG: Revisando ruc: 10424565119
2022-12-21 13:21:29,985 DEBUG: Comparando SUNAT con BD
2022-12-21 13:21:30,814 ERROR: Error al actualizar: CardCode-PL10424565119 - -1116: (2) bpvs:LC12 - Si se trata de una Persona Natural con RUC sin Negocio, en la pestaña de Finanzas debe colocar el tipo de impuesto "Extranjero"
2022-12-21 13:21:30,822 DEBUG: Validacion finalizada
2022-12-21 13:21:30,823 DEBUG: Iniciando validacion
2022-12-21 13:21:30,824 DEBUG: Revisando en BD RUC: 20342210814
2022-12-21 13:21:30,895 DEBUG: Revisando ruc: 20342210814
2022-12-21 13:21:31,014 DEBUG: Comparando SUNAT con BD
2022-12-21 13:21:32,234 INFO : PL20342210814 actualizado
2022-12-21 13:21:32,242 DEBUG: Validacion finalizada
2022-12-21 13:21:32,243 DEBUG: Iniciando validacion
2022-12-21 13:21:32,244 DEBUG: Revisando en BD RUC: 10077976456
2022-12-21 13:21:32,304 DEBUG: Revisando ruc: 10077976456
2022-12-21 13:21:32,398 DEBUG: Comparando SUNAT con BD
2022-12-21 13:21:33,113 ERROR: Error al actualizar: CardCode-PL10077976456 - -1116: (2) bpvs:LC12 - Si se trata de una Persona Natural con RUC sin Negocio, en la pestaña de Finanzas debe colocar el tipo de impuesto "Extranjero"
2022-12-21 13:21:33,120 DEBUG: Validacion finalizada
2022-12-21 13:21:33,121 DEBUG: Iniciando validacion
2022-12-21 13:21:33,122 DEBUG: Revisando en BD RUC: 20100292875
2022-12-21 13:21:33,193 DEBUG: Revisando ruc: 20100292875
2022-12-21 13:21:33,205 DEBUG: 20160901
2022-12-21 13:21:33,205 DEBUG: 20190101
2022-12-21 13:21:33,305 DEBUG: Comparando SUNAT con BD
2022-12-21 13:21:34,629 INFO : PL20100292875 actualizado
2022-12-21 13:21:34,639 DEBUG: Validacion finalizada
2022-12-21 13:21:34,640 DEBUG: Iniciando validacion
2022-12-21 13:21:34,641 DEBUG: Revisando en BD RUC: 20105210338
2022-12-21 13:21:34,703 DEBUG: Revisando ruc: 20105210338
2022-12-21 13:21:34,821 DEBUG: Comparando SUNAT con BD
2022-12-21 13:21:36,243 INFO : PL20105210338 actualizado
2022-12-21 13:21:36,251 DEBUG: Validacion finalizada
2022-12-21 13:21:36,252 DEBUG: Iniciando validacion
2022-12-21 13:21:36,253 DEBUG: Revisando en BD RUC: 20606830191
2022-12-21 13:21:36,311 DEBUG: Revisando ruc: 20606830191
2022-12-21 13:21:36,452 DEBUG: Comparando SUNAT con BD
2022-12-21 13:21:37,936 INFO : PL20606830191 actualizado
2022-12-21 13:21:37,942 DEBUG: Validacion finalizada
2022-12-21 13:21:37,943 DEBUG: Iniciando validacion
2022-12-21 13:21:37,944 DEBUG: Revisando en BD RUC: 20517182673
2022-12-21 13:21:38,000 DEBUG: Revisando ruc: 20517182673
2022-12-21 13:21:38,018 DEBUG: 20190501
2022-12-21 13:21:38,019 DEBUG: 20111201
2022-12-21 13:21:38,112 DEBUG: Comparando SUNAT con BD
2022-12-21 13:21:39,263 INFO : PL20517182673 actualizado
2022-12-21 13:21:39,271 DEBUG: Validacion finalizada
2022-12-21 13:21:39,271 DEBUG: Iniciando validacion
2022-12-21 13:21:39,272 DEBUG: Revisando en BD RUC: 20601394902
2022-12-21 13:21:39,328 DEBUG: Revisando ruc: 20601394902
2022-12-21 13:21:39,450 DEBUG: Comparando SUNAT con BD
2022-12-21 13:21:40,654 INFO : PL20601394902 actualizado
2022-12-21 13:21:40,660 DEBUG: Validacion finalizada
2022-12-21 13:21:40,661 DEBUG: Iniciando validacion
2022-12-21 13:21:40,662 DEBUG: Revisando en BD RUC: 20600087178
2022-12-21 13:21:40,721 DEBUG: Revisando ruc: 20600087178
2022-12-21 13:21:40,865 DEBUG: Comparando SUNAT con BD
2022-12-21 13:21:41,741 ERROR: Error al actualizar: CardCode-PL20600087178 - -1116: (2) bpvs:LC20 - En la pestaña Direcciones, debe llenar los campos "Calle/Número", "Distrito", "Ciudad", "Departamento" de todas las direcciones
2022-12-21 13:21:41,748 DEBUG: Validacion finalizada
2022-12-21 13:21:41,749 INFO : Resultado: 6 correctos, 4 errores, 0 inválidos, 6 Socios Procesados -  Total Acumulado: 328
2022-12-21 13:21:41,751 INFO : RUC del 371 al 380
2022-12-21 13:21:43,558 DEBUG: Iniciando validacion
2022-12-21 13:21:43,558 DEBUG: Revisando en BD RUC: 20601591911
2022-12-21 13:21:43,615 DEBUG: Revisando ruc: 20601591911
2022-12-21 13:21:43,647 DEBUG: 20220201
2022-12-21 13:21:43,741 DEBUG: Comparando SUNAT con BD
2022-12-21 13:21:44,716 INFO : PL20601591911 actualizado
2022-12-21 13:21:44,722 DEBUG: Validacion finalizada
2022-12-21 13:21:44,723 DEBUG: Iniciando validacion
2022-12-21 13:21:44,724 DEBUG: Revisando en BD RUC: 10033677559
2022-12-21 13:21:44,783 DEBUG: Revisando ruc: 10033677559
2022-12-21 13:21:44,869 DEBUG: Comparando SUNAT con BD
2022-12-21 13:21:45,977 INFO : PL10033677559 actualizado
2022-12-21 13:21:45,983 DEBUG: Validacion finalizada
2022-12-21 13:21:45,984 DEBUG: Iniciando validacion
2022-12-21 13:21:45,985 DEBUG: Revisando en BD RUC: 20526445008
2022-12-21 13:21:46,049 DEBUG: Revisando ruc: 20526445008
2022-12-21 13:21:46,170 DEBUG: Comparando SUNAT con BD
2022-12-21 13:21:47,194 INFO : PL20526445008 actualizado
2022-12-21 13:21:47,202 DEBUG: Validacion finalizada
2022-12-21 13:21:47,202 DEBUG: Iniciando validacion
2022-12-21 13:21:47,203 DEBUG: Revisando en BD RUC: 20525852874
2022-12-21 13:21:47,266 DEBUG: Revisando ruc: 20525852874
2022-12-21 13:21:47,384 DEBUG: Comparando SUNAT con BD
2022-12-21 13:21:48,365 INFO : PL20525852874 actualizado
2022-12-21 13:21:48,373 DEBUG: Validacion finalizada
2022-12-21 13:21:48,375 DEBUG: Iniciando validacion
2022-12-21 13:21:48,375 DEBUG: Revisando en BD RUC: 20602691862
2022-12-21 13:21:48,441 DEBUG: Revisando ruc: 20602691862
2022-12-21 13:21:48,562 DEBUG: Comparando SUNAT con BD
2022-12-21 13:21:49,665 INFO : PL20602691862 actualizado
2022-12-21 13:21:49,671 DEBUG: Validacion finalizada
2022-12-21 13:21:49,671 DEBUG: Iniciando validacion
2022-12-21 13:21:49,674 DEBUG: Revisando en BD RUC: 20602814255
2022-12-21 13:21:49,745 DEBUG: Revisando ruc: 20602814255
2022-12-21 13:21:49,871 DEBUG: Comparando SUNAT con BD
2022-12-21 13:21:51,182 INFO : PL20602814255 actualizado
2022-12-21 13:21:51,188 DEBUG: Validacion finalizada
2022-12-21 13:21:51,188 DEBUG: Iniciando validacion
2022-12-21 13:21:51,189 DEBUG: Revisando en BD RUC: 20100083362
2022-12-21 13:21:51,249 DEBUG: Revisando ruc: 20100083362
2022-12-21 13:21:51,272 DEBUG: 20020601
2022-12-21 13:21:51,361 DEBUG: Comparando SUNAT con BD
2022-12-21 13:21:52,416 INFO : PL20100083362 actualizado
2022-12-21 13:21:52,423 DEBUG: Validacion finalizada
2022-12-21 13:21:52,423 DEBUG: Iniciando validacion
2022-12-21 13:21:52,424 DEBUG: Revisando en BD RUC: 20507281967
2022-12-21 13:21:52,495 DEBUG: Revisando ruc: 20507281967
2022-12-21 13:21:52,615 DEBUG: Comparando SUNAT con BD
2022-12-21 13:21:53,517 INFO : PL20507281967 actualizado
2022-12-21 13:21:53,528 DEBUG: Validacion finalizada
2022-12-21 13:21:53,528 DEBUG: Iniciando validacion
2022-12-21 13:21:53,529 DEBUG: Revisando en BD RUC: 20605860053
2022-12-21 13:21:53,606 DEBUG: Revisando ruc: 20605860053
2022-12-21 13:21:53,628 DEBUG: 20220201
2022-12-21 13:21:53,741 DEBUG: Comparando SUNAT con BD
2022-12-21 13:21:54,820 INFO : PL20605860053 actualizado
2022-12-21 13:21:54,834 DEBUG: Validacion finalizada
2022-12-21 13:21:54,834 DEBUG: Iniciando validacion
2022-12-21 13:21:54,835 DEBUG: Revisando en BD RUC: 20547579721
2022-12-21 13:21:54,889 DEBUG: Revisando ruc: 20547579721
2022-12-21 13:21:55,014 DEBUG: Comparando SUNAT con BD
2022-12-21 13:21:56,167 INFO : PL20547579721 actualizado
2022-12-21 13:21:56,175 DEBUG: Validacion finalizada
2022-12-21 13:21:56,176 INFO : Resultado: 10 correctos, 0 errores, 0 inválidos, 10 Socios Procesados -  Total Acumulado: 338
2022-12-21 13:21:56,176 INFO : RUC del 381 al 390
2022-12-21 13:21:57,517 DEBUG: Iniciando validacion
2022-12-21 13:21:57,517 DEBUG: Revisando en BD RUC: 10402646034
2022-12-21 13:21:57,570 DEBUG: Revisando ruc: 10402646034
2022-12-21 13:21:57,658 DEBUG: Comparando SUNAT con BD
2022-12-21 13:21:58,329 ERROR: Error al actualizar: CardCode-PL10402646034 - -1116: (2) bpvs:LC12 - Si se trata de una Persona Natural con RUC sin Negocio, en la pestaña de Finanzas debe colocar el tipo de impuesto "Extranjero"
2022-12-21 13:21:58,340 DEBUG: Validacion finalizada
2022-12-21 13:21:58,340 DEBUG: Iniciando validacion
2022-12-21 13:21:58,342 DEBUG: Revisando en BD RUC: 20510407670
2022-12-21 13:21:58,407 DEBUG: Revisando ruc: 20510407670
2022-12-21 13:21:58,424 DEBUG: 20121101
2022-12-21 13:21:58,524 DEBUG: Comparando SUNAT con BD
2022-12-21 13:21:59,478 INFO : PL20510407670 actualizado
2022-12-21 13:21:59,486 DEBUG: Validacion finalizada
2022-12-21 13:21:59,486 DEBUG: Iniciando validacion
2022-12-21 13:21:59,487 DEBUG: Revisando en BD RUC: 20602925995
2022-12-21 13:21:59,551 DEBUG: Revisando ruc: 20602925995
2022-12-21 13:21:59,657 DEBUG: Comparando SUNAT con BD
2022-12-21 13:22:00,624 INFO : PL20602925995 actualizado
2022-12-21 13:22:00,631 DEBUG: Validacion finalizada
2022-12-21 13:22:00,632 DEBUG: Iniciando validacion
2022-12-21 13:22:00,632 DEBUG: Revisando en BD RUC: 20512220755
2022-12-21 13:22:00,691 DEBUG: Revisando ruc: 20512220755
2022-12-21 13:22:00,709 DEBUG: 20180901
2022-12-21 13:22:00,709 DEBUG: 20130701
2022-12-21 13:22:00,806 DEBUG: Comparando SUNAT con BD
2022-12-21 13:22:01,773 INFO : PL20512220755 actualizado
2022-12-21 13:22:01,782 DEBUG: Validacion finalizada
2022-12-21 13:22:01,782 DEBUG: Iniciando validacion
2022-12-21 13:22:01,783 DEBUG: Revisando en BD RUC: 20502900936
2022-12-21 13:22:01,851 DEBUG: Revisando ruc: 20502900936
2022-12-21 13:22:01,879 DEBUG: 20160201
2022-12-21 13:22:01,974 DEBUG: Comparando SUNAT con BD
2022-12-21 13:22:03,455 INFO : PL20502900936 actualizado
2022-12-21 13:22:03,469 DEBUG: Validacion finalizada
2022-12-21 13:22:03,470 DEBUG: Iniciando validacion
2022-12-21 13:22:03,471 DEBUG: Revisando en BD RUC: 20600174399
2022-12-21 13:22:03,541 DEBUG: Revisando ruc: 20600174399
2022-12-21 13:22:03,665 DEBUG: Comparando SUNAT con BD
2022-12-21 13:22:04,666 INFO : PL20600174399 actualizado
2022-12-21 13:22:04,677 DEBUG: Validacion finalizada
2022-12-21 13:22:04,677 DEBUG: Iniciando validacion
2022-12-21 13:22:04,679 DEBUG: Revisando en BD RUC: 20286616225
2022-12-21 13:22:04,748 DEBUG: Revisando ruc: 20286616225
2022-12-21 13:22:04,805 DEBUG: 20180901
2022-12-21 13:22:04,902 DEBUG: Comparando SUNAT con BD
2022-12-21 13:22:06,213 INFO : PL20286616225 actualizado
2022-12-21 13:22:06,223 DEBUG: Validacion finalizada
2022-12-21 13:22:06,223 DEBUG: Iniciando validacion
2022-12-21 13:22:06,225 DEBUG: Revisando en BD RUC: 10451363277
2022-12-21 13:22:06,286 DEBUG: Revisando ruc: 10451363277
2022-12-21 13:22:06,399 DEBUG: Comparando SUNAT con BD
2022-12-21 13:22:07,829 INFO : PL10451363277 actualizado
2022-12-21 13:22:07,839 DEBUG: Validacion finalizada
2022-12-21 13:22:07,840 DEBUG: Iniciando validacion
2022-12-21 13:22:07,843 DEBUG: Revisando en BD RUC: 20526081804
2022-12-21 13:22:07,910 DEBUG: Revisando ruc: 20526081804
2022-12-21 13:22:08,024 DEBUG: Comparando SUNAT con BD
2022-12-21 13:22:09,012 INFO : PL20526081804 actualizado
2022-12-21 13:22:09,022 DEBUG: Validacion finalizada
2022-12-21 13:22:09,024 DEBUG: Iniciando validacion
2022-12-21 13:22:09,025 DEBUG: Revisando en BD RUC: 20100141583
2022-12-21 13:22:09,088 DEBUG: Revisando ruc: 20100141583
2022-12-21 13:22:09,117 DEBUG: 20020601
2022-12-21 13:22:09,227 DEBUG: Comparando SUNAT con BD
2022-12-21 13:22:10,322 ERROR: Error al actualizar: CardCode-PL20100141583 - -1116: (2) bpvs:LC20 - En la pestaña Direcciones, debe llenar los campos "Calle/Número", "Distrito", "Ciudad", "Departamento" de todas las direcciones
2022-12-21 13:22:10,335 DEBUG: Validacion finalizada
2022-12-21 13:22:10,336 INFO : Resultado: 8 correctos, 2 errores, 0 inválidos, 8 Socios Procesados -  Total Acumulado: 346
2022-12-21 13:22:10,336 INFO : RUC del 391 al 400
2022-12-21 13:22:11,981 DEBUG: Iniciando validacion
2022-12-21 13:22:11,981 DEBUG: Revisando en BD RUC: 20600826574
2022-12-21 13:22:12,046 DEBUG: Revisando ruc: 20600826574
2022-12-21 13:22:12,181 DEBUG: Comparando SUNAT con BD
2022-12-21 13:22:13,446 INFO : PL20600826574 actualizado
2022-12-21 13:22:13,453 DEBUG: Validacion finalizada
2022-12-21 13:22:13,454 DEBUG: Iniciando validacion
2022-12-21 13:22:13,462 DEBUG: Revisando en BD RUC: 20102424523
2022-12-21 13:22:13,517 DEBUG: Revisando ruc: 20102424523
2022-12-21 13:22:13,638 DEBUG: Comparando SUNAT con BD
2022-12-21 13:22:14,682 INFO : PL20102424523 actualizado
2022-12-21 13:22:14,688 DEBUG: Validacion finalizada
2022-12-21 13:22:14,689 DEBUG: Iniciando validacion
2022-12-21 13:22:14,690 DEBUG: Revisando en BD RUC: 20529911298
2022-12-21 13:22:14,759 DEBUG: Revisando ruc: 20529911298
2022-12-21 13:22:14,899 DEBUG: Comparando SUNAT con BD
2022-12-21 13:22:16,056 INFO : PL20529911298 actualizado
2022-12-21 13:22:16,065 DEBUG: Validacion finalizada
2022-12-21 13:22:16,066 DEBUG: Iniciando validacion
2022-12-21 13:22:16,067 DEBUG: Revisando en BD RUC: 10439931081
2022-12-21 13:22:16,127 DEBUG: Revisando ruc: 10439931081
2022-12-21 13:22:16,227 DEBUG: Comparando SUNAT con BD
2022-12-21 13:22:17,095 ERROR: Error al actualizar: CardCode-PL10439931081 - -1116: (2) bpvs:LC12 - Si se trata de una Persona Natural con RUC sin Negocio, en la pestaña de Finanzas debe colocar el tipo de impuesto "Extranjero"
2022-12-21 13:22:17,105 DEBUG: Validacion finalizada
2022-12-21 13:22:17,106 DEBUG: Iniciando validacion
2022-12-21 13:22:17,107 DEBUG: Revisando en BD RUC: 20605352121
2022-12-21 13:22:17,177 DEBUG: Revisando ruc: 20605352121
2022-12-21 13:22:17,304 DEBUG: Comparando SUNAT con BD
2022-12-21 13:22:18,659 INFO : PL20605352121 actualizado
2022-12-21 13:22:18,667 DEBUG: Validacion finalizada
2022-12-21 13:22:18,668 DEBUG: Iniciando validacion
2022-12-21 13:22:18,669 DEBUG: Revisando en BD RUC: 20547922981
2022-12-21 13:22:18,746 DEBUG: Revisando ruc: 20547922981
2022-12-21 13:22:18,869 DEBUG: Comparando SUNAT con BD
2022-12-21 13:22:20,008 INFO : PL20547922981 actualizado
2022-12-21 13:22:20,014 DEBUG: Validacion finalizada
2022-12-21 13:22:20,015 DEBUG: Iniciando validacion
2022-12-21 13:22:20,017 DEBUG: Revisando en BD RUC: 20102120061
2022-12-21 13:22:20,087 DEBUG: Revisando ruc: 20102120061
2022-12-21 13:22:20,212 DEBUG: Comparando SUNAT con BD
2022-12-21 13:22:21,188 INFO : PL20102120061 actualizado
2022-12-21 13:22:21,200 DEBUG: Validacion finalizada
2022-12-21 13:22:21,201 DEBUG: Iniciando validacion
2022-12-21 13:22:21,205 DEBUG: Revisando en BD RUC: 10028889335
2022-12-21 13:22:21,273 DEBUG: Revisando ruc: 10028889335
2022-12-21 13:22:21,372 DEBUG: Comparando SUNAT con BD
2022-12-21 13:22:22,071 ERROR: Error al actualizar: CardCode-PL10028889335 - -1116: (2) bpvs:LC12 - Si se trata de una Persona Natural con RUC sin Negocio, en la pestaña de Finanzas debe colocar el tipo de impuesto "Extranjero"
2022-12-21 13:22:22,080 DEBUG: Validacion finalizada
2022-12-21 13:22:22,080 DEBUG: Iniciando validacion
2022-12-21 13:22:22,081 DEBUG: Revisando en BD RUC: 10028898784
2022-12-21 13:22:22,153 DEBUG: Revisando ruc: 10028898784
2022-12-21 13:22:22,238 DEBUG: Comparando SUNAT con BD
2022-12-21 13:22:23,387 INFO : PL10028898784 actualizado
2022-12-21 13:22:23,400 DEBUG: Validacion finalizada
2022-12-21 13:22:23,401 DEBUG: Iniciando validacion
2022-12-21 13:22:23,402 DEBUG: Revisando en BD RUC: 20554123911
2022-12-21 13:22:23,456 DEBUG: Revisando ruc: 20554123911
2022-12-21 13:22:23,473 DEBUG: 20220201
2022-12-21 13:22:23,586 DEBUG: Comparando SUNAT con BD
2022-12-21 13:22:24,622 INFO : PL20554123911 actualizado
2022-12-21 13:22:24,629 DEBUG: Validacion finalizada
2022-12-21 13:22:24,629 INFO : Resultado: 8 correctos, 2 errores, 0 inválidos, 8 Socios Procesados -  Total Acumulado: 354
2022-12-21 13:22:24,633 INFO : RUC del 401 al 410
2022-12-21 13:22:25,966 DEBUG: Iniciando validacion
2022-12-21 13:22:25,966 DEBUG: Revisando en BD RUC: 20548183279
2022-12-21 13:22:26,023 DEBUG: Revisando ruc: 20548183279
2022-12-21 13:22:26,149 DEBUG: Comparando SUNAT con BD
2022-12-21 13:22:27,126 INFO : PL20548183279 actualizado
2022-12-21 13:22:27,131 DEBUG: Validacion finalizada
2022-12-21 13:22:27,132 DEBUG: Iniciando validacion
2022-12-21 13:22:27,132 DEBUG: Revisando en BD RUC: 20511315337
2022-12-21 13:22:27,188 DEBUG: Revisando ruc: 20511315337
2022-12-21 13:22:27,313 DEBUG: Comparando SUNAT con BD
2022-12-21 13:22:28,407 INFO : PL20511315337 actualizado
2022-12-21 13:22:28,414 DEBUG: Validacion finalizada
2022-12-21 13:22:28,415 DEBUG: Iniciando validacion
2022-12-21 13:22:28,415 DEBUG: Revisando en BD RUC: 20100063680
2022-12-21 13:22:28,470 DEBUG: Revisando ruc: 20100063680
2022-12-21 13:22:28,488 DEBUG: 20180901
2022-12-21 13:22:28,489 DEBUG: 20070901
2022-12-21 13:22:28,601 DEBUG: Comparando SUNAT con BD
2022-12-21 13:22:30,066 INFO : PL20100063680 actualizado
2022-12-21 13:22:30,073 DEBUG: Validacion finalizada
2022-12-21 13:22:30,073 DEBUG: Iniciando validacion
2022-12-21 13:22:30,074 DEBUG: Revisando en BD RUC: 20602081801
2022-12-21 13:22:30,131 DEBUG: Revisando ruc: 20602081801
2022-12-21 13:22:30,249 DEBUG: Comparando SUNAT con BD
2022-12-21 13:22:31,236 INFO : PL20602081801 actualizado
2022-12-21 13:22:31,242 DEBUG: Validacion finalizada
2022-12-21 13:22:31,242 DEBUG: Iniciando validacion
2022-12-21 13:22:31,243 DEBUG: Revisando en BD RUC: 10709064679
2022-12-21 13:22:31,297 DEBUG: Revisando ruc: 10709064679
2022-12-21 13:22:31,393 DEBUG: Comparando SUNAT con BD
2022-12-21 13:22:32,750 INFO : PL10709064679 actualizado
2022-12-21 13:22:32,756 DEBUG: Validacion finalizada
2022-12-21 13:22:32,757 DEBUG: Iniciando validacion
2022-12-21 13:22:32,757 DEBUG: Revisando en BD RUC: 10033413748
2022-12-21 13:22:32,817 DEBUG: Revisando ruc: 10033413748
2022-12-21 13:22:32,922 DEBUG: Comparando SUNAT con BD
2022-12-21 13:22:34,137 INFO : PL10033413748 actualizado
2022-12-21 13:22:34,145 DEBUG: Validacion finalizada
2022-12-21 13:22:34,146 DEBUG: Iniciando validacion
2022-12-21 13:22:34,147 DEBUG: Revisando en BD RUC: 20603334729
2022-12-21 13:22:34,219 DEBUG: Revisando ruc: 20603334729
2022-12-21 13:22:34,348 DEBUG: Comparando SUNAT con BD
2022-12-21 13:22:35,323 INFO : PL20603334729 actualizado
2022-12-21 13:22:35,330 DEBUG: Validacion finalizada
2022-12-21 13:22:35,331 DEBUG: Iniciando validacion
2022-12-21 13:22:35,332 DEBUG: Revisando en BD RUC: 10032132541
2022-12-21 13:22:35,401 DEBUG: Revisando ruc: 10032132541
2022-12-21 13:22:35,492 DEBUG: Comparando SUNAT con BD
2022-12-21 13:22:36,587 ERROR: Error al actualizar: CardCode-PL10032132541 - -1116: (2) bpvs:FE03 - La dirección de facturación por defecto debe de tener un ubigueo definido.
2022-12-21 13:22:36,597 DEBUG: Validacion finalizada
2022-12-21 13:22:36,597 DEBUG: Iniciando validacion
2022-12-21 13:22:36,601 DEBUG: Revisando en BD RUC: 20392889231
2022-12-21 13:22:36,667 DEBUG: Revisando ruc: 20392889231
2022-12-21 13:22:36,800 DEBUG: Comparando SUNAT con BD
2022-12-21 13:22:38,096 INFO : PL20392889231 actualizado
2022-12-21 13:22:38,105 DEBUG: Validacion finalizada
2022-12-21 13:22:38,105 DEBUG: Iniciando validacion
2022-12-21 13:22:38,106 DEBUG: Revisando en BD RUC: 10031204726
2022-12-21 13:22:38,160 DEBUG: Revisando ruc: 10031204726
2022-12-21 13:22:38,252 DEBUG: Comparando SUNAT con BD
2022-12-21 13:22:38,983 ERROR: Error al actualizar: CardCode-PL10031204726 - -1116: (2) bpvs:LC12 - Si se trata de una Persona Natural con RUC sin Negocio, en la pestaña de Finanzas debe colocar el tipo de impuesto "Extranjero"
2022-12-21 13:22:38,993 DEBUG: Validacion finalizada
2022-12-21 13:22:38,993 INFO : Resultado: 8 correctos, 2 errores, 0 inválidos, 8 Socios Procesados -  Total Acumulado: 362
2022-12-21 13:22:38,994 INFO : RUC del 411 al 420
2022-12-21 13:22:40,242 DEBUG: Iniciando validacion
2022-12-21 13:22:40,243 DEBUG: Revisando en BD RUC: 10412672084
2022-12-21 13:22:40,302 DEBUG: Revisando ruc: 10412672084
2022-12-21 13:22:40,386 DEBUG: Comparando SUNAT con BD
2022-12-21 13:22:41,366 INFO : PL10412672084 actualizado
2022-12-21 13:22:41,373 DEBUG: Validacion finalizada
2022-12-21 13:22:41,374 DEBUG: Iniciando validacion
2022-12-21 13:22:41,374 DEBUG: Revisando en BD RUC: 20566407621
2022-12-21 13:22:41,440 DEBUG: Revisando ruc: 20566407621
2022-12-21 13:22:41,568 DEBUG: Comparando SUNAT con BD
2022-12-21 13:22:42,530 INFO : PL20566407621 actualizado
2022-12-21 13:22:42,543 DEBUG: Validacion finalizada
2022-12-21 13:22:42,544 DEBUG: Iniciando validacion
2022-12-21 13:22:42,545 DEBUG: Revisando en BD RUC: 20105396172
2022-12-21 13:22:42,619 DEBUG: Revisando ruc: 20105396172
2022-12-21 13:22:42,747 DEBUG: Comparando SUNAT con BD
2022-12-21 13:22:44,250 INFO : PL20105396172 actualizado
2022-12-21 13:22:44,256 DEBUG: Validacion finalizada
2022-12-21 13:22:44,256 DEBUG: Iniciando validacion
2022-12-21 13:22:44,257 DEBUG: Revisando en BD RUC: 10032365472
2022-12-21 13:22:44,317 DEBUG: Revisando ruc: 10032365472
2022-12-21 13:22:44,413 DEBUG: Comparando SUNAT con BD
2022-12-21 13:22:45,277 ERROR: Error al actualizar: CardCode-PL10032365472 - -1116: (2) bpvs:LC12 - Si se trata de una Persona Natural con RUC sin Negocio, en la pestaña de Finanzas debe colocar el tipo de impuesto "Extranjero"
2022-12-21 13:22:45,285 DEBUG: Validacion finalizada
2022-12-21 13:22:45,286 DEBUG: Iniciando validacion
2022-12-21 13:22:45,286 DEBUG: Revisando en BD RUC: 10032365740
2022-12-21 13:22:45,364 DEBUG: Revisando ruc: 10032365740
2022-12-21 13:22:45,447 DEBUG: Comparando SUNAT con BD
2022-12-21 13:22:46,419 INFO : PL10032365740 actualizado
2022-12-21 13:22:46,430 DEBUG: Validacion finalizada
2022-12-21 13:22:46,431 DEBUG: Iniciando validacion
2022-12-21 13:22:46,433 DEBUG: Revisando en BD RUC: 10032365944
2022-12-21 13:22:46,497 DEBUG: Revisando ruc: 10032365944
2022-12-21 13:22:46,497 DEBUG: 20170901
2022-12-21 13:22:46,583 DEBUG: Comparando SUNAT con BD
2022-12-21 13:22:47,581 INFO : PL10032365944 actualizado
2022-12-21 13:22:47,589 DEBUG: Validacion finalizada
2022-12-21 13:22:47,590 DEBUG: Iniciando validacion
2022-12-21 13:22:47,590 DEBUG: Revisando en BD RUC: 10032382156
2022-12-21 13:22:47,648 DEBUG: Revisando ruc: 10032382156
2022-12-21 13:22:47,761 DEBUG: Comparando SUNAT con BD
2022-12-21 13:22:48,483 ERROR: Error al actualizar: CardCode-PL10032382156 - -1116: (2) bpvs:LC12 - Si se trata de una Persona Natural con RUC sin Negocio, en la pestaña de Finanzas debe colocar el tipo de impuesto "Extranjero"
2022-12-21 13:22:48,492 DEBUG: Validacion finalizada
2022-12-21 13:22:48,492 DEBUG: Iniciando validacion
2022-12-21 13:22:48,492 DEBUG: Revisando en BD RUC: 20530136869
2022-12-21 13:22:48,553 DEBUG: Revisando ruc: 20530136869
2022-12-21 13:22:48,679 DEBUG: Comparando SUNAT con BD
2022-12-21 13:22:49,818 INFO : PL20530136869 actualizado
2022-12-21 13:22:49,826 DEBUG: Validacion finalizada
2022-12-21 13:22:49,826 DEBUG: Iniciando validacion
2022-12-21 13:22:49,827 DEBUG: Revisando en BD RUC: 10036685455
2022-12-21 13:22:49,897 DEBUG: Revisando ruc: 10036685455
2022-12-21 13:22:49,981 DEBUG: Comparando SUNAT con BD
2022-12-21 13:22:50,869 ERROR: Error al actualizar: CardCode-PL10036685455 - -1116: (2) bpvs:LC12 - Si se trata de una Persona Natural con RUC sin Negocio, en la pestaña de Finanzas debe colocar el tipo de impuesto "Extranjero"
2022-12-21 13:22:50,879 DEBUG: Validacion finalizada
2022-12-21 13:22:50,879 DEBUG: Iniciando validacion
2022-12-21 13:22:50,880 DEBUG: Revisando en BD RUC: 20526618549
2022-12-21 13:22:50,943 DEBUG: Revisando ruc: 20526618549
2022-12-21 13:22:51,051 DEBUG: Comparando SUNAT con BD
2022-12-21 13:22:52,182 INFO : PL20526618549 actualizado
2022-12-21 13:22:52,191 DEBUG: Validacion finalizada
2022-12-21 13:22:52,191 INFO : Resultado: 7 correctos, 3 errores, 0 inválidos, 7 Socios Procesados -  Total Acumulado: 369
2022-12-21 13:22:52,197 INFO : RUC del 421 al 430
2022-12-21 13:22:53,521 DEBUG: Iniciando validacion
2022-12-21 13:22:53,522 DEBUG: Revisando en BD RUC: 10477728061
2022-12-21 13:22:53,585 DEBUG: Revisando ruc: 10477728061
2022-12-21 13:22:53,699 DEBUG: Comparando SUNAT con BD
2022-12-21 13:22:54,839 ERROR: Error al actualizar: CardCode-PL10477728061 - -1116: (2) bpvs:LC18 - Debe registrar por lo menos una dirección de almacén
2022-12-21 13:22:54,847 DEBUG: Validacion finalizada
2022-12-21 13:22:54,848 DEBUG: Iniciando validacion
2022-12-21 13:22:54,849 DEBUG: Revisando en BD RUC: 20395492129
2022-12-21 13:22:54,903 DEBUG: Revisando ruc: 20395492129
2022-12-21 13:22:55,025 DEBUG: Comparando SUNAT con BD
2022-12-21 13:22:56,266 INFO : PL20395492129 actualizado
2022-12-21 13:22:56,272 DEBUG: Validacion finalizada
2022-12-21 13:22:56,273 DEBUG: Iniciando validacion
2022-12-21 13:22:56,273 DEBUG: Revisando en BD RUC: 20602686320
2022-12-21 13:22:56,333 DEBUG: Revisando ruc: 20602686320
2022-12-21 13:22:56,483 DEBUG: Comparando SUNAT con BD
2022-12-21 13:22:57,834 INFO : PL20602686320 actualizado
2022-12-21 13:22:57,843 DEBUG: Validacion finalizada
2022-12-21 13:22:57,843 DEBUG: Iniciando validacion
2022-12-21 13:22:57,847 DEBUG: Revisando en BD RUC: 10036683673
2022-12-21 13:22:57,914 DEBUG: Revisando ruc: 10036683673
2022-12-21 13:22:58,014 DEBUG: Comparando SUNAT con BD
2022-12-21 13:22:58,710 ERROR: Error al actualizar: CardCode-PL10036683673 - -1116: (2) bpvs:LC12 - Si se trata de una Persona Natural con RUC sin Negocio, en la pestaña de Finanzas debe colocar el tipo de impuesto "Extranjero"
2022-12-21 13:22:58,717 DEBUG: Validacion finalizada
2022-12-21 13:22:58,717 DEBUG: Iniciando validacion
2022-12-21 13:22:58,719 DEBUG: Revisando en BD RUC: 10417866928
2022-12-21 13:22:58,792 DEBUG: Revisando ruc: 10417866928
2022-12-21 13:22:58,887 DEBUG: Comparando SUNAT con BD
2022-12-21 13:22:59,562 ERROR: Error al actualizar: CardCode-PL10417866928 - -1116: (2) bpvs:LC12 - Si se trata de una Persona Natural con RUC sin Negocio, en la pestaña de Finanzas debe colocar el tipo de impuesto "Extranjero"
2022-12-21 13:22:59,571 DEBUG: Validacion finalizada
2022-12-21 13:22:59,572 DEBUG: Iniciando validacion
2022-12-21 13:22:59,573 DEBUG: Revisando en BD RUC: 10728022961
2022-12-21 13:22:59,631 DEBUG: Revisando ruc: 10728022961
2022-12-21 13:22:59,724 DEBUG: Comparando SUNAT con BD
2022-12-21 13:23:00,732 ERROR: Error al actualizar: CardCode-PL10728022961 - -1116: (2) bpvs:LC12 - Si se trata de una Persona Natural con RUC sin Negocio, en la pestaña de Finanzas debe colocar el tipo de impuesto "Extranjero"
2022-12-21 13:23:00,741 DEBUG: Validacion finalizada
2022-12-21 13:23:00,741 DEBUG: Iniciando validacion
2022-12-21 13:23:00,743 DEBUG: Revisando en BD RUC: 10003278463
2022-12-21 13:23:00,813 DEBUG: Revisando ruc: 10003278463
2022-12-21 13:23:00,904 DEBUG: Comparando SUNAT con BD
2022-12-21 13:23:01,868 ERROR: Error al actualizar: CardCode-PL10003278463 - -1116: (2) bpvs:LC12 - Si se trata de una Persona Natural con RUC sin Negocio, en la pestaña de Finanzas debe colocar el tipo de impuesto "Extranjero"
2022-12-21 13:23:01,876 DEBUG: Validacion finalizada
2022-12-21 13:23:01,876 DEBUG: Iniciando validacion
2022-12-21 13:23:01,877 DEBUG: Revisando en BD RUC: 20602683924
2022-12-21 13:23:01,947 DEBUG: Revisando ruc: 20602683924
2022-12-21 13:23:02,077 DEBUG: Comparando SUNAT con BD
2022-12-21 13:23:03,091 INFO : PL20602683924 actualizado
2022-12-21 13:23:03,104 DEBUG: Validacion finalizada
2022-12-21 13:23:03,105 DEBUG: Iniciando validacion
2022-12-21 13:23:03,106 DEBUG: Revisando en BD RUC: 20100118336
2022-12-21 13:23:03,163 DEBUG: Revisando ruc: 20100118336
2022-12-21 13:23:03,176 DEBUG: 20121101
2022-12-21 13:23:03,293 DEBUG: Comparando SUNAT con BD
2022-12-21 13:23:04,586 INFO : PL20100118336 actualizado
2022-12-21 13:23:04,596 DEBUG: Validacion finalizada
2022-12-21 13:23:04,597 DEBUG: Iniciando validacion
2022-12-21 13:23:04,600 DEBUG: Revisando en BD RUC: 20607658090
2022-12-21 13:23:04,667 DEBUG: Revisando ruc: 20607658090
2022-12-21 13:23:04,768 DEBUG: Comparando SUNAT con BD
2022-12-21 13:23:06,064 INFO : PL20607658090 actualizado
2022-12-21 13:23:06,073 DEBUG: Validacion finalizada
2022-12-21 13:23:06,074 INFO : Resultado: 5 correctos, 5 errores, 0 inválidos, 5 Socios Procesados -  Total Acumulado: 374
2022-12-21 13:23:06,075 INFO : RUC del 431 al 440
2022-12-21 13:23:07,429 DEBUG: Iniciando validacion
2022-12-21 13:23:07,429 DEBUG: Revisando en BD RUC: 20602403425
2022-12-21 13:23:07,480 DEBUG: Revisando ruc: 20602403425
2022-12-21 13:23:07,617 DEBUG: Comparando SUNAT con BD
2022-12-21 13:23:08,906 INFO : PL20602403425 actualizado
2022-12-21 13:23:08,913 DEBUG: Validacion finalizada
2022-12-21 13:23:08,914 DEBUG: Iniciando validacion
2022-12-21 13:23:08,915 DEBUG: Revisando en BD RUC: 20526041250
2022-12-21 13:23:08,976 DEBUG: Revisando ruc: 20526041250
2022-12-21 13:23:09,093 DEBUG: Comparando SUNAT con BD
2022-12-21 13:23:10,202 INFO : PL20526041250 actualizado
2022-12-21 13:23:10,210 DEBUG: Validacion finalizada
2022-12-21 13:23:10,210 DEBUG: Iniciando validacion
2022-12-21 13:23:10,216 DEBUG: Revisando en BD RUC: 20530310991
2022-12-21 13:23:10,294 DEBUG: Revisando ruc: 20530310991
2022-12-21 13:23:10,408 DEBUG: Comparando SUNAT con BD
2022-12-21 13:23:11,412 INFO : PL20530310991 actualizado
2022-12-21 13:23:11,421 DEBUG: Validacion finalizada
2022-12-21 13:23:11,421 DEBUG: Iniciando validacion
2022-12-21 13:23:11,424 DEBUG: Revisando en BD RUC: 20530242626
2022-12-21 13:23:11,500 DEBUG: Revisando ruc: 20530242626
2022-12-21 13:23:11,624 DEBUG: Comparando SUNAT con BD
2022-12-21 13:23:12,637 INFO : PL20530242626 actualizado
2022-12-21 13:23:12,644 DEBUG: Validacion finalizada
2022-12-21 13:23:12,645 DEBUG: Iniciando validacion
2022-12-21 13:23:12,646 DEBUG: Revisando en BD RUC: 10804887178
2022-12-21 13:23:12,711 DEBUG: Revisando ruc: 10804887178
2022-12-21 13:23:12,797 DEBUG: Comparando SUNAT con BD
2022-12-21 13:23:13,627 ERROR: Error al actualizar: CardCode-PL10804887178 - -1116: (2) bpvs:LC12 - Si se trata de una Persona Natural con RUC sin Negocio, en la pestaña de Finanzas debe colocar el tipo de impuesto "Extranjero"
2022-12-21 13:23:13,638 DEBUG: Validacion finalizada
2022-12-21 13:23:13,638 DEBUG: Iniciando validacion
2022-12-21 13:23:13,639 DEBUG: Revisando en BD RUC: 20601589193
2022-12-21 13:23:13,722 DEBUG: Revisando ruc: 20601589193
2022-12-21 13:23:13,740 DEBUG: 20180401
2022-12-21 13:23:13,842 DEBUG: Comparando SUNAT con BD
2022-12-21 13:23:14,797 INFO : PL20601589193 actualizado
2022-12-21 13:23:14,805 DEBUG: Validacion finalizada
2022-12-21 13:23:14,805 DEBUG: Iniciando validacion
2022-12-21 13:23:14,806 DEBUG: Revisando en BD RUC: 20484044997
2022-12-21 13:23:14,869 DEBUG: Revisando ruc: 20484044997
2022-12-21 13:23:14,994 DEBUG: Comparando SUNAT con BD
2022-12-21 13:23:16,424 INFO : PL20484044997 actualizado
2022-12-21 13:23:16,433 DEBUG: Validacion finalizada
2022-12-21 13:23:16,439 DEBUG: Iniciando validacion
2022-12-21 13:23:16,439 DEBUG: Revisando en BD RUC: 20601536260
2022-12-21 13:23:16,503 DEBUG: Revisando ruc: 20601536260
2022-12-21 13:23:16,620 DEBUG: Comparando SUNAT con BD
2022-12-21 13:23:17,630 INFO : PL20601536260 actualizado
2022-12-21 13:23:17,637 DEBUG: Validacion finalizada
2022-12-21 13:23:17,638 DEBUG: Iniciando validacion
2022-12-21 13:23:17,639 DEBUG: Revisando en BD RUC: 10417659434
2022-12-21 13:23:17,713 DEBUG: Revisando ruc: 10417659434
2022-12-21 13:23:17,806 DEBUG: Comparando SUNAT con BD
2022-12-21 13:23:18,777 INFO : PL10417659434 actualizado
2022-12-21 13:23:18,784 DEBUG: Validacion finalizada
2022-12-21 13:23:18,784 DEBUG: Iniciando validacion
2022-12-21 13:23:18,789 DEBUG: Revisando en BD RUC: 10028961826
2022-12-21 13:23:18,855 DEBUG: Revisando ruc: 10028961826
2022-12-21 13:23:18,943 DEBUG: Comparando SUNAT con BD
2022-12-21 13:23:19,829 ERROR: Error al actualizar: CardCode-PL10028961826 - -1116: (2) bpvs:LC12 - Si se trata de una Persona Natural con RUC sin Negocio, en la pestaña de Finanzas debe colocar el tipo de impuesto "Extranjero"
2022-12-21 13:23:19,838 DEBUG: Validacion finalizada
2022-12-21 13:23:19,839 INFO : Resultado: 8 correctos, 2 errores, 0 inválidos, 8 Socios Procesados -  Total Acumulado: 382
2022-12-21 13:23:19,844 INFO : RUC del 441 al 450
2022-12-21 13:23:21,340 DEBUG: Iniciando validacion
2022-12-21 13:23:21,340 DEBUG: Revisando en BD RUC: 20505897812
2022-12-21 13:23:21,400 DEBUG: Revisando ruc: 20505897812
2022-12-21 13:23:21,426 DEBUG: 20121101
2022-12-21 13:23:21,518 DEBUG: Comparando SUNAT con BD
2022-12-21 13:23:22,507 INFO : PL20505897812 actualizado
2022-12-21 13:23:22,519 DEBUG: Validacion finalizada
2022-12-21 13:23:22,519 DEBUG: Iniciando validacion
2022-12-21 13:23:22,519 DEBUG: Revisando en BD RUC: 20505370130
2022-12-21 13:23:22,583 DEBUG: Revisando ruc: 20505370130
2022-12-21 13:23:22,600 DEBUG: 20160901
2022-12-21 13:23:22,696 DEBUG: Comparando SUNAT con BD
2022-12-21 13:23:23,800 ERROR: Error al actualizar: CardCode-PL20505370130 - -1116: (2) bpvs:LC20 - En la pestaña Direcciones, debe llenar los campos "Calle/Número", "Distrito", "Ciudad", "Departamento" de todas las direcciones
2022-12-21 13:23:23,808 DEBUG: Validacion finalizada
2022-12-21 13:23:23,809 DEBUG: Iniciando validacion
2022-12-21 13:23:23,809 DEBUG: Revisando en BD RUC: 20600335619
2022-12-21 13:23:23,864 DEBUG: Revisando ruc: 20600335619
2022-12-21 13:23:24,022 DEBUG: Comparando SUNAT con BD
2022-12-21 13:23:25,190 INFO : PL20600335619 actualizado
2022-12-21 13:23:25,197 DEBUG: Validacion finalizada
2022-12-21 13:23:25,197 DEBUG: Iniciando validacion
2022-12-21 13:23:25,198 DEBUG: Revisando en BD RUC: 20530213367
2022-12-21 13:23:25,256 DEBUG: Revisando ruc: 20530213367
2022-12-21 13:23:25,370 DEBUG: Comparando SUNAT con BD
2022-12-21 13:23:26,330 INFO : PL20530213367 actualizado
2022-12-21 13:23:26,336 DEBUG: Validacion finalizada
2022-12-21 13:23:26,337 DEBUG: Iniciando validacion
2022-12-21 13:23:26,338 DEBUG: Revisando en BD RUC: 10036930000
2022-12-21 13:23:26,395 DEBUG: Revisando ruc: 10036930000
2022-12-21 13:23:26,482 DEBUG: Comparando SUNAT con BD
2022-12-21 13:23:27,673 ERROR: Error al actualizar: CardCode-PL10036930000 - -1116: (2) bpvs:LC18 - Debe registrar por lo menos una dirección de almacén
2022-12-21 13:23:27,680 DEBUG: Validacion finalizada
2022-12-21 13:23:27,680 DEBUG: Iniciando validacion
2022-12-21 13:23:27,682 DEBUG: Revisando en BD RUC: 10036930701
2022-12-21 13:23:27,752 DEBUG: Revisando ruc: 10036930701
2022-12-21 13:23:27,850 DEBUG: Comparando SUNAT con BD
2022-12-21 13:23:28,746 ERROR: Error al actualizar: CardCode-PL10036930701 - -1116: (2) bpvs:LC12 - Si se trata de una Persona Natural con RUC sin Negocio, en la pestaña de Finanzas debe colocar el tipo de impuesto "Extranjero"
2022-12-21 13:23:28,755 DEBUG: Validacion finalizada
2022-12-21 13:23:28,755 DEBUG: Iniciando validacion
2022-12-21 13:23:28,756 DEBUG: Revisando en BD RUC: 20529921846
2022-12-21 13:23:28,823 DEBUG: Revisando ruc: 20529921846
2022-12-21 13:23:28,958 DEBUG: Comparando SUNAT con BD
2022-12-21 13:23:29,816 ERROR: Error al actualizar: CardCode-PL20529921846 - -1116: (2) bpvs:LC20 - En la pestaña Direcciones, debe llenar los campos "Calle/Número", "Distrito", "Ciudad", "Departamento" de todas las direcciones
2022-12-21 13:23:29,827 DEBUG: Validacion finalizada
2022-12-21 13:23:29,827 DEBUG: Iniciando validacion
2022-12-21 13:23:29,831 DEBUG: Revisando en BD RUC: 20491781409
2022-12-21 13:23:29,901 DEBUG: Revisando ruc: 20491781409
2022-12-21 13:23:30,035 DEBUG: Comparando SUNAT con BD
2022-12-21 13:23:31,610 INFO : PL20491781409 actualizado
2022-12-21 13:23:31,621 DEBUG: Validacion finalizada
2022-12-21 13:23:31,622 DEBUG: Iniciando validacion
2022-12-21 13:23:31,623 DEBUG: Revisando en BD RUC: 20563050765
2022-12-21 13:23:31,682 DEBUG: Revisando ruc: 20563050765
2022-12-21 13:23:31,809 DEBUG: Comparando SUNAT con BD
2022-12-21 13:23:32,811 INFO : PL20563050765 actualizado
2022-12-21 13:23:32,817 DEBUG: Validacion finalizada
2022-12-21 13:23:32,818 DEBUG: Iniciando validacion
2022-12-21 13:23:32,819 DEBUG: Revisando en BD RUC: 20530192424
2022-12-21 13:23:32,877 DEBUG: Revisando ruc: 20530192424
2022-12-21 13:23:32,996 DEBUG: Comparando SUNAT con BD
2022-12-21 13:23:33,922 ERROR: Error al actualizar: CardCode-PL20530192424 - -1116: (2) bpvs:LC20 - En la pestaña Direcciones, debe llenar los campos "Calle/Número", "Distrito", "Ciudad", "Departamento" de todas las direcciones
2022-12-21 13:23:33,929 DEBUG: Validacion finalizada
2022-12-21 13:23:33,931 INFO : Resultado: 5 correctos, 5 errores, 0 inválidos, 5 Socios Procesados -  Total Acumulado: 387
2022-12-21 13:23:33,933 INFO : RUC del 451 al 460
2022-12-21 13:23:35,117 DEBUG: Iniciando validacion
2022-12-21 13:23:35,117 DEBUG: Revisando en BD RUC: 20100346479
2022-12-21 13:23:35,181 DEBUG: Revisando ruc: 20100346479
2022-12-21 13:23:35,217 DEBUG: 20031101
2022-12-21 13:23:35,325 DEBUG: Comparando SUNAT con BD
2022-12-21 13:23:36,779 INFO : PL20100346479 actualizado
2022-12-21 13:23:36,788 DEBUG: Validacion finalizada
2022-12-21 13:23:36,788 DEBUG: Iniciando validacion
2022-12-21 13:23:36,790 DEBUG: Revisando en BD RUC: 10036937055
2022-12-21 13:23:36,849 DEBUG: Revisando ruc: 10036937055
2022-12-21 13:23:36,937 DEBUG: Comparando SUNAT con BD
2022-12-21 13:23:37,905 INFO : PL10036937055 actualizado
2022-12-21 13:23:37,911 DEBUG: Validacion finalizada
2022-12-21 13:23:37,912 DEBUG: Iniciando validacion
2022-12-21 13:23:37,912 DEBUG: Revisando en BD RUC: 20529961554
2022-12-21 13:23:37,975 DEBUG: Revisando ruc: 20529961554
2022-12-21 13:23:38,096 DEBUG: Comparando SUNAT con BD
2022-12-21 13:23:39,088 INFO : PL20529961554 actualizado
2022-12-21 13:23:39,096 DEBUG: Validacion finalizada
2022-12-21 13:23:39,096 DEBUG: Iniciando validacion
2022-12-21 13:23:39,097 DEBUG: Revisando en BD RUC: 20393011727
2022-12-21 13:23:39,169 DEBUG: Revisando ruc: 20393011727
2022-12-21 13:23:39,292 DEBUG: Comparando SUNAT con BD
2022-12-21 13:23:40,151 ERROR: Error al actualizar: CardCode-PL20393011727 - -1116: (2) bpvs:LC20 - En la pestaña Direcciones, debe llenar los campos "Calle/Número", "Distrito", "Ciudad", "Departamento" de todas las direcciones
2022-12-21 13:23:40,158 DEBUG: Validacion finalizada
2022-12-21 13:23:40,158 DEBUG: Iniciando validacion
2022-12-21 13:23:40,162 DEBUG: Revisando en BD RUC: 20101392369
2022-12-21 13:23:40,231 DEBUG: Revisando ruc: 20101392369
2022-12-21 13:23:40,258 DEBUG: 20160301
2022-12-21 13:23:40,258 DEBUG: 20180901
2022-12-21 13:23:40,261 DEBUG: 20060401
2022-12-21 13:23:40,356 DEBUG: Comparando SUNAT con BD
2022-12-21 13:23:41,497 INFO : PL20101392369 actualizado
2022-12-21 13:23:41,505 DEBUG: Validacion finalizada
2022-12-21 13:23:41,506 DEBUG: Iniciando validacion
2022-12-21 13:23:41,507 DEBUG: Revisando en BD RUC: 20481330964
2022-12-21 13:23:41,569 DEBUG: Revisando ruc: 20481330964
2022-12-21 13:23:41,601 DEBUG: 20160301
2022-12-21 13:23:41,711 DEBUG: Comparando SUNAT con BD
2022-12-21 13:23:43,146 INFO : PL20481330964 actualizado
2022-12-21 13:23:43,152 DEBUG: Validacion finalizada
2022-12-21 13:23:43,153 DEBUG: Iniciando validacion
2022-12-21 13:23:43,153 DEBUG: Revisando en BD RUC: 10450059507
2022-12-21 13:23:43,209 DEBUG: Revisando ruc: 10450059507
2022-12-21 13:23:43,293 DEBUG: Comparando SUNAT con BD
2022-12-21 13:23:44,211 ERROR: Error al actualizar: CardCode-PL10450059507 - -1116: (2) bpvs:LC12 - Si se trata de una Persona Natural con RUC sin Negocio, en la pestaña de Finanzas debe colocar el tipo de impuesto "Extranjero"
2022-12-21 13:23:44,224 DEBUG: Validacion finalizada
2022-12-21 13:23:44,224 DEBUG: Iniciando validacion
2022-12-21 13:23:44,225 DEBUG: Revisando en BD RUC: 10026899627
2022-12-21 13:23:44,295 DEBUG: Revisando ruc: 10026899627
2022-12-21 13:23:44,380 DEBUG: Comparando SUNAT con BD
2022-12-21 13:23:45,737 INFO : PL10026899627 actualizado
2022-12-21 13:23:45,747 DEBUG: Validacion finalizada
2022-12-21 13:23:45,748 DEBUG: Iniciando validacion
2022-12-21 13:23:45,748 DEBUG: Revisando en BD RUC: 20563739771
2022-12-21 13:23:45,818 DEBUG: Revisando ruc: 20563739771
2022-12-21 13:23:45,834 DEBUG: 20160201
2022-12-21 13:23:45,934 DEBUG: Comparando SUNAT con BD
2022-12-21 13:23:46,569 ERROR: Error al actualizar: CardCode-PL20563739771 - -1116: (2) bpvs:LC09 - Debe elegir moneda multiple para el registro de los socios de negocio
2022-12-21 13:23:46,578 DEBUG: Validacion finalizada
2022-12-21 13:23:46,578 DEBUG: Iniciando validacion
2022-12-21 13:23:46,579 DEBUG: Revisando en BD RUC: 20525977651
2022-12-21 13:23:46,651 DEBUG: Revisando ruc: 20525977651
2022-12-21 13:23:46,777 DEBUG: Comparando SUNAT con BD
2022-12-21 13:23:47,753 INFO : PL20525977651 actualizado
2022-12-21 13:23:47,761 DEBUG: Validacion finalizada
2022-12-21 13:23:47,762 INFO : Resultado: 7 correctos, 3 errores, 0 inválidos, 7 Socios Procesados -  Total Acumulado: 394
2022-12-21 13:23:47,763 INFO : RUC del 461 al 470
2022-12-21 13:23:48,790 DEBUG: Iniciando validacion
2022-12-21 13:23:48,790 DEBUG: Revisando en BD RUC: 10473136088
2022-12-21 13:23:48,844 DEBUG: Revisando ruc: 10473136088
2022-12-21 13:23:48,934 DEBUG: Comparando SUNAT con BD
2022-12-21 13:23:49,822 ERROR: Error al actualizar: CardCode-PL10473136088 - -1116: (2) bpvs:LC12 - Si se trata de una Persona Natural con RUC sin Negocio, en la pestaña de Finanzas debe colocar el tipo de impuesto "Extranjero"
2022-12-21 13:23:49,833 DEBUG: Validacion finalizada
2022-12-21 13:23:49,834 DEBUG: Iniciando validacion
2022-12-21 13:23:49,835 DEBUG: Revisando en BD RUC: 15493213412
2022-12-21 13:23:49,900 DEBUG: Revisando ruc: 15493213412
2022-12-21 13:23:49,901 DEBUG: 20180901
2022-12-21 13:23:49,999 DEBUG: Comparando SUNAT con BD
2022-12-21 13:23:50,680 ERROR: Error al actualizar: CardCode-PL15493213412 - -1116: (2) bpvs:LC11 - Si es persona natural el campo Nombre debe contener los campos de usuario Ape.Paterno + Ape.Materno + Nombres + Segundo Nombre
2022-12-21 13:23:50,690 DEBUG: Validacion finalizada
2022-12-21 13:23:50,690 DEBUG: Iniciando validacion
2022-12-21 13:23:50,691 DEBUG: Revisando en BD RUC: 10028109232
2022-12-21 13:23:50,759 DEBUG: Revisando ruc: 10028109232
2022-12-21 13:23:50,844 DEBUG: Comparando SUNAT con BD
2022-12-21 13:23:51,694 ERROR: Error al actualizar: CardCode-PL10028109232 - -1116: (2) bpvs:LC12 - Si se trata de una Persona Natural con RUC sin Negocio, en la pestaña de Finanzas debe colocar el tipo de impuesto "Extranjero"
2022-12-21 13:23:51,706 DEBUG: Validacion finalizada
2022-12-21 13:23:51,707 DEBUG: Iniciando validacion
2022-12-21 13:23:51,708 DEBUG: Revisando en BD RUC: 20525271634
2022-12-21 13:23:51,776 DEBUG: Revisando ruc: 20525271634
2022-12-21 13:23:51,913 DEBUG: Comparando SUNAT con BD
2022-12-21 13:23:53,170 INFO : PL20525271634 actualizado
2022-12-21 13:23:53,178 DEBUG: Validacion finalizada
2022-12-21 13:23:53,178 DEBUG: Iniciando validacion
2022-12-21 13:23:53,180 DEBUG: Revisando en BD RUC: 10406045833
2022-12-21 13:23:53,240 DEBUG: Revisando ruc: 10406045833
2022-12-21 13:23:53,326 DEBUG: Comparando SUNAT con BD
2022-12-21 13:23:54,089 ERROR: Error al actualizar: CardCode-PL10406045833 - -1116: (2) bpvs:LC12 - Si se trata de una Persona Natural con RUC sin Negocio, en la pestaña de Finanzas debe colocar el tipo de impuesto "Extranjero"
2022-12-21 13:23:54,098 DEBUG: Validacion finalizada
2022-12-21 13:23:54,099 DEBUG: Iniciando validacion
2022-12-21 13:23:54,100 DEBUG: Revisando en BD RUC: 20530228399
2022-12-21 13:23:54,159 DEBUG: Revisando ruc: 20530228399
2022-12-21 13:23:54,281 DEBUG: Comparando SUNAT con BD
2022-12-21 13:23:55,510 INFO : PL20530228399 actualizado
2022-12-21 13:23:55,521 DEBUG: Validacion finalizada
2022-12-21 13:23:55,521 DEBUG: Iniciando validacion
2022-12-21 13:23:55,522 DEBUG: Revisando en BD RUC: 20268910515
2022-12-21 13:23:55,597 DEBUG: Revisando ruc: 20268910515
2022-12-21 13:23:55,713 DEBUG: Comparando SUNAT con BD
2022-12-21 13:23:56,749 ERROR: Error al actualizar: CardCode-PL20268910515 - -1116: (2) bpvs:LC20 - En la pestaña Direcciones, debe llenar los campos "Calle/Número", "Distrito", "Ciudad", "Departamento" de todas las direcciones
2022-12-21 13:23:56,759 DEBUG: Validacion finalizada
2022-12-21 13:23:56,759 DEBUG: Iniciando validacion
2022-12-21 13:23:56,760 DEBUG: Revisando en BD RUC: 20500453401
2022-12-21 13:23:56,822 DEBUG: Revisando ruc: 20500453401
2022-12-21 13:23:56,946 DEBUG: Comparando SUNAT con BD
2022-12-21 13:23:58,094 INFO : PL20500453401 actualizado
2022-12-21 13:23:58,100 DEBUG: Validacion finalizada
2022-12-21 13:23:58,101 DEBUG: Iniciando validacion
2022-12-21 13:23:58,101 DEBUG: Revisando en BD RUC: 20439147076
2022-12-21 13:23:58,167 DEBUG: Revisando ruc: 20439147076
2022-12-21 13:23:58,197 DEBUG: 20180901
2022-12-21 13:23:58,289 DEBUG: Comparando SUNAT con BD
2022-12-21 13:23:59,240 INFO : PL20439147076 actualizado
2022-12-21 13:23:59,254 DEBUG: Validacion finalizada
2022-12-21 13:23:59,254 DEBUG: Iniciando validacion
2022-12-21 13:23:59,255 DEBUG: Revisando en BD RUC: 20602341969
2022-12-21 13:23:59,323 DEBUG: Revisando ruc: 20602341969
2022-12-21 13:23:59,352 DEBUG: 20190501
2022-12-21 13:23:59,444 DEBUG: Comparando SUNAT con BD
2022-12-21 13:24:00,450 INFO : PL20602341969 actualizado
2022-12-21 13:24:00,460 DEBUG: Validacion finalizada
2022-12-21 13:24:00,460 INFO : Resultado: 5 correctos, 5 errores, 0 inválidos, 5 Socios Procesados -  Total Acumulado: 399
2022-12-21 13:24:00,462 INFO : RUC del 471 al 480
2022-12-21 13:24:01,788 DEBUG: Iniciando validacion
2022-12-21 13:24:01,788 DEBUG: Revisando en BD RUC: 20600954351
2022-12-21 13:24:01,848 DEBUG: Revisando ruc: 20600954351
2022-12-21 13:24:01,958 DEBUG: Comparando SUNAT con BD
2022-12-21 13:24:02,969 INFO : PL20600954351 actualizado
2022-12-21 13:24:02,979 DEBUG: Validacion finalizada
2022-12-21 13:24:02,979 DEBUG: Iniciando validacion
2022-12-21 13:24:02,980 DEBUG: Revisando en BD RUC: 10036124828
2022-12-21 13:24:03,034 DEBUG: Revisando ruc: 10036124828
2022-12-21 13:24:03,035 DEBUG: 20170201
2022-12-21 13:24:03,127 DEBUG: Comparando SUNAT con BD
2022-12-21 13:24:03,771 ERROR: Error al actualizar: CardCode-PL10036124828 - -1116: (2) bpvs:LC12 - Si se trata de una Persona Natural con RUC sin Negocio, en la pestaña de Finanzas debe colocar el tipo de impuesto "Extranjero"
2022-12-21 13:24:03,779 DEBUG: Validacion finalizada
2022-12-21 13:24:03,779 DEBUG: Iniciando validacion
2022-12-21 13:24:03,780 DEBUG: Revisando en BD RUC: 20602477089
2022-12-21 13:24:03,832 DEBUG: Revisando ruc: 20602477089
2022-12-21 13:24:03,952 DEBUG: Comparando SUNAT con BD
2022-12-21 13:24:04,943 INFO : PL20602477089 actualizado
2022-12-21 13:24:04,951 DEBUG: Validacion finalizada
2022-12-21 13:24:04,952 DEBUG: Iniciando validacion
2022-12-21 13:24:04,953 DEBUG: Revisando en BD RUC: 10002193073
2022-12-21 13:24:05,024 DEBUG: Revisando ruc: 10002193073
2022-12-21 13:24:05,107 DEBUG: Comparando SUNAT con BD
2022-12-21 13:24:06,213 INFO : PL10002193073 actualizado
2022-12-21 13:24:06,219 DEBUG: Validacion finalizada
2022-12-21 13:24:06,220 DEBUG: Iniciando validacion
2022-12-21 13:24:06,221 DEBUG: Revisando en BD RUC: 10182200862
2022-12-21 13:24:06,295 DEBUG: Revisando ruc: 10182200862
2022-12-21 13:24:06,389 DEBUG: Comparando SUNAT con BD
2022-12-21 13:24:07,726 INFO : PL10182200862 actualizado
2022-12-21 13:24:07,735 DEBUG: Validacion finalizada
2022-12-21 13:24:07,736 DEBUG: Iniciando validacion
2022-12-21 13:24:07,738 DEBUG: Revisando en BD RUC: 20602163297
2022-12-21 13:24:07,801 DEBUG: Revisando ruc: 20602163297
2022-12-21 13:24:07,919 DEBUG: Comparando SUNAT con BD
2022-12-21 13:24:08,942 INFO : PL20602163297 actualizado
2022-12-21 13:24:08,947 DEBUG: Validacion finalizada
2022-12-21 13:24:08,948 DEBUG: Iniciando validacion
2022-12-21 13:24:08,949 DEBUG: Revisando en BD RUC: 20510526415
2022-12-21 13:24:09,010 DEBUG: Revisando ruc: 20510526415
2022-12-21 13:24:09,141 DEBUG: Comparando SUNAT con BD
2022-12-21 13:24:10,367 INFO : PL20510526415 actualizado
2022-12-21 13:24:10,377 DEBUG: Validacion finalizada
2022-12-21 13:24:10,378 DEBUG: Iniciando validacion
2022-12-21 13:24:10,380 DEBUG: Revisando en BD RUC: 10416355628
2022-12-21 13:24:10,442 DEBUG: Revisando ruc: 10416355628
2022-12-21 13:24:10,534 DEBUG: Comparando SUNAT con BD
2022-12-21 13:24:11,215 ERROR: Error al actualizar: CardCode-PL10416355628 - -1116: (2) bpvs:LC12 - Si se trata de una Persona Natural con RUC sin Negocio, en la pestaña de Finanzas debe colocar el tipo de impuesto "Extranjero"
2022-12-21 13:24:11,223 DEBUG: Validacion finalizada
2022-12-21 13:24:11,224 DEBUG: Iniciando validacion
2022-12-21 13:24:11,225 DEBUG: Revisando en BD RUC: 20100305101
2022-12-21 13:24:11,289 DEBUG: Revisando ruc: 20100305101
2022-12-21 13:24:11,394 DEBUG: Comparando SUNAT con BD
2022-12-21 13:24:12,664 INFO : PL20100305101 actualizado
2022-12-21 13:24:12,672 DEBUG: Validacion finalizada
2022-12-21 13:24:12,672 DEBUG: Iniciando validacion
2022-12-21 13:24:12,673 DEBUG: Revisando en BD RUC: 20481829683
2022-12-21 13:24:12,748 DEBUG: Revisando ruc: 20481829683
2022-12-21 13:24:12,773 DEBUG: 20180401
2022-12-21 13:24:12,884 DEBUG: Comparando SUNAT con BD
2022-12-21 13:24:14,186 INFO : PL20481829683 actualizado
2022-12-21 13:24:14,191 DEBUG: Validacion finalizada
2022-12-21 13:24:14,192 INFO : Resultado: 8 correctos, 2 errores, 0 inválidos, 8 Socios Procesados -  Total Acumulado: 407
2022-12-21 13:24:14,193 INFO : RUC del 481 al 490
2022-12-21 13:24:15,298 DEBUG: Iniciando validacion
2022-12-21 13:24:15,298 DEBUG: Revisando en BD RUC: 10036237053
2022-12-21 13:24:15,353 DEBUG: Revisando ruc: 10036237053
2022-12-21 13:24:15,443 DEBUG: Comparando SUNAT con BD
2022-12-21 13:24:16,536 ERROR: Error al actualizar: CardCode-PL10036237053 - -1116: (2) bpvs:FE03 - La dirección de facturación por defecto debe de tener un ubigueo definido.
2022-12-21 13:24:16,545 DEBUG: Validacion finalizada
2022-12-21 13:24:16,546 DEBUG: Iniciando validacion
2022-12-21 13:24:16,547 DEBUG: Revisando en BD RUC: 20537480077
2022-12-21 13:24:16,611 DEBUG: Revisando ruc: 20537480077
2022-12-21 13:24:16,636 DEBUG: 20191201
2022-12-21 13:24:16,726 DEBUG: Comparando SUNAT con BD
2022-12-21 13:24:17,979 INFO : PL20537480077 actualizado
2022-12-21 13:24:17,987 DEBUG: Validacion finalizada
2022-12-21 13:24:17,988 DEBUG: Iniciando validacion
2022-12-21 13:24:17,991 DEBUG: Revisando en BD RUC: 10420400697
2022-12-21 13:24:18,059 DEBUG: Revisando ruc: 10420400697
2022-12-21 13:24:18,151 DEBUG: Comparando SUNAT con BD
2022-12-21 13:24:19,581 INFO : PL10420400697 actualizado
2022-12-21 13:24:19,589 DEBUG: Validacion finalizada
2022-12-21 13:24:19,589 DEBUG: Iniciando validacion
2022-12-21 13:24:19,590 DEBUG: Revisando en BD RUC: 20525758347
2022-12-21 13:24:19,653 DEBUG: Revisando ruc: 20525758347
2022-12-21 13:24:19,680 DEBUG: 20190501
2022-12-21 13:24:19,787 DEBUG: Comparando SUNAT con BD
2022-12-21 13:24:20,941 INFO : PL20525758347 actualizado
2022-12-21 13:24:20,954 DEBUG: Validacion finalizada
2022-12-21 13:24:20,954 DEBUG: Iniciando validacion
2022-12-21 13:24:20,955 DEBUG: Revisando en BD RUC: 20507141791
2022-12-21 13:24:21,029 DEBUG: Revisando ruc: 20507141791
2022-12-21 13:24:21,056 DEBUG: 20160901
2022-12-21 13:24:21,170 DEBUG: Comparando SUNAT con BD
2022-12-21 13:24:22,434 INFO : PL20507141791 actualizado
2022-12-21 13:24:22,443 DEBUG: Validacion finalizada
2022-12-21 13:24:22,443 DEBUG: Iniciando validacion
2022-12-21 13:24:22,444 DEBUG: Revisando en BD RUC: 10414862743
2022-12-21 13:24:22,507 DEBUG: Revisando ruc: 10414862743
2022-12-21 13:24:22,597 DEBUG: Comparando SUNAT con BD
2022-12-21 13:24:23,402 ERROR: Error al actualizar: CardCode-PL10414862743 - -1116: (2) bpvs:LC12 - Si se trata de una Persona Natural con RUC sin Negocio, en la pestaña de Finanzas debe colocar el tipo de impuesto "Extranjero"
2022-12-21 13:24:23,411 DEBUG: Validacion finalizada
2022-12-21 13:24:23,411 DEBUG: Iniciando validacion
2022-12-21 13:24:23,412 DEBUG: Revisando en BD RUC: 10182204949
2022-12-21 13:24:23,476 DEBUG: Revisando ruc: 10182204949
2022-12-21 13:24:23,563 DEBUG: Comparando SUNAT con BD
2022-12-21 13:24:24,701 INFO : PL10182204949 actualizado
2022-12-21 13:24:24,710 DEBUG: Validacion finalizada
2022-12-21 13:24:24,711 DEBUG: Iniciando validacion
2022-12-21 13:24:24,714 DEBUG: Revisando en BD RUC: 10035940664
2022-12-21 13:24:24,771 DEBUG: Revisando ruc: 10035940664
2022-12-21 13:24:24,850 DEBUG: Comparando SUNAT con BD
2022-12-21 13:24:25,538 ERROR: Error al actualizar: CardCode-PL10035940664 - -1116: (2) bpvs:LC12 - Si se trata de una Persona Natural con RUC sin Negocio, en la pestaña de Finanzas debe colocar el tipo de impuesto "Extranjero"
2022-12-21 13:24:25,546 DEBUG: Validacion finalizada
2022-12-21 13:24:25,546 DEBUG: Iniciando validacion
2022-12-21 13:24:25,548 DEBUG: Revisando en BD RUC: 20514156558
2022-12-21 13:24:25,630 DEBUG: Revisando ruc: 20514156558
2022-12-21 13:24:25,737 DEBUG: Comparando SUNAT con BD
2022-12-21 13:24:26,950 INFO : PL20514156558 actualizado
2022-12-21 13:24:26,957 DEBUG: Validacion finalizada
2022-12-21 13:24:26,957 DEBUG: Iniciando validacion
2022-12-21 13:24:26,958 DEBUG: Revisando en BD RUC: 20600384962
2022-12-21 13:24:27,020 DEBUG: Revisando ruc: 20600384962
2022-12-21 13:24:27,140 DEBUG: Comparando SUNAT con BD
2022-12-21 13:24:28,527 INFO : PL20600384962 actualizado
2022-12-21 13:24:28,534 DEBUG: Validacion finalizada
2022-12-21 13:24:28,535 INFO : Resultado: 7 correctos, 3 errores, 0 inválidos, 7 Socios Procesados -  Total Acumulado: 414
2022-12-21 13:24:28,535 INFO : RUC del 491 al 500
2022-12-21 13:24:29,731 DEBUG: Iniciando validacion
2022-12-21 13:24:29,731 DEBUG: Revisando en BD RUC: 10758890592
2022-12-21 13:24:29,793 DEBUG: Revisando ruc: 10758890592
2022-12-21 13:24:29,889 DEBUG: Comparando SUNAT con BD
2022-12-21 13:24:30,837 ERROR: Error al actualizar: CardCode-PL10758890592 - -1116: (2) bpvs:LC12 - Si se trata de una Persona Natural con RUC sin Negocio, en la pestaña de Finanzas debe colocar el tipo de impuesto "Extranjero"
2022-12-21 13:24:30,846 DEBUG: Validacion finalizada
2022-12-21 13:24:30,846 DEBUG: Iniciando validacion
2022-12-21 13:24:30,848 DEBUG: Revisando en BD RUC: 20605669604
2022-12-21 13:24:30,911 DEBUG: Revisando ruc: 20605669604
2022-12-21 13:24:31,043 DEBUG: Comparando SUNAT con BD
2022-12-21 13:24:32,460 INFO : PL20605669604 actualizado
2022-12-21 13:24:32,469 DEBUG: Validacion finalizada
2022-12-21 13:24:32,470 DEBUG: Iniciando validacion
2022-12-21 13:24:32,472 DEBUG: Revisando en BD RUC: 20482814191
2022-12-21 13:24:32,543 DEBUG: Revisando ruc: 20482814191
2022-12-21 13:24:32,676 DEBUG: Comparando SUNAT con BD
2022-12-21 13:24:34,165 INFO : PL20482814191 actualizado
2022-12-21 13:24:34,171 DEBUG: Validacion finalizada
2022-12-21 13:24:34,172 DEBUG: Iniciando validacion
2022-12-21 13:24:34,174 DEBUG: Revisando en BD RUC: 20399536929
2022-12-21 13:24:34,246 DEBUG: Revisando ruc: 20399536929
2022-12-21 13:24:34,379 DEBUG: Comparando SUNAT con BD
2022-12-21 13:24:35,377 INFO : PL20399536929 actualizado
2022-12-21 13:24:35,384 DEBUG: Validacion finalizada
2022-12-21 13:24:35,384 DEBUG: Iniciando validacion
2022-12-21 13:24:35,389 DEBUG: Revisando en BD RUC: 20492455050
2022-12-21 13:24:35,448 DEBUG: Revisando ruc: 20492455050
2022-12-21 13:24:35,579 DEBUG: Comparando SUNAT con BD
2022-12-21 13:24:36,868 INFO : PL20492455050 actualizado
2022-12-21 13:24:36,878 DEBUG: Validacion finalizada
2022-12-21 13:24:36,878 DEBUG: Iniciando validacion
2022-12-21 13:24:36,881 DEBUG: Revisando en BD RUC: 10026615882
2022-12-21 13:24:36,942 DEBUG: Revisando ruc: 10026615882
2022-12-21 13:24:37,050 DEBUG: Comparando SUNAT con BD
2022-12-21 13:24:37,873 ERROR: Error al actualizar: CardCode-PL10026615882 - -1116: (2) bpvs:LC12 - Si se trata de una Persona Natural con RUC sin Negocio, en la pestaña de Finanzas debe colocar el tipo de impuesto "Extranjero"
2022-12-21 13:24:37,880 DEBUG: Validacion finalizada
2022-12-21 13:24:37,881 DEBUG: Iniciando validacion
2022-12-21 13:24:37,882 DEBUG: Revisando en BD RUC: 20102536593
2022-12-21 13:24:37,946 DEBUG: Revisando ruc: 20102536593
2022-12-21 13:24:37,961 DEBUG: 20190501
2022-12-21 13:24:38,065 DEBUG: Comparando SUNAT con BD
2022-12-21 13:24:39,083 INFO : CL20102536593 actualizado
2022-12-21 13:24:39,110 DEBUG: Revisando ruc: 20102536593
2022-12-21 13:24:39,133 DEBUG: 20190501
2022-12-21 13:24:39,226 DEBUG: Comparando SUNAT con BD
2022-12-21 13:24:40,582 INFO : PL20102536593 actualizado
2022-12-21 13:24:40,588 DEBUG: Validacion finalizada
2022-12-21 13:24:40,588 DEBUG: Iniciando validacion
2022-12-21 13:24:40,589 DEBUG: Revisando en BD RUC: 10038839760
2022-12-21 13:24:40,642 DEBUG: Revisando ruc: 10038839760
2022-12-21 13:24:40,725 DEBUG: Comparando SUNAT con BD
2022-12-21 13:24:41,406 ERROR: Error al actualizar: CardCode-PL10038839760 - -1116: (2) bpvs:LC12 - Si se trata de una Persona Natural con RUC sin Negocio, en la pestaña de Finanzas debe colocar el tipo de impuesto "Extranjero"
2022-12-21 13:24:41,415 DEBUG: Validacion finalizada
2022-12-21 13:24:41,415 DEBUG: Iniciando validacion
2022-12-21 13:24:41,418 DEBUG: Revisando en BD RUC: 10479161661
2022-12-21 13:24:41,481 DEBUG: Revisando ruc: 10479161661
2022-12-21 13:24:41,572 DEBUG: Comparando SUNAT con BD
2022-12-21 13:24:42,286 ERROR: Error al actualizar: CardCode-PL10479161661 - -1116: (2) bpvs:LC12 - Si se trata de una Persona Natural con RUC sin Negocio, en la pestaña de Finanzas debe colocar el tipo de impuesto "Extranjero"
2022-12-21 13:24:42,294 DEBUG: Validacion finalizada
2022-12-21 13:24:42,294 DEBUG: Iniciando validacion
2022-12-21 13:24:42,295 DEBUG: Revisando en BD RUC: 20158179688
2022-12-21 13:24:42,357 DEBUG: Revisando ruc: 20158179688
2022-12-21 13:24:42,473 DEBUG: Comparando SUNAT con BD
2022-12-21 13:24:43,553 INFO : CL20158179688 actualizado
2022-12-21 13:24:43,577 DEBUG: Revisando ruc: 20158179688
2022-12-21 13:24:43,706 DEBUG: Comparando SUNAT con BD
2022-12-21 13:24:44,857 INFO : PL20158179688 actualizado
2022-12-21 13:24:44,869 DEBUG: Validacion finalizada
2022-12-21 13:24:44,869 INFO : Resultado: 6 correctos, 4 errores, 0 inválidos, 8 Socios Procesados -  Total Acumulado: 422
2022-12-21 13:24:44,870 INFO : RUC del 501 al 510
2022-12-21 13:24:45,963 DEBUG: Iniciando validacion
2022-12-21 13:24:45,964 DEBUG: Revisando en BD RUC: 20602339891
2022-12-21 13:24:46,019 DEBUG: Revisando ruc: 20602339891
2022-12-21 13:24:46,150 DEBUG: Comparando SUNAT con BD
2022-12-21 13:24:47,586 INFO : PL20602339891 actualizado
2022-12-21 13:24:47,595 DEBUG: Validacion finalizada
2022-12-21 13:24:47,596 DEBUG: Iniciando validacion
2022-12-21 13:24:47,599 DEBUG: Revisando en BD RUC: 20602051154
2022-12-21 13:24:47,664 DEBUG: Revisando ruc: 20602051154
2022-12-21 13:24:47,811 DEBUG: Comparando SUNAT con BD
2022-12-21 13:24:49,016 INFO : PL20602051154 actualizado
2022-12-21 13:24:49,022 DEBUG: Validacion finalizada
2022-12-21 13:24:49,022 DEBUG: Iniciando validacion
2022-12-21 13:24:49,024 DEBUG: Revisando en BD RUC: 10406871997
2022-12-21 13:24:49,098 DEBUG: Revisando ruc: 10406871997
2022-12-21 13:24:49,193 DEBUG: Comparando SUNAT con BD
2022-12-21 13:24:50,626 INFO : PL10406871997 actualizado
2022-12-21 13:24:50,635 DEBUG: Validacion finalizada
2022-12-21 13:24:50,635 DEBUG: Iniciando validacion
2022-12-21 13:24:50,637 DEBUG: Revisando en BD RUC: 20603045905
2022-12-21 13:24:50,746 DEBUG: Revisando ruc: 20603045905
2022-12-21 13:24:50,883 DEBUG: Comparando SUNAT con BD
2022-12-21 13:24:52,249 INFO : PL20603045905 actualizado
2022-12-21 13:24:52,255 DEBUG: Validacion finalizada
2022-12-21 13:24:52,256 DEBUG: Iniciando validacion
2022-12-21 13:24:52,257 DEBUG: Revisando en BD RUC: 10026082388
2022-12-21 13:24:52,323 DEBUG: Revisando ruc: 10026082388
2022-12-21 13:24:52,429 DEBUG: Comparando SUNAT con BD
2022-12-21 13:24:53,620 INFO : PL10026082388 actualizado
2022-12-21 13:24:53,630 DEBUG: Validacion finalizada
2022-12-21 13:24:53,631 DEBUG: Iniciando validacion
2022-12-21 13:24:53,632 DEBUG: Revisando en BD RUC: 20481828016
2022-12-21 13:24:53,713 DEBUG: Revisando ruc: 20481828016
2022-12-21 13:24:53,824 DEBUG: Comparando SUNAT con BD
2022-12-21 13:24:54,903 INFO : PL20481828016 actualizado
2022-12-21 13:24:54,912 DEBUG: Validacion finalizada
2022-12-21 13:24:54,913 DEBUG: Iniciando validacion
2022-12-21 13:24:54,916 DEBUG: Revisando en BD RUC: 20603182198
2022-12-21 13:24:54,981 DEBUG: Revisando ruc: 20603182198
2022-12-21 13:24:55,121 DEBUG: Comparando SUNAT con BD
2022-12-21 13:24:56,385 INFO : PL20603182198 actualizado
2022-12-21 13:24:56,394 DEBUG: Validacion finalizada
2022-12-21 13:24:56,394 DEBUG: Iniciando validacion
2022-12-21 13:24:56,395 DEBUG: Revisando en BD RUC: 20530338496
2022-12-21 13:24:56,455 DEBUG: Revisando ruc: 20530338496
2022-12-21 13:24:56,570 DEBUG: Comparando SUNAT con BD
2022-12-21 13:24:57,551 INFO : PL20530338496 actualizado
2022-12-21 13:24:57,561 DEBUG: Validacion finalizada
2022-12-21 13:24:57,561 DEBUG: Iniciando validacion
2022-12-21 13:24:57,563 DEBUG: Revisando en BD RUC: 10027987554
2022-12-21 13:24:57,636 DEBUG: Revisando ruc: 10027987554
2022-12-21 13:24:57,717 DEBUG: Comparando SUNAT con BD
2022-12-21 13:24:58,442 ERROR: Error al actualizar: CardCode-PL10027987554 - -1116: (2) bpvs:LC12 - Si se trata de una Persona Natural con RUC sin Negocio, en la pestaña de Finanzas debe colocar el tipo de impuesto "Extranjero"
2022-12-21 13:24:58,451 DEBUG: Validacion finalizada
2022-12-21 13:24:58,451 DEBUG: Iniciando validacion
2022-12-21 13:24:58,452 DEBUG: Revisando en BD RUC: 10419949855
2022-12-21 13:24:58,504 DEBUG: Revisando ruc: 10419949855
2022-12-21 13:24:58,585 DEBUG: Comparando SUNAT con BD
2022-12-21 13:24:59,518 ERROR: Error al actualizar: CardCode-PL10419949855 - -1116: (2) bpvs:LC12 - Si se trata de una Persona Natural con RUC sin Negocio, en la pestaña de Finanzas debe colocar el tipo de impuesto "Extranjero"
2022-12-21 13:24:59,525 DEBUG: Validacion finalizada
2022-12-21 13:24:59,526 INFO : Resultado: 8 correctos, 2 errores, 0 inválidos, 8 Socios Procesados -  Total Acumulado: 430
2022-12-21 13:24:59,528 INFO : RUC del 511 al 520
2022-12-21 13:25:00,703 DEBUG: Iniciando validacion
2022-12-21 13:25:00,703 DEBUG: Revisando en BD RUC: 20441490446
2022-12-21 13:25:00,760 DEBUG: Revisando ruc: 20441490446
2022-12-21 13:25:00,917 DEBUG: Comparando SUNAT con BD
2022-12-21 13:25:02,138 INFO : PL20441490446 actualizado
2022-12-21 13:25:02,146 DEBUG: Validacion finalizada
2022-12-21 13:25:02,146 DEBUG: Iniciando validacion
2022-12-21 13:25:02,148 DEBUG: Revisando en BD RUC: 20602690408
2022-12-21 13:25:02,216 DEBUG: Revisando ruc: 20602690408
2022-12-21 13:25:02,365 DEBUG: Comparando SUNAT con BD
2022-12-21 13:25:03,393 INFO : CL20602690408 actualizado
2022-12-21 13:25:03,404 DEBUG: Validacion finalizada
2022-12-21 13:25:03,404 DEBUG: Iniciando validacion
2022-12-21 13:25:03,406 DEBUG: Revisando en BD RUC: 20601543151
2022-12-21 13:25:03,472 DEBUG: Revisando ruc: 20601543151
2022-12-21 13:25:03,595 DEBUG: Comparando SUNAT con BD
2022-12-21 13:25:04,750 INFO : PL20601543151 actualizado
2022-12-21 13:25:04,758 DEBUG: Validacion finalizada
2022-12-21 13:25:04,759 DEBUG: Iniciando validacion
2022-12-21 13:25:04,760 DEBUG: Revisando en BD RUC: 20603681551
2022-12-21 13:25:04,818 DEBUG: Revisando ruc: 20603681551
2022-12-21 13:25:04,941 DEBUG: Comparando SUNAT con BD
2022-12-21 13:25:06,383 INFO : PL20603681551 actualizado
2022-12-21 13:25:06,392 DEBUG: Validacion finalizada
2022-12-21 13:25:06,393 DEBUG: Iniciando validacion
2022-12-21 13:25:06,394 DEBUG: Revisando en BD RUC: 20600085205
2022-12-21 13:25:06,457 DEBUG: Revisando ruc: 20600085205
2022-12-21 13:25:06,576 DEBUG: Comparando SUNAT con BD
2022-12-21 13:25:08,122 INFO : PL20600085205 actualizado
2022-12-21 13:25:08,130 DEBUG: Validacion finalizada
2022-12-21 13:25:08,130 DEBUG: Iniciando validacion
2022-12-21 13:25:08,131 DEBUG: Revisando en BD RUC: 20601398789
2022-12-21 13:25:08,194 DEBUG: Revisando ruc: 20601398789
2022-12-21 13:25:08,242 DEBUG: 20220201
2022-12-21 13:25:08,341 DEBUG: Comparando SUNAT con BD
2022-12-21 13:25:09,296 INFO : PL20601398789 actualizado
2022-12-21 13:25:09,303 DEBUG: Validacion finalizada
2022-12-21 13:25:09,303 DEBUG: Iniciando validacion
2022-12-21 13:25:09,305 DEBUG: Revisando en BD RUC: 10180902851
2022-12-21 13:25:09,375 DEBUG: Revisando ruc: 10180902851
2022-12-21 13:25:09,473 DEBUG: Comparando SUNAT con BD
2022-12-21 13:25:10,387 ERROR: Error al actualizar: CardCode-PL10180902851 - -1116: (2) bpvs:LC12 - Si se trata de una Persona Natural con RUC sin Negocio, en la pestaña de Finanzas debe colocar el tipo de impuesto "Extranjero"
2022-12-21 13:25:10,398 DEBUG: Validacion finalizada
2022-12-21 13:25:10,398 DEBUG: Iniciando validacion
2022-12-21 13:25:10,402 DEBUG: Revisando en BD RUC: 20603261993
2022-12-21 13:25:10,463 DEBUG: Revisando ruc: 20603261993
2022-12-21 13:25:10,597 DEBUG: Comparando SUNAT con BD
2022-12-21 13:25:12,005 INFO : PL20603261993 actualizado
2022-12-21 13:25:12,013 DEBUG: Validacion finalizada
2022-12-21 13:25:12,013 DEBUG: Iniciando validacion
2022-12-21 13:25:12,014 DEBUG: Revisando en BD RUC: 20601706980
2022-12-21 13:25:12,075 DEBUG: Revisando ruc: 20601706980
2022-12-21 13:25:12,208 DEBUG: Comparando SUNAT con BD
2022-12-21 13:25:13,199 INFO : PL20601706980 actualizado
2022-12-21 13:25:13,204 DEBUG: Validacion finalizada
2022-12-21 13:25:13,205 DEBUG: Iniciando validacion
2022-12-21 13:25:13,207 DEBUG: Revisando en BD RUC: 20600710789
2022-12-21 13:25:13,275 DEBUG: Revisando ruc: 20600710789
2022-12-21 13:25:13,398 DEBUG: Comparando SUNAT con BD
2022-12-21 13:25:14,623 INFO : PL20600710789 actualizado
2022-12-21 13:25:14,634 DEBUG: Validacion finalizada
2022-12-21 13:25:14,634 INFO : Resultado: 9 correctos, 1 errores, 0 inválidos, 9 Socios Procesados -  Total Acumulado: 439
2022-12-21 13:25:14,637 INFO : RUC del 521 al 530
2022-12-21 13:25:16,591 DEBUG: Iniciando validacion
2022-12-21 13:25:16,592 DEBUG: Revisando en BD RUC: 20602877770
2022-12-21 13:25:16,657 DEBUG: Revisando ruc: 20602877770
2022-12-21 13:25:16,790 DEBUG: Comparando SUNAT con BD
2022-12-21 13:25:17,923 INFO : PL20602877770 actualizado
2022-12-21 13:25:17,928 DEBUG: Validacion finalizada
2022-12-21 13:25:17,928 DEBUG: Iniciando validacion
2022-12-21 13:25:17,929 DEBUG: Revisando en BD RUC: 20483433507
2022-12-21 13:25:18,031 DEBUG: Revisando ruc: 20483433507
2022-12-21 13:25:18,171 DEBUG: Comparando SUNAT con BD
2022-12-21 13:25:19,568 INFO : PL20483433507 actualizado
2022-12-21 13:25:19,574 DEBUG: Validacion finalizada
2022-12-21 13:25:19,575 DEBUG: Iniciando validacion
2022-12-21 13:25:19,576 DEBUG: Revisando en BD RUC: 20601289807
2022-12-21 13:25:19,639 DEBUG: Revisando ruc: 20601289807
2022-12-21 13:25:19,761 DEBUG: Comparando SUNAT con BD
2022-12-21 13:25:20,808 INFO : PL20601289807 actualizado
2022-12-21 13:25:20,814 DEBUG: Validacion finalizada
2022-12-21 13:25:20,815 DEBUG: Iniciando validacion
2022-12-21 13:25:20,816 DEBUG: Revisando en BD RUC: 10036454038
2022-12-21 13:25:20,887 DEBUG: Revisando ruc: 10036454038
2022-12-21 13:25:20,994 DEBUG: Comparando SUNAT con BD
2022-12-21 13:25:22,398 INFO : PL10036454038 actualizado
2022-12-21 13:25:22,409 DEBUG: Validacion finalizada
2022-12-21 13:25:22,409 DEBUG: Iniciando validacion
2022-12-21 13:25:22,411 DEBUG: Revisando en BD RUC: 20606600241
2022-12-21 13:25:22,481 DEBUG: Revisando ruc: 20606600241
2022-12-21 13:25:22,605 DEBUG: Comparando SUNAT con BD
2022-12-21 13:25:23,918 INFO : PL20606600241 actualizado
2022-12-21 13:25:23,923 DEBUG: Validacion finalizada
2022-12-21 13:25:23,924 DEBUG: Iniciando validacion
2022-12-21 13:25:23,926 DEBUG: Revisando en BD RUC: 20440878394
2022-12-21 13:25:23,995 DEBUG: Revisando ruc: 20440878394
2022-12-21 13:25:24,124 DEBUG: Comparando SUNAT con BD
2022-12-21 13:25:25,105 INFO : PL20440878394 actualizado
2022-12-21 13:25:25,112 DEBUG: Validacion finalizada
2022-12-21 13:25:25,112 DEBUG: Iniciando validacion
2022-12-21 13:25:25,113 DEBUG: Revisando en BD RUC: 10454484687
2022-12-21 13:25:25,179 DEBUG: Revisando ruc: 10454484687
2022-12-21 13:25:25,263 DEBUG: Comparando SUNAT con BD
2022-12-21 13:25:26,147 ERROR: Error al actualizar: CardCode-PL10454484687 - -1116: (2) bpvs:LC12 - Si se trata de una Persona Natural con RUC sin Negocio, en la pestaña de Finanzas debe colocar el tipo de impuesto "Extranjero"
2022-12-21 13:25:26,157 DEBUG: Validacion finalizada
2022-12-21 13:25:26,157 DEBUG: Iniciando validacion
2022-12-21 13:25:26,159 DEBUG: Revisando en BD RUC: 20536364201
2022-12-21 13:25:26,232 DEBUG: Revisando ruc: 20536364201
2022-12-21 13:25:26,367 DEBUG: Comparando SUNAT con BD
2022-12-21 13:25:27,639 INFO : PL20536364201 actualizado
2022-12-21 13:25:27,646 DEBUG: Validacion finalizada
2022-12-21 13:25:27,646 DEBUG: Iniciando validacion
2022-12-21 13:25:27,646 DEBUG: Revisando en BD RUC: 10449522244
2022-12-21 13:25:27,716 DEBUG: Revisando ruc: 10449522244
2022-12-21 13:25:27,815 DEBUG: Comparando SUNAT con BD
2022-12-21 13:25:28,829 ERROR: Error al actualizar: CardCode-PL10449522244 - -1116: (2) bpvs:LC18 - Debe registrar por lo menos una dirección de almacén
2022-12-21 13:25:28,837 DEBUG: Validacion finalizada
2022-12-21 13:25:28,838 DEBUG: Iniciando validacion
2022-12-21 13:25:28,839 DEBUG: Revisando en BD RUC: 10701672271
2022-12-21 13:25:28,903 DEBUG: Revisando ruc: 10701672271
2022-12-21 13:25:28,997 DEBUG: Comparando SUNAT con BD
2022-12-21 13:25:30,474 INFO : PL10701672271 actualizado
2022-12-21 13:25:30,483 DEBUG: Validacion finalizada
2022-12-21 13:25:30,484 INFO : Resultado: 8 correctos, 2 errores, 0 inválidos, 8 Socios Procesados -  Total Acumulado: 447
2022-12-21 13:25:30,486 INFO : RUC del 531 al 540
2022-12-21 13:25:31,847 DEBUG: Iniciando validacion
2022-12-21 13:25:31,848 DEBUG: Revisando en BD RUC: 20440882821
2022-12-21 13:25:31,909 DEBUG: Revisando ruc: 20440882821
2022-12-21 13:25:32,031 DEBUG: Comparando SUNAT con BD
2022-12-21 13:25:33,165 INFO : CL20440882821 actualizado
2022-12-21 13:25:33,172 DEBUG: Validacion finalizada
2022-12-21 13:25:33,173 DEBUG: Iniciando validacion
2022-12-21 13:25:33,173 DEBUG: Revisando en BD RUC: 10035047692
2022-12-21 13:25:33,234 DEBUG: Revisando ruc: 10035047692
2022-12-21 13:25:33,363 DEBUG: Comparando SUNAT con BD
2022-12-21 13:25:34,704 INFO : PL10035047692 actualizado
2022-12-21 13:25:34,711 DEBUG: Validacion finalizada
2022-12-21 13:25:34,712 DEBUG: Iniciando validacion
2022-12-21 13:25:34,713 DEBUG: Revisando en BD RUC: 20601787394
2022-12-21 13:25:34,774 DEBUG: Revisando ruc: 20601787394
2022-12-21 13:25:34,933 DEBUG: Comparando SUNAT con BD
2022-12-21 13:25:35,921 INFO : CL20601787394 actualizado
2022-12-21 13:25:35,927 DEBUG: Validacion finalizada
2022-12-21 13:25:35,928 DEBUG: Iniciando validacion
2022-12-21 13:25:35,932 DEBUG: Revisando en BD RUC: 20552543972
2022-12-21 13:25:36,120 DEBUG: Revisando ruc: 20552543972
2022-12-21 13:25:36,234 DEBUG: Comparando SUNAT con BD
2022-12-21 13:25:37,361 INFO : PL20552543972 actualizado
2022-12-21 13:25:37,373 DEBUG: Validacion finalizada
2022-12-21 13:25:37,373 DEBUG: Iniciando validacion
2022-12-21 13:25:37,375 DEBUG: Revisando en BD RUC: 10028252477
2022-12-21 13:25:37,431 DEBUG: Revisando ruc: 10028252477
2022-12-21 13:25:37,520 DEBUG: Comparando SUNAT con BD
2022-12-21 13:25:38,827 INFO : PL10028252477 actualizado
2022-12-21 13:25:38,836 DEBUG: Validacion finalizada
2022-12-21 13:25:38,837 DEBUG: Iniciando validacion
2022-12-21 13:25:38,838 DEBUG: Revisando en BD RUC: 20602592899
2022-12-21 13:25:38,898 DEBUG: Revisando ruc: 20602592899
2022-12-21 13:25:39,020 DEBUG: Comparando SUNAT con BD
2022-12-21 13:25:40,003 INFO : CL20602592899 actualizado
2022-12-21 13:25:40,017 DEBUG: Validacion finalizada
2022-12-21 13:25:40,018 DEBUG: Iniciando validacion
2022-12-21 13:25:40,021 DEBUG: Revisando en BD RUC: 20511407533
2022-12-21 13:25:40,087 DEBUG: Revisando ruc: 20511407533
2022-12-21 13:25:40,201 DEBUG: Comparando SUNAT con BD
2022-12-21 13:25:41,621 INFO : PL20511407533 actualizado
2022-12-21 13:25:41,632 DEBUG: Validacion finalizada
2022-12-21 13:25:41,633 DEBUG: Iniciando validacion
2022-12-21 13:25:41,634 DEBUG: Revisando en BD RUC: 10734458762
2022-12-21 13:25:41,699 DEBUG: Revisando ruc: 10734458762
2022-12-21 13:25:41,788 DEBUG: Comparando SUNAT con BD
2022-12-21 13:25:43,086 INFO : PL10734458762 actualizado
2022-12-21 13:25:43,095 DEBUG: Validacion finalizada
2022-12-21 13:25:43,096 DEBUG: Iniciando validacion
2022-12-21 13:25:43,102 DEBUG: Revisando en BD RUC: 20530014321
2022-12-21 13:25:43,159 DEBUG: Revisando ruc: 20530014321
2022-12-21 13:25:43,280 DEBUG: Comparando SUNAT con BD
2022-12-21 13:25:44,788 INFO : PL20530014321 actualizado
2022-12-21 13:25:44,796 DEBUG: Validacion finalizada
2022-12-21 13:25:44,796 DEBUG: Iniciando validacion
2022-12-21 13:25:44,797 DEBUG: Revisando en BD RUC: 20474102158
2022-12-21 13:25:44,848 DEBUG: Revisando ruc: 20474102158
2022-12-21 13:25:44,976 DEBUG: Comparando SUNAT con BD
2022-12-21 13:25:46,340 INFO : PL20474102158 actualizado
2022-12-21 13:25:46,346 DEBUG: Validacion finalizada
2022-12-21 13:25:46,346 INFO : Resultado: 10 correctos, 0 errores, 0 inválidos, 10 Socios Procesados -  Total Acumulado: 457
2022-12-21 13:25:46,347 INFO : RUC del 541 al 550
2022-12-21 13:25:48,027 DEBUG: Iniciando validacion
2022-12-21 13:25:48,027 DEBUG: Revisando en BD RUC: 20600411978
2022-12-21 13:25:48,087 DEBUG: Revisando ruc: 20600411978
2022-12-21 13:25:48,222 DEBUG: Comparando SUNAT con BD
2022-12-21 13:25:49,700 INFO : PL20600411978 actualizado
2022-12-21 13:25:49,708 DEBUG: Validacion finalizada
2022-12-21 13:25:49,708 DEBUG: Iniciando validacion
2022-12-21 13:25:49,709 DEBUG: Revisando en BD RUC: 20454186002
2022-12-21 13:25:49,771 DEBUG: Revisando ruc: 20454186002
2022-12-21 13:25:49,838 DEBUG: 20121101
2022-12-21 13:25:49,936 DEBUG: Comparando SUNAT con BD
2022-12-21 13:25:50,908 INFO : CL20454186002 actualizado
2022-12-21 13:25:50,947 DEBUG: Revisando ruc: 20454186002
2022-12-21 13:25:50,962 DEBUG: 20121101
2022-12-21 13:25:51,055 DEBUG: Comparando SUNAT con BD
2022-12-21 13:25:52,134 INFO : PL20454186002 actualizado
2022-12-21 13:25:52,141 DEBUG: Validacion finalizada
2022-12-21 13:25:52,144 DEBUG: Iniciando validacion
2022-12-21 13:25:52,145 DEBUG: Revisando en BD RUC: 10091454420
2022-12-21 13:25:52,208 DEBUG: Revisando ruc: 10091454420
2022-12-21 13:25:52,303 DEBUG: Comparando SUNAT con BD
2022-12-21 13:25:53,124 ERROR: Error al actualizar: CardCode-PL10091454420 - -1116: (2) bpvs:LC12 - Si se trata de una Persona Natural con RUC sin Negocio, en la pestaña de Finanzas debe colocar el tipo de impuesto "Extranjero"
2022-12-21 13:25:53,134 DEBUG: Validacion finalizada
2022-12-21 13:25:53,134 DEBUG: Iniciando validacion
2022-12-21 13:25:53,135 DEBUG: Revisando en BD RUC: 20409264965
2022-12-21 13:25:53,191 DEBUG: Revisando ruc: 20409264965
2022-12-21 13:25:53,320 DEBUG: Comparando SUNAT con BD
2022-12-21 13:25:54,149 ERROR: Error al actualizar: CardCode-PL20409264965 - -1116: (2) bpvs:LC20 - En la pestaña Direcciones, debe llenar los campos "Calle/Número", "Distrito", "Ciudad", "Departamento" de todas las direcciones
2022-12-21 13:25:54,157 DEBUG: Validacion finalizada
2022-12-21 13:25:54,158 DEBUG: Iniciando validacion
2022-12-21 13:25:54,159 DEBUG: Revisando en BD RUC: 20102505957
2022-12-21 13:25:54,221 DEBUG: Revisando ruc: 20102505957
2022-12-21 13:25:54,338 DEBUG: Comparando SUNAT con BD
2022-12-21 13:25:55,428 INFO : PL20102505957 actualizado
2022-12-21 13:25:55,437 DEBUG: Validacion finalizada
2022-12-21 13:25:55,437 DEBUG: Iniciando validacion
2022-12-21 13:25:55,439 DEBUG: Revisando en BD RUC: 20600859553
2022-12-21 13:25:55,521 DEBUG: Revisando ruc: 20600859553
2022-12-21 13:25:55,641 DEBUG: Comparando SUNAT con BD
2022-12-21 13:25:56,887 INFO : PL20600859553 actualizado
2022-12-21 13:25:56,897 DEBUG: Validacion finalizada
2022-12-21 13:25:56,897 DEBUG: Iniciando validacion
2022-12-21 13:25:56,899 DEBUG: Revisando en BD RUC: 20543046095
2022-12-21 13:25:56,963 DEBUG: Revisando ruc: 20543046095
2022-12-21 13:25:57,099 DEBUG: Comparando SUNAT con BD
2022-12-21 13:25:58,579 INFO : PL20543046095 actualizado
2022-12-21 13:25:58,586 DEBUG: Validacion finalizada
2022-12-21 13:25:58,586 DEBUG: Iniciando validacion
2022-12-21 13:25:58,587 DEBUG: Revisando en BD RUC: 20600947193
2022-12-21 13:25:58,655 DEBUG: Revisando ruc: 20600947193
2022-12-21 13:25:58,786 DEBUG: Comparando SUNAT con BD
2022-12-21 13:25:59,935 INFO : PL20600947193 actualizado
2022-12-21 13:25:59,945 DEBUG: Validacion finalizada
2022-12-21 13:25:59,945 DEBUG: Iniciando validacion
2022-12-21 13:25:59,946 DEBUG: Revisando en BD RUC: 10028935647
2022-12-21 13:26:00,078 DEBUG: Revisando ruc: 10028935647
2022-12-21 13:26:00,166 DEBUG: Comparando SUNAT con BD
2022-12-21 13:26:01,062 ERROR: Error al actualizar: CardCode-PL10028935647 - -1116: (2) bpvs:LC12 - Si se trata de una Persona Natural con RUC sin Negocio, en la pestaña de Finanzas debe colocar el tipo de impuesto "Extranjero"
2022-12-21 13:26:01,068 DEBUG: Validacion finalizada
2022-12-21 13:26:01,069 DEBUG: Iniciando validacion
2022-12-21 13:26:01,070 DEBUG: Revisando en BD RUC: 20601301050
2022-12-21 13:26:01,132 DEBUG: Revisando ruc: 20601301050
2022-12-21 13:26:01,240 DEBUG: Comparando SUNAT con BD
2022-12-21 13:26:02,445 INFO : PL20601301050 actualizado
2022-12-21 13:26:02,451 DEBUG: Validacion finalizada
2022-12-21 13:26:02,451 INFO : Resultado: 7 correctos, 3 errores, 0 inválidos, 8 Socios Procesados -  Total Acumulado: 465
2022-12-21 13:26:02,453 INFO : RUC del 551 al 560
2022-12-21 13:26:04,806 DEBUG: Iniciando validacion
2022-12-21 13:26:04,807 DEBUG: Revisando en BD RUC: 15165362532
2022-12-21 13:26:04,865 DEBUG: Revisando ruc: 15165362532
2022-12-21 13:26:05,017 DEBUG: Comparando SUNAT con BD
2022-12-21 13:26:06,017 INFO : CL15165362532 actualizado
2022-12-21 13:26:06,027 DEBUG: Validacion finalizada
2022-12-21 13:26:06,027 DEBUG: Iniciando validacion
2022-12-21 13:26:06,028 DEBUG: Revisando en BD RUC: 20605294007
2022-12-21 13:26:06,091 DEBUG: Revisando ruc: 20605294007
2022-12-21 13:26:06,197 DEBUG: Comparando SUNAT con BD
2022-12-21 13:26:07,592 INFO : PL20605294007 actualizado
2022-12-21 13:26:07,600 DEBUG: Validacion finalizada
2022-12-21 13:26:07,601 DEBUG: Iniciando validacion
2022-12-21 13:26:07,601 DEBUG: Revisando en BD RUC: 10030856886
2022-12-21 13:26:07,667 DEBUG: Revisando ruc: 10030856886
2022-12-21 13:26:07,753 DEBUG: Comparando SUNAT con BD
2022-12-21 13:26:08,436 ERROR: Error al actualizar: CardCode-PL10030856886 - -1116: (2) bpvs:LC12 - Si se trata de una Persona Natural con RUC sin Negocio, en la pestaña de Finanzas debe colocar el tipo de impuesto "Extranjero"
2022-12-21 13:26:08,442 DEBUG: Validacion finalizada
2022-12-21 13:26:08,443 DEBUG: Iniciando validacion
2022-12-21 13:26:08,445 DEBUG: Revisando en BD RUC: 10033563880
2022-12-21 13:26:08,501 DEBUG: Revisando ruc: 10033563880
2022-12-21 13:26:08,576 DEBUG: Comparando SUNAT con BD
2022-12-21 13:26:09,812 INFO : PL10033563880 actualizado
2022-12-21 13:26:09,821 DEBUG: Validacion finalizada
2022-12-21 13:26:09,822 DEBUG: Iniciando validacion
2022-12-21 13:26:09,824 DEBUG: Revisando en BD RUC: 20606034696
2022-12-21 13:26:09,892 DEBUG: Revisando ruc: 20606034696
2022-12-21 13:26:10,024 DEBUG: Comparando SUNAT con BD
2022-12-21 13:26:11,307 INFO : PL20606034696 actualizado
2022-12-21 13:26:11,314 DEBUG: Validacion finalizada
2022-12-21 13:26:11,314 DEBUG: Iniciando validacion
2022-12-21 13:26:11,316 DEBUG: Revisando en BD RUC: 20573813708
2022-12-21 13:26:11,391 DEBUG: Revisando ruc: 20573813708
2022-12-21 13:26:11,575 DEBUG: Comparando SUNAT con BD
2022-12-21 13:26:12,603 ERROR: Error al actualizar: CardCode-PL20573813708 - -1116: (2) bpvs:LC20 - En la pestaña Direcciones, debe llenar los campos "Calle/Número", "Distrito", "Ciudad", "Departamento" de todas las direcciones
2022-12-21 13:26:12,612 DEBUG: Validacion finalizada
2022-12-21 13:26:12,613 DEBUG: Iniciando validacion
2022-12-21 13:26:12,615 DEBUG: Revisando en BD RUC: 20409298355
2022-12-21 13:26:12,690 DEBUG: Revisando ruc: 20409298355
2022-12-21 13:26:12,804 DEBUG: Comparando SUNAT con BD
2022-12-21 13:26:14,047 INFO : PL20409298355 actualizado
2022-12-21 13:26:14,054 DEBUG: Validacion finalizada
2022-12-21 13:26:14,054 DEBUG: Iniciando validacion
2022-12-21 13:26:14,055 DEBUG: Revisando en BD RUC: 10028763170
2022-12-21 13:26:14,117 DEBUG: Revisando ruc: 10028763170
2022-12-21 13:26:14,203 DEBUG: Comparando SUNAT con BD
2022-12-21 13:26:15,185 ERROR: Error al actualizar: CardCode-PL10028763170 - -1116: (2) bpvs:LC12 - Si se trata de una Persona Natural con RUC sin Negocio, en la pestaña de Finanzas debe colocar el tipo de impuesto "Extranjero"
2022-12-21 13:26:15,196 DEBUG: Validacion finalizada
2022-12-21 13:26:15,196 DEBUG: Iniciando validacion
2022-12-21 13:26:15,200 DEBUG: Revisando en BD RUC: 20604113629
2022-12-21 13:26:15,267 DEBUG: Revisando ruc: 20604113629
2022-12-21 13:26:15,396 DEBUG: Comparando SUNAT con BD
2022-12-21 13:26:16,852 INFO : PL20604113629 actualizado
2022-12-21 13:26:16,859 DEBUG: Validacion finalizada
2022-12-21 13:26:16,860 DEBUG: Iniciando validacion
2022-12-21 13:26:16,860 DEBUG: Revisando en BD RUC: 10026931881
2022-12-21 13:26:16,919 DEBUG: Revisando ruc: 10026931881
2022-12-21 13:26:17,005 DEBUG: Comparando SUNAT con BD
2022-12-21 13:26:17,677 ERROR: Error al actualizar: CardCode-PL10026931881 - -1116: (2) bpvs:LC12 - Si se trata de una Persona Natural con RUC sin Negocio, en la pestaña de Finanzas debe colocar el tipo de impuesto "Extranjero"
2022-12-21 13:26:17,685 DEBUG: Validacion finalizada
2022-12-21 13:26:17,685 INFO : Resultado: 6 correctos, 4 errores, 0 inválidos, 6 Socios Procesados -  Total Acumulado: 471
2022-12-21 13:26:17,686 INFO : RUC del 561 al 570
2022-12-21 13:26:19,513 DEBUG: Iniciando validacion
2022-12-21 13:26:19,513 DEBUG: Revisando en BD RUC: 10450116471
2022-12-21 13:26:19,564 DEBUG: Revisando ruc: 10450116471
2022-12-21 13:26:19,642 DEBUG: Comparando SUNAT con BD
2022-12-21 13:26:20,550 ERROR: Error al actualizar: CardCode-PL10450116471 - -1116: (2) bpvs:FE03 - La dirección de facturación por defecto debe de tener un ubigueo definido.
2022-12-21 13:26:20,562 DEBUG: Validacion finalizada
2022-12-21 13:26:20,562 DEBUG: Iniciando validacion
2022-12-21 13:26:20,563 DEBUG: Revisando en BD RUC: 20301604794
2022-12-21 13:26:20,614 DEBUG: Revisando ruc: 20301604794
2022-12-21 13:26:20,728 DEBUG: Comparando SUNAT con BD
2022-12-21 13:26:21,874 INFO : PL20301604794 actualizado
2022-12-21 13:26:21,880 DEBUG: Validacion finalizada
2022-12-21 13:26:21,880 DEBUG: Iniciando validacion
2022-12-21 13:26:21,881 DEBUG: Revisando en BD RUC: 20605402128
2022-12-21 13:26:21,947 DEBUG: Revisando ruc: 20605402128
2022-12-21 13:26:22,060 DEBUG: Comparando SUNAT con BD
2022-12-21 13:26:23,151 INFO : PL20605402128 actualizado
2022-12-21 13:26:23,156 DEBUG: Validacion finalizada
2022-12-21 13:26:23,156 DEBUG: Iniciando validacion
2022-12-21 13:26:23,158 DEBUG: Revisando en BD RUC: 20112273922
2022-12-21 13:26:23,216 DEBUG: Revisando ruc: 20112273922
2022-12-21 13:26:23,244 DEBUG: 20030601
2022-12-21 13:26:23,244 DEBUG: 20160201
2022-12-21 13:26:23,339 DEBUG: Comparando SUNAT con BD
2022-12-21 13:26:24,434 INFO : PL20112273922 actualizado
2022-12-21 13:26:24,440 DEBUG: Validacion finalizada
2022-12-21 13:26:24,441 DEBUG: Iniciando validacion
2022-12-21 13:26:24,441 DEBUG: Revisando en BD RUC: 10167220253
2022-12-21 13:26:24,505 DEBUG: Revisando ruc: 10167220253
2022-12-21 13:26:24,593 DEBUG: Comparando SUNAT con BD
2022-12-21 13:26:25,444 ERROR: Error al actualizar: CardCode-PL10167220253 - -1116: (2) bpvs:LC12 - Si se trata de una Persona Natural con RUC sin Negocio, en la pestaña de Finanzas debe colocar el tipo de impuesto "Extranjero"
2022-12-21 13:26:25,452 DEBUG: Validacion finalizada
2022-12-21 13:26:25,452 DEBUG: Iniciando validacion
2022-12-21 13:26:25,453 DEBUG: Revisando en BD RUC: 20601107245
2022-12-21 13:26:25,512 DEBUG: Revisando ruc: 20601107245
2022-12-21 13:26:25,528 DEBUG: 20220201
2022-12-21 13:26:25,622 DEBUG: Comparando SUNAT con BD
2022-12-21 13:26:26,820 INFO : CL20601107245 actualizado
2022-12-21 13:26:26,870 DEBUG: Revisando ruc: 20601107245
2022-12-21 13:26:26,885 DEBUG: 20220201
2022-12-21 13:26:26,991 DEBUG: Comparando SUNAT con BD
2022-12-21 13:26:28,095 INFO : PL20601107245 actualizado
2022-12-21 13:26:28,102 DEBUG: Validacion finalizada
2022-12-21 13:26:28,102 DEBUG: Iniciando validacion
2022-12-21 13:26:28,104 DEBUG: Revisando en BD RUC: 20605730001
2022-12-21 13:26:28,162 DEBUG: Revisando ruc: 20605730001
2022-12-21 13:26:28,280 DEBUG: Comparando SUNAT con BD
2022-12-21 13:26:29,444 INFO : PL20605730001 actualizado
2022-12-21 13:26:29,452 DEBUG: Validacion finalizada
2022-12-21 13:26:29,453 DEBUG: Iniciando validacion
2022-12-21 13:26:29,453 DEBUG: Revisando en BD RUC: 20601111200
2022-12-21 13:26:29,508 DEBUG: Revisando ruc: 20601111200
2022-12-21 13:26:29,628 DEBUG: Comparando SUNAT con BD
2022-12-21 13:26:30,845 INFO : PL20601111200 actualizado
2022-12-21 13:26:30,854 DEBUG: Validacion finalizada
2022-12-21 13:26:30,855 DEBUG: Iniciando validacion
2022-12-21 13:26:30,856 DEBUG: Revisando en BD RUC: 20131719559
2022-12-21 13:26:30,913 DEBUG: Revisando ruc: 20131719559
2022-12-21 13:26:30,931 DEBUG: 20120601
2022-12-21 13:26:30,931 DEBUG: 20060401
2022-12-21 13:26:31,040 DEBUG: Comparando SUNAT con BD
2022-12-21 13:26:32,271 INFO : PL20131719559 actualizado
2022-12-21 13:26:32,284 DEBUG: Validacion finalizada
2022-12-21 13:26:32,285 DEBUG: Iniciando validacion
2022-12-21 13:26:32,285 DEBUG: Revisando en BD RUC: 10026450522
2022-12-21 13:26:32,350 DEBUG: Revisando ruc: 10026450522
2022-12-21 13:26:32,351 DEBUG: 20170201
2022-12-21 13:26:32,440 DEBUG: Comparando SUNAT con BD
2022-12-21 13:26:33,118 ERROR: Error al actualizar: CardCode-PL10026450522 - -1116: (2) bpvs:LC12 - Si se trata de una Persona Natural con RUC sin Negocio, en la pestaña de Finanzas debe colocar el tipo de impuesto "Extranjero"
2022-12-21 13:26:33,125 DEBUG: Validacion finalizada
2022-12-21 13:26:33,126 INFO : Resultado: 7 correctos, 3 errores, 0 inválidos, 8 Socios Procesados -  Total Acumulado: 479
2022-12-21 13:26:33,126 INFO : RUC del 571 al 580
2022-12-21 13:26:35,494 DEBUG: Iniciando validacion
2022-12-21 13:26:35,494 DEBUG: Revisando en BD RUC: 20554387498
2022-12-21 13:26:35,552 DEBUG: Revisando ruc: 20554387498
2022-12-21 13:26:35,676 DEBUG: Comparando SUNAT con BD
2022-12-21 13:26:37,086 INFO : PL20554387498 actualizado
2022-12-21 13:26:37,093 DEBUG: Validacion finalizada
2022-12-21 13:26:37,093 DEBUG: Iniciando validacion
2022-12-21 13:26:37,094 DEBUG: Revisando en BD RUC: 10036977308
2022-12-21 13:26:37,147 DEBUG: Revisando ruc: 10036977308
2022-12-21 13:26:37,239 DEBUG: Comparando SUNAT con BD
2022-12-21 13:26:38,180 ERROR: Error al actualizar: CardCode-PL10036977308 - -1116: (2) bpvs:LC20 - En la pestaña Direcciones, debe llenar los campos "Calle/Número", "Distrito", "Ciudad", "Departamento" de todas las direcciones
2022-12-21 13:26:38,188 DEBUG: Validacion finalizada
2022-12-21 13:26:38,189 DEBUG: Iniciando validacion
2022-12-21 13:26:38,190 DEBUG: Revisando en BD RUC: 20388710994
2022-12-21 13:26:38,247 DEBUG: Revisando ruc: 20388710994
2022-12-21 13:26:38,361 DEBUG: Comparando SUNAT con BD
2022-12-21 13:26:39,789 INFO : PL20388710994 actualizado
2022-12-21 13:26:39,796 DEBUG: Validacion finalizada
2022-12-21 13:26:39,797 DEBUG: Iniciando validacion
2022-12-21 13:26:39,797 DEBUG: Revisando en BD RUC: 20602601316
2022-12-21 13:26:39,852 DEBUG: Revisando ruc: 20602601316
2022-12-21 13:26:39,966 DEBUG: Comparando SUNAT con BD
2022-12-21 13:26:41,181 INFO : PL20602601316 actualizado
2022-12-21 13:26:41,191 DEBUG: Validacion finalizada
2022-12-21 13:26:41,191 DEBUG: Iniciando validacion
2022-12-21 13:26:41,192 DEBUG: Revisando en BD RUC: 20606367377
2022-12-21 13:26:41,258 DEBUG: Revisando ruc: 20606367377
2022-12-21 13:26:41,377 DEBUG: Comparando SUNAT con BD
2022-12-21 13:26:42,769 INFO : PL20606367377 actualizado
2022-12-21 13:26:42,778 DEBUG: Validacion finalizada
2022-12-21 13:26:42,779 DEBUG: Iniciando validacion
2022-12-21 13:26:42,779 DEBUG: Revisando en BD RUC: 20266614803
2022-12-21 13:26:42,838 DEBUG: Revisando ruc: 20266614803
2022-12-21 13:26:42,854 DEBUG: 20140301
2022-12-21 13:26:42,944 DEBUG: Comparando SUNAT con BD
2022-12-21 13:26:43,932 INFO : PL20266614803 actualizado
2022-12-21 13:26:43,939 DEBUG: Validacion finalizada
2022-12-21 13:26:43,939 DEBUG: Iniciando validacion
2022-12-21 13:26:43,940 DEBUG: Revisando en BD RUC: 10471334494
2022-12-21 13:26:43,990 DEBUG: Revisando ruc: 10471334494
2022-12-21 13:26:44,086 DEBUG: Comparando SUNAT con BD
2022-12-21 13:26:44,765 ERROR: Error al actualizar: CardCode-PL10471334494 - -1116: (2) bpvs:LC12 - Si se trata de una Persona Natural con RUC sin Negocio, en la pestaña de Finanzas debe colocar el tipo de impuesto "Extranjero"
2022-12-21 13:26:44,772 DEBUG: Validacion finalizada
2022-12-21 13:26:44,772 DEBUG: Iniciando validacion
2022-12-21 13:26:44,773 DEBUG: Revisando en BD RUC: 20601515581
2022-12-21 13:26:44,841 DEBUG: Revisando ruc: 20601515581
2022-12-21 13:26:44,985 DEBUG: Comparando SUNAT con BD
2022-12-21 13:26:46,415 INFO : PL20601515581 actualizado
2022-12-21 13:26:46,426 DEBUG: Validacion finalizada
2022-12-21 13:26:46,426 DEBUG: Iniciando validacion
2022-12-21 13:26:46,430 DEBUG: Revisando en BD RUC: 10436564789
2022-12-21 13:26:46,492 DEBUG: Revisando ruc: 10436564789
2022-12-21 13:26:46,583 DEBUG: Comparando SUNAT con BD
2022-12-21 13:26:47,838 INFO : PL10436564789 actualizado
2022-12-21 13:26:47,845 DEBUG: Validacion finalizada
2022-12-21 13:26:47,845 DEBUG: Iniciando validacion
2022-12-21 13:26:47,846 DEBUG: Revisando en BD RUC: 20510037562
2022-12-21 13:26:47,905 DEBUG: Revisando ruc: 20510037562
2022-12-21 13:26:48,026 DEBUG: Comparando SUNAT con BD
2022-12-21 13:26:49,178 INFO : PL20510037562 actualizado
2022-12-21 13:26:49,186 DEBUG: Validacion finalizada
2022-12-21 13:26:49,186 INFO : Resultado: 8 correctos, 2 errores, 0 inválidos, 8 Socios Procesados -  Total Acumulado: 487
2022-12-21 13:26:49,186 INFO : RUC del 581 al 590
2022-12-21 13:26:50,902 DEBUG: Iniciando validacion
2022-12-21 13:26:50,903 DEBUG: Revisando en BD RUC: 10472469954
2022-12-21 13:26:50,965 DEBUG: Revisando ruc: 10472469954
2022-12-21 13:26:51,046 DEBUG: Comparando SUNAT con BD
2022-12-21 13:26:52,007 ERROR: Error al actualizar: CardCode-PL10472469954 - -1116: (2) bpvs:LC12 - Si se trata de una Persona Natural con RUC sin Negocio, en la pestaña de Finanzas debe colocar el tipo de impuesto "Extranjero"
2022-12-21 13:26:52,016 DEBUG: Validacion finalizada
2022-12-21 13:26:52,016 DEBUG: Iniciando validacion
2022-12-21 13:26:52,017 DEBUG: Revisando en BD RUC: 20172606777
2022-12-21 13:26:52,071 DEBUG: Revisando ruc: 20172606777
2022-12-21 13:26:52,092 DEBUG: 20021101
2022-12-21 13:26:52,195 DEBUG: Comparando SUNAT con BD
2022-12-21 13:26:53,325 INFO : CL20172606777 actualizado
2022-12-21 13:26:53,346 DEBUG: Revisando ruc: 20172606777
2022-12-21 13:26:53,372 DEBUG: 20021101
2022-12-21 13:26:53,476 DEBUG: Comparando SUNAT con BD
2022-12-21 13:26:54,414 INFO : PL20172606777 actualizado
2022-12-21 13:26:54,419 DEBUG: Validacion finalizada
2022-12-21 13:26:54,419 DEBUG: Iniciando validacion
2022-12-21 13:26:54,421 DEBUG: Revisando en BD RUC: 20606883669
2022-12-21 13:26:54,479 DEBUG: Revisando ruc: 20606883669
2022-12-21 13:26:54,599 DEBUG: Comparando SUNAT con BD
2022-12-21 13:26:55,999 INFO : PL20606883669 actualizado
2022-12-21 13:26:56,008 DEBUG: Validacion finalizada
2022-12-21 13:26:56,009 DEBUG: Iniciando validacion
2022-12-21 13:26:56,011 DEBUG: Revisando en BD RUC: 10460322427
2022-12-21 13:26:56,076 DEBUG: Revisando ruc: 10460322427
2022-12-21 13:26:56,156 DEBUG: Comparando SUNAT con BD
2022-12-21 13:26:56,963 ERROR: Error al actualizar: CardCode-PL10460322427 - -1116: (2) bpvs:LC12 - Si se trata de una Persona Natural con RUC sin Negocio, en la pestaña de Finanzas debe colocar el tipo de impuesto "Extranjero"
2022-12-21 13:26:56,972 DEBUG: Validacion finalizada
2022-12-21 13:26:56,973 DEBUG: Iniciando validacion
2022-12-21 13:26:56,975 DEBUG: Revisando en BD RUC: 20484335614
2022-12-21 13:26:57,044 DEBUG: Revisando ruc: 20484335614
2022-12-21 13:26:57,058 DEBUG: 20180901
2022-12-21 13:26:57,161 DEBUG: Comparando SUNAT con BD
2022-12-21 13:26:58,332 INFO : PL20484335614 actualizado
2022-12-21 13:26:58,343 DEBUG: Validacion finalizada
2022-12-21 13:26:58,344 DEBUG: Iniciando validacion
2022-12-21 13:26:58,345 DEBUG: Revisando en BD RUC: 20607021342
2022-12-21 13:26:58,398 DEBUG: Revisando ruc: 20607021342
2022-12-21 13:26:58,511 DEBUG: Comparando SUNAT con BD
2022-12-21 13:26:59,572 INFO : PL20607021342 actualizado
2022-12-21 13:26:59,579 DEBUG: Validacion finalizada
2022-12-21 13:26:59,581 DEBUG: Iniciando validacion
2022-12-21 13:26:59,585 DEBUG: Revisando en BD RUC: 20607978779
2022-12-21 13:26:59,646 DEBUG: Revisando ruc: 20607978779
2022-12-21 13:26:59,760 DEBUG: Comparando SUNAT con BD
2022-12-21 13:27:00,846 INFO : PL20607978779 actualizado
2022-12-21 13:27:00,854 DEBUG: Validacion finalizada
2022-12-21 13:27:00,855 DEBUG: Iniciando validacion
2022-12-21 13:27:00,856 DEBUG: Revisando en BD RUC: 20605239936
2022-12-21 13:27:00,908 DEBUG: Revisando ruc: 20605239936
2022-12-21 13:27:01,029 DEBUG: Comparando SUNAT con BD
2022-12-21 13:27:01,979 INFO : PL20605239936 actualizado
2022-12-21 13:27:01,986 DEBUG: Validacion finalizada
2022-12-21 13:27:01,986 DEBUG: Iniciando validacion
2022-12-21 13:27:01,987 DEBUG: Revisando en BD RUC: 20409494294
2022-12-21 13:27:02,042 DEBUG: Revisando ruc: 20409494294
2022-12-21 13:27:02,157 DEBUG: Comparando SUNAT con BD
2022-12-21 13:27:03,502 INFO : PL20409494294 actualizado
2022-12-21 13:27:03,508 DEBUG: Validacion finalizada
2022-12-21 13:27:03,509 DEBUG: Iniciando validacion
2022-12-21 13:27:03,510 DEBUG: Revisando en BD RUC: 20603891784
2022-12-21 13:27:03,579 DEBUG: Revisando ruc: 20603891784
2022-12-21 13:27:03,710 DEBUG: Comparando SUNAT con BD
2022-12-21 13:27:04,764 INFO : PL20603891784 actualizado
2022-12-21 13:27:04,770 DEBUG: Validacion finalizada
2022-12-21 13:27:04,771 INFO : Resultado: 8 correctos, 2 errores, 0 inválidos, 9 Socios Procesados -  Total Acumulado: 496
2022-12-21 13:27:04,771 INFO : RUC del 591 al 600
2022-12-21 13:27:06,983 DEBUG: Iniciando validacion
2022-12-21 13:27:06,983 DEBUG: Revisando en BD RUC: 20483845520
2022-12-21 13:27:07,036 DEBUG: Revisando ruc: 20483845520
2022-12-21 13:27:07,152 DEBUG: Comparando SUNAT con BD
2022-12-21 13:27:08,109 INFO : PL20483845520 actualizado
2022-12-21 13:27:08,115 DEBUG: Validacion finalizada
2022-12-21 13:27:08,115 DEBUG: Iniciando validacion
2022-12-21 13:27:08,116 DEBUG: Revisando en BD RUC: 20543854043
2022-12-21 13:27:08,183 DEBUG: Revisando ruc: 20543854043
2022-12-21 13:27:08,293 DEBUG: Comparando SUNAT con BD
2022-12-21 13:27:09,319 ERROR: Error al actualizar: CardCode-PL20543854043 - -1116: (2) bpvs:LC20 - En la pestaña Direcciones, debe llenar los campos "Calle/Número", "Distrito", "Ciudad", "Departamento" de todas las direcciones
2022-12-21 13:27:09,326 DEBUG: Validacion finalizada
2022-12-21 13:27:09,326 DEBUG: Iniciando validacion
2022-12-21 13:27:09,327 DEBUG: Revisando en BD RUC: 20565643496
2022-12-21 13:27:09,392 DEBUG: Revisando ruc: 20565643496
2022-12-21 13:27:09,507 DEBUG: Comparando SUNAT con BD
2022-12-21 13:27:10,462 INFO : PL20565643496 actualizado
2022-12-21 13:27:10,469 DEBUG: Validacion finalizada
2022-12-21 13:27:10,469 DEBUG: Iniciando validacion
2022-12-21 13:27:10,472 DEBUG: Revisando en BD RUC: 20517374661
2022-12-21 13:27:10,539 DEBUG: Revisando ruc: 20517374661
2022-12-21 13:27:10,558 DEBUG: 20110501
2022-12-21 13:27:10,651 DEBUG: Comparando SUNAT con BD
2022-12-21 13:27:11,583 INFO : PL20517374661 actualizado
2022-12-21 13:27:11,591 DEBUG: Validacion finalizada
2022-12-21 13:27:11,592 DEBUG: Iniciando validacion
2022-12-21 13:27:11,593 DEBUG: Revisando en BD RUC: 20547999691
2022-12-21 13:27:11,648 DEBUG: Revisando ruc: 20547999691
2022-12-21 13:27:11,701 DEBUG: 20150201
2022-12-21 13:27:11,794 DEBUG: Comparando SUNAT con BD
2022-12-21 13:27:12,841 INFO : PL20547999691 actualizado
2022-12-21 13:27:12,849 DEBUG: Validacion finalizada
2022-12-21 13:27:12,849 DEBUG: Iniciando validacion
2022-12-21 13:27:12,850 DEBUG: Revisando en BD RUC: 20608775286
2022-12-21 13:27:12,918 DEBUG: Revisando ruc: 20608775286
2022-12-21 13:27:13,026 DEBUG: Comparando SUNAT con BD
2022-12-21 13:27:14,254 INFO : PL20608775286 actualizado
2022-12-21 13:27:14,260 DEBUG: Validacion finalizada
2022-12-21 13:27:14,261 DEBUG: Iniciando validacion
2022-12-21 13:27:14,261 DEBUG: Revisando en BD RUC: 10475777749
2022-12-21 13:27:14,321 DEBUG: Revisando ruc: 10475777749
2022-12-21 13:27:14,412 DEBUG: Comparando SUNAT con BD
2022-12-21 13:27:15,457 ERROR: Error al actualizar: CardCode-PL10475777749 - -1116: (2) bpvs:LC20 - En la pestaña Direcciones, debe llenar los campos "Calle/Número", "Distrito", "Ciudad", "Departamento" de todas las direcciones
2022-12-21 13:27:15,466 DEBUG: Validacion finalizada
2022-12-21 13:27:15,467 DEBUG: Iniciando validacion
2022-12-21 13:27:15,468 DEBUG: Revisando en BD RUC: 20197316269
2022-12-21 13:27:15,530 DEBUG: Revisando ruc: 20197316269
2022-12-21 13:27:15,663 DEBUG: Comparando SUNAT con BD
2022-12-21 13:27:17,176 INFO : PL20197316269 actualizado
2022-12-21 13:27:17,184 DEBUG: Validacion finalizada
2022-12-21 13:27:17,185 DEBUG: Iniciando validacion
2022-12-21 13:27:17,185 DEBUG: Revisando en BD RUC: 20600996372
2022-12-21 13:27:17,245 DEBUG: Revisando ruc: 20600996372
2022-12-21 13:27:17,355 DEBUG: Comparando SUNAT con BD
2022-12-21 13:27:18,341 INFO : PL20600996372 actualizado
2022-12-21 13:27:18,349 DEBUG: Validacion finalizada
2022-12-21 13:27:18,349 DEBUG: Iniciando validacion
2022-12-21 13:27:18,350 DEBUG: Revisando en BD RUC: 10475362140
2022-12-21 13:27:18,424 DEBUG: Revisando ruc: 10475362140
2022-12-21 13:27:18,508 DEBUG: Comparando SUNAT con BD
2022-12-21 13:27:19,274 ERROR: Error al actualizar: CardCode-PL10475362140 - -1116: (2) bpvs:LC18 - Debe registrar por lo menos una dirección de almacén
2022-12-21 13:27:19,283 DEBUG: Validacion finalizada
2022-12-21 13:27:19,284 INFO : Resultado: 7 correctos, 3 errores, 0 inválidos, 7 Socios Procesados -  Total Acumulado: 503
2022-12-21 13:27:19,284 INFO : RUC del 601 al 610
2022-12-21 13:27:21,021 DEBUG: Iniciando validacion
2022-12-21 13:27:21,021 DEBUG: Revisando en BD RUC: 20479566250
2022-12-21 13:27:21,073 DEBUG: Revisando ruc: 20479566250
2022-12-21 13:27:21,205 DEBUG: Comparando SUNAT con BD
2022-12-21 13:27:22,578 INFO : PL20479566250 actualizado
2022-12-21 13:27:22,584 DEBUG: Validacion finalizada
2022-12-21 13:27:22,585 DEBUG: Iniciando validacion
2022-12-21 13:27:22,589 DEBUG: Revisando en BD RUC: 10181244360
2022-12-21 13:27:22,653 DEBUG: Revisando ruc: 10181244360
2022-12-21 13:27:22,746 DEBUG: Comparando SUNAT con BD
2022-12-21 13:27:23,633 ERROR: Error al actualizar: CardCode-PL10181244360 - -1116: (2) bpvs:LC12 - Si se trata de una Persona Natural con RUC sin Negocio, en la pestaña de Finanzas debe colocar el tipo de impuesto "Extranjero"
2022-12-21 13:27:23,642 DEBUG: Validacion finalizada
2022-12-21 13:27:23,642 DEBUG: Iniciando validacion
2022-12-21 13:27:23,643 DEBUG: Revisando en BD RUC: 10477241803
2022-12-21 13:27:23,727 DEBUG: Revisando ruc: 10477241803
2022-12-21 13:27:23,813 DEBUG: Comparando SUNAT con BD
2022-12-21 13:27:24,752 ERROR: Error al actualizar: CardCode-PL10477241803 - -1116: (2) bpvs:LC12 - Si se trata de una Persona Natural con RUC sin Negocio, en la pestaña de Finanzas debe colocar el tipo de impuesto "Extranjero"
2022-12-21 13:27:24,760 DEBUG: Validacion finalizada
2022-12-21 13:27:24,760 DEBUG: Iniciando validacion
2022-12-21 13:27:24,761 DEBUG: Revisando en BD RUC: 10702151037
2022-12-21 13:27:24,829 DEBUG: Revisando ruc: 10702151037
2022-12-21 13:27:24,903 DEBUG: Comparando SUNAT con BD
2022-12-21 13:27:25,732 ERROR: Error al actualizar: CardCode-PL10702151037 - -1116: (2) bpvs:LC18 - Debe registrar por lo menos una dirección de almacén
2022-12-21 13:27:25,742 DEBUG: Validacion finalizada
2022-12-21 13:27:25,744 DEBUG: Iniciando validacion
2022-12-21 13:27:25,745 DEBUG: Revisando en BD RUC: 10026184733
2022-12-21 13:27:25,811 DEBUG: Revisando ruc: 10026184733
2022-12-21 13:27:25,892 DEBUG: Comparando SUNAT con BD
2022-12-21 13:27:26,883 ERROR: Error al actualizar: CardCode-PL10026184733 - -1116: (2) bpvs:LC20 - En la pestaña Direcciones, debe llenar los campos "Calle/Número", "Distrito", "Ciudad", "Departamento" de todas las direcciones
2022-12-21 13:27:26,890 DEBUG: Validacion finalizada
2022-12-21 13:27:26,891 DEBUG: Iniciando validacion
2022-12-21 13:27:26,891 DEBUG: Revisando en BD RUC: 20529961635
2022-12-21 13:27:26,948 DEBUG: Revisando ruc: 20529961635
2022-12-21 13:27:27,070 DEBUG: Comparando SUNAT con BD
2022-12-21 13:27:28,399 INFO : PL20529961635 actualizado
2022-12-21 13:27:28,408 DEBUG: Validacion finalizada
2022-12-21 13:27:28,409 DEBUG: Iniciando validacion
2022-12-21 13:27:28,411 DEBUG: Revisando en BD RUC: 20563027607
2022-12-21 13:27:28,459 DEBUG: Revisando ruc: 20563027607
2022-12-21 13:27:28,586 DEBUG: Comparando SUNAT con BD
2022-12-21 13:27:29,566 INFO : PL20563027607 actualizado
2022-12-21 13:27:29,575 DEBUG: Validacion finalizada
2022-12-21 13:27:29,575 DEBUG: Iniciando validacion
2022-12-21 13:27:29,576 DEBUG: Revisando en BD RUC: 10026537270
2022-12-21 13:27:29,641 DEBUG: Revisando ruc: 10026537270
2022-12-21 13:27:29,730 DEBUG: Comparando SUNAT con BD
2022-12-21 13:27:30,444 ERROR: Error al actualizar: CardCode-PL10026537270 - -1116: (2) bpvs:LC12 - Si se trata de una Persona Natural con RUC sin Negocio, en la pestaña de Finanzas debe colocar el tipo de impuesto "Extranjero"
2022-12-21 13:27:30,458 DEBUG: Validacion finalizada
2022-12-21 13:27:30,459 DEBUG: Iniciando validacion
2022-12-21 13:27:30,460 DEBUG: Revisando en BD RUC: 10028397840
2022-12-21 13:27:30,531 DEBUG: Revisando ruc: 10028397840
2022-12-21 13:27:30,612 DEBUG: Comparando SUNAT con BD
2022-12-21 13:27:32,066 INFO : PL10028397840 actualizado
2022-12-21 13:27:32,072 DEBUG: Validacion finalizada
2022-12-21 13:27:32,073 DEBUG: Iniciando validacion
2022-12-21 13:27:32,080 DEBUG: Revisando en BD RUC: 10483177009
2022-12-21 13:27:32,158 DEBUG: Revisando ruc: 10483177009
2022-12-21 13:27:32,244 DEBUG: Comparando SUNAT con BD
2022-12-21 13:27:33,297 INFO : PL10483177009 actualizado
2022-12-21 13:27:33,304 DEBUG: Validacion finalizada
2022-12-21 13:27:33,305 INFO : Resultado: 5 correctos, 5 errores, 0 inválidos, 5 Socios Procesados -  Total Acumulado: 508
2022-12-21 13:27:33,308 INFO : RUC del 611 al 620
2022-12-21 13:27:35,348 DEBUG: Iniciando validacion
2022-12-21 13:27:35,348 DEBUG: Revisando en BD RUC: 10483299864
2022-12-21 13:27:35,410 DEBUG: Revisando ruc: 10483299864
2022-12-21 13:27:35,494 DEBUG: Comparando SUNAT con BD
2022-12-21 13:27:36,334 ERROR: Error al actualizar: CardCode-PL10483299864 - -1116: (2) bpvs:LC12 - Si se trata de una Persona Natural con RUC sin Negocio, en la pestaña de Finanzas debe colocar el tipo de impuesto "Extranjero"
2022-12-21 13:27:36,346 DEBUG: Validacion finalizada
2022-12-21 13:27:36,346 DEBUG: Iniciando validacion
2022-12-21 13:27:36,347 DEBUG: Revisando en BD RUC: 10484074467
2022-12-21 13:27:36,406 DEBUG: Revisando ruc: 10484074467
2022-12-21 13:27:36,497 DEBUG: Comparando SUNAT con BD
2022-12-21 13:27:37,635 INFO : PL10484074467 actualizado
2022-12-21 13:27:37,640 DEBUG: Validacion finalizada
2022-12-21 13:27:37,641 DEBUG: Iniciando validacion
2022-12-21 13:27:37,642 DEBUG: Revisando en BD RUC: 20467089464
2022-12-21 13:27:37,702 DEBUG: Revisando ruc: 20467089464
2022-12-21 13:27:37,827 DEBUG: Comparando SUNAT con BD
2022-12-21 13:27:38,729 ERROR: Error al actualizar: CardCode-PL20467089464 - -1116: (2) bpvs:LC20 - En la pestaña Direcciones, debe llenar los campos "Calle/Número", "Distrito", "Ciudad", "Departamento" de todas las direcciones
2022-12-21 13:27:38,735 DEBUG: Validacion finalizada
2022-12-21 13:27:38,735 DEBUG: Iniciando validacion
2022-12-21 13:27:38,736 DEBUG: Revisando en BD RUC: 10489619704
2022-12-21 13:27:38,787 DEBUG: Revisando ruc: 10489619704
2022-12-21 13:27:38,872 DEBUG: Comparando SUNAT con BD
2022-12-21 13:27:39,588 ERROR: Error al actualizar: CardCode-PL10489619704 - -1116: (2) bpvs:LC12 - Si se trata de una Persona Natural con RUC sin Negocio, en la pestaña de Finanzas debe colocar el tipo de impuesto "Extranjero"
2022-12-21 13:27:39,594 DEBUG: Validacion finalizada
2022-12-21 13:27:39,595 DEBUG: Iniciando validacion
2022-12-21 13:27:39,595 DEBUG: Revisando en BD RUC: 20601448697
2022-12-21 13:27:39,646 DEBUG: Revisando ruc: 20601448697
2022-12-21 13:27:39,759 DEBUG: Comparando SUNAT con BD
2022-12-21 13:27:40,738 INFO : PL20601448697 actualizado
2022-12-21 13:27:40,748 DEBUG: Validacion finalizada
2022-12-21 13:27:40,749 DEBUG: Iniciando validacion
2022-12-21 13:27:40,751 DEBUG: Revisando en BD RUC: 10434746537
2022-12-21 13:27:40,808 DEBUG: Revisando ruc: 10434746537
2022-12-21 13:27:40,881 DEBUG: Comparando SUNAT con BD
2022-12-21 13:27:41,651 ERROR: Error al actualizar: CardCode-PL10434746537 - -1116: (2) bpvs:LC18 - Debe registrar por lo menos una dirección de almacén
2022-12-21 13:27:41,660 DEBUG: Validacion finalizada
2022-12-21 13:27:41,660 DEBUG: Iniciando validacion
2022-12-21 13:27:41,661 DEBUG: Revisando en BD RUC: 10434077112
2022-12-21 13:27:41,728 DEBUG: Revisando ruc: 10434077112
2022-12-21 13:27:41,814 DEBUG: Comparando SUNAT con BD
2022-12-21 13:27:42,508 ERROR: Error al actualizar: CardCode-PL10434077112 - -1116: (2) bpvs:LC12 - Si se trata de una Persona Natural con RUC sin Negocio, en la pestaña de Finanzas debe colocar el tipo de impuesto "Extranjero"
2022-12-21 13:27:42,516 DEBUG: Validacion finalizada
2022-12-21 13:27:42,516 DEBUG: Iniciando validacion
2022-12-21 13:27:42,517 DEBUG: Revisando en BD RUC: 10425191239
2022-12-21 13:27:42,574 DEBUG: Revisando ruc: 10425191239
2022-12-21 13:27:42,664 DEBUG: Comparando SUNAT con BD
2022-12-21 13:27:44,107 INFO : PL10425191239 actualizado
2022-12-21 13:27:44,113 DEBUG: Validacion finalizada
2022-12-21 13:27:44,114 DEBUG: Iniciando validacion
2022-12-21 13:27:44,115 DEBUG: Revisando en BD RUC: 10435834715
2022-12-21 13:27:44,181 DEBUG: Revisando ruc: 10435834715
2022-12-21 13:27:44,262 DEBUG: Comparando SUNAT con BD
2022-12-21 13:27:45,460 INFO : PL10435834715 actualizado
2022-12-21 13:27:45,466 DEBUG: Validacion finalizada
2022-12-21 13:27:45,466 DEBUG: Iniciando validacion
2022-12-21 13:27:45,467 DEBUG: Revisando en BD RUC: 10434789694
2022-12-21 13:27:45,531 DEBUG: Revisando ruc: 10434789694
2022-12-21 13:27:45,620 DEBUG: Comparando SUNAT con BD
2022-12-21 13:27:46,285 ERROR: Error al actualizar: CardCode-PL10434789694 - -1116: (2) bpvs:LC12 - Si se trata de una Persona Natural con RUC sin Negocio, en la pestaña de Finanzas debe colocar el tipo de impuesto "Extranjero"
2022-12-21 13:27:46,294 DEBUG: Validacion finalizada
2022-12-21 13:27:46,295 INFO : Resultado: 4 correctos, 6 errores, 0 inválidos, 4 Socios Procesados -  Total Acumulado: 512
2022-12-21 13:27:46,296 INFO : RUC del 621 al 630
2022-12-21 13:27:48,349 DEBUG: Iniciando validacion
2022-12-21 13:27:48,350 DEBUG: Revisando en BD RUC: 10435193094
2022-12-21 13:27:48,406 DEBUG: Revisando ruc: 10435193094
2022-12-21 13:27:48,496 DEBUG: Comparando SUNAT con BD
2022-12-21 13:27:49,636 INFO : PL10435193094 actualizado
2022-12-21 13:27:49,645 DEBUG: Validacion finalizada
2022-12-21 13:27:49,645 DEBUG: Iniciando validacion
2022-12-21 13:27:49,646 DEBUG: Revisando en BD RUC: 20602224181
2022-12-21 13:27:49,712 DEBUG: Revisando ruc: 20602224181
2022-12-21 13:27:49,826 DEBUG: Comparando SUNAT con BD
2022-12-21 13:27:50,827 INFO : PL20602224181 actualizado
2022-12-21 13:27:50,832 DEBUG: Validacion finalizada
2022-12-21 13:27:50,833 DEBUG: Iniciando validacion
2022-12-21 13:27:50,833 DEBUG: Revisando en BD RUC: 10102659860
2022-12-21 13:27:50,899 DEBUG: Revisando ruc: 10102659860
2022-12-21 13:27:50,980 DEBUG: Comparando SUNAT con BD
2022-12-21 13:27:51,678 ERROR: Error al actualizar: CardCode-PL10102659860 - -1116: (2) bpvs:LC12 - Si se trata de una Persona Natural con RUC sin Negocio, en la pestaña de Finanzas debe colocar el tipo de impuesto "Extranjero"
2022-12-21 13:27:51,686 DEBUG: Validacion finalizada
2022-12-21 13:27:51,687 DEBUG: Iniciando validacion
2022-12-21 13:27:51,687 DEBUG: Revisando en BD RUC: 20557069721
2022-12-21 13:27:51,744 DEBUG: Revisando ruc: 20557069721
2022-12-21 13:27:51,862 DEBUG: Comparando SUNAT con BD
2022-12-21 13:27:52,721 ERROR: Error al actualizar: CardCode-PL20557069721 - -1116: (2) bpvs:LC20 - En la pestaña Direcciones, debe llenar los campos "Calle/Número", "Distrito", "Ciudad", "Departamento" de todas las direcciones
2022-12-21 13:27:52,730 DEBUG: Validacion finalizada
2022-12-21 13:27:52,730 DEBUG: Iniciando validacion
2022-12-21 13:27:52,731 DEBUG: Revisando en BD RUC: 10431391908
2022-12-21 13:27:52,797 DEBUG: Revisando ruc: 10431391908
2022-12-21 13:27:52,885 DEBUG: Comparando SUNAT con BD
2022-12-21 13:27:53,742 ERROR: Error al actualizar: CardCode-PL10431391908 - -1116: (2) bpvs:LC12 - Si se trata de una Persona Natural con RUC sin Negocio, en la pestaña de Finanzas debe colocar el tipo de impuesto "Extranjero"
2022-12-21 13:27:53,749 DEBUG: Validacion finalizada
2022-12-21 13:27:53,749 DEBUG: Iniciando validacion
2022-12-21 13:27:53,750 DEBUG: Revisando en BD RUC: 20604718369
2022-12-21 13:27:53,806 DEBUG: Revisando ruc: 20604718369
2022-12-21 13:27:53,826 DEBUG: 20220201
2022-12-21 13:27:53,917 DEBUG: Comparando SUNAT con BD
2022-12-21 13:27:55,052 INFO : PL20604718369 actualizado
2022-12-21 13:27:55,058 DEBUG: Validacion finalizada
2022-12-21 13:27:55,058 DEBUG: Iniciando validacion
2022-12-21 13:27:55,059 DEBUG: Revisando en BD RUC: 10430529701
2022-12-21 13:27:55,130 DEBUG: Revisando ruc: 10430529701
2022-12-21 13:27:55,215 DEBUG: Comparando SUNAT con BD
2022-12-21 13:27:56,444 ERROR: Error al actualizar: CardCode-PL10430529701 - -1116: (2) bpvs:LC18 - Debe registrar por lo menos una dirección de almacén
2022-12-21 13:27:56,451 DEBUG: Validacion finalizada
2022-12-21 13:27:56,451 DEBUG: Iniciando validacion
2022-12-21 13:27:56,452 DEBUG: Revisando en BD RUC: 10430832005
2022-12-21 13:27:56,507 DEBUG: Revisando ruc: 10430832005
2022-12-21 13:27:56,611 DEBUG: Comparando SUNAT con BD
2022-12-21 13:27:57,288 ERROR: Error al actualizar: CardCode-PL10430832005 - -1116: (2) bpvs:LC12 - Si se trata de una Persona Natural con RUC sin Negocio, en la pestaña de Finanzas debe colocar el tipo de impuesto "Extranjero"
2022-12-21 13:27:57,296 DEBUG: Validacion finalizada
2022-12-21 13:27:57,297 DEBUG: Iniciando validacion
2022-12-21 13:27:57,298 DEBUG: Revisando en BD RUC: 20268784625
2022-12-21 13:27:57,355 DEBUG: Revisando ruc: 20268784625
2022-12-21 13:27:57,372 DEBUG: 20111201
2022-12-21 13:27:57,472 DEBUG: Comparando SUNAT con BD
2022-12-21 13:27:58,811 INFO : PL20268784625 actualizado
2022-12-21 13:27:58,820 DEBUG: Validacion finalizada
2022-12-21 13:27:58,821 DEBUG: Iniciando validacion
2022-12-21 13:27:58,823 DEBUG: Revisando en BD RUC: 10433313025
2022-12-21 13:27:58,911 DEBUG: Revisando ruc: 10433313025
2022-12-21 13:27:58,992 DEBUG: Comparando SUNAT con BD
2022-12-21 13:27:59,678 ERROR: Error al actualizar: CardCode-PL10433313025 - -1116: (2) bpvs:LC12 - Si se trata de una Persona Natural con RUC sin Negocio, en la pestaña de Finanzas debe colocar el tipo de impuesto "Extranjero"
2022-12-21 13:27:59,687 DEBUG: Validacion finalizada
2022-12-21 13:27:59,688 INFO : Resultado: 4 correctos, 6 errores, 0 inválidos, 4 Socios Procesados -  Total Acumulado: 516
2022-12-21 13:27:59,689 INFO : RUC del 631 al 640
2022-12-21 13:28:00,844 DEBUG: Iniciando validacion
2022-12-21 13:28:00,844 DEBUG: Revisando en BD RUC: 20113539594
2022-12-21 13:28:00,900 DEBUG: Revisando ruc: 20113539594
2022-12-21 13:28:00,917 DEBUG: 20121101
2022-12-21 13:28:00,918 DEBUG: 20060401
2022-12-21 13:28:01,016 DEBUG: Comparando SUNAT con BD
2022-12-21 13:28:02,442 INFO : PL20113539594 actualizado
2022-12-21 13:28:02,451 DEBUG: Validacion finalizada
2022-12-21 13:28:02,452 DEBUG: Iniciando validacion
2022-12-21 13:28:02,454 DEBUG: Revisando en BD RUC: 20603000286
2022-12-21 13:28:02,506 DEBUG: Revisando ruc: 20603000286
2022-12-21 13:28:02,636 DEBUG: Comparando SUNAT con BD
2022-12-21 13:28:03,651 INFO : PL20603000286 actualizado
2022-12-21 13:28:03,661 DEBUG: Validacion finalizada
2022-12-21 13:28:03,661 DEBUG: Iniciando validacion
2022-12-21 13:28:03,663 DEBUG: Revisando en BD RUC: 10431837892
2022-12-21 13:28:03,727 DEBUG: Revisando ruc: 10431837892
2022-12-21 13:28:03,810 DEBUG: Comparando SUNAT con BD
2022-12-21 13:28:04,516 ERROR: Error al actualizar: CardCode-PL10431837892 - -1116: (2) bpvs:LC12 - Si se trata de una Persona Natural con RUC sin Negocio, en la pestaña de Finanzas debe colocar el tipo de impuesto "Extranjero"
2022-12-21 13:28:04,528 DEBUG: Validacion finalizada
2022-12-21 13:28:04,529 DEBUG: Iniciando validacion
2022-12-21 13:28:04,529 DEBUG: Revisando en BD RUC: 10432367466
2022-12-21 13:28:04,600 DEBUG: Revisando ruc: 10432367466
2022-12-21 13:28:04,680 DEBUG: Comparando SUNAT con BD
2022-12-21 13:28:05,329 ERROR: Error al actualizar: CardCode-PL10432367466 - -1116: (2) bpvs:LC12 - Si se trata de una Persona Natural con RUC sin Negocio, en la pestaña de Finanzas debe colocar el tipo de impuesto "Extranjero"
2022-12-21 13:28:05,335 DEBUG: Validacion finalizada
2022-12-21 13:28:05,336 DEBUG: Iniciando validacion
2022-12-21 13:28:05,336 DEBUG: Revisando en BD RUC: 10442083571
2022-12-21 13:28:05,408 DEBUG: Revisando ruc: 10442083571
2022-12-21 13:28:05,490 DEBUG: Comparando SUNAT con BD
2022-12-21 13:28:06,456 INFO : PL10442083571 actualizado
2022-12-21 13:28:06,463 DEBUG: Validacion finalizada
2022-12-21 13:28:06,464 DEBUG: Iniciando validacion
2022-12-21 13:28:06,465 DEBUG: Revisando en BD RUC: 10105373029
2022-12-21 13:28:06,535 DEBUG: Revisando ruc: 10105373029
2022-12-21 13:28:06,625 DEBUG: Comparando SUNAT con BD
2022-12-21 13:28:07,625 INFO : PL10105373029 actualizado
2022-12-21 13:28:07,632 DEBUG: Validacion finalizada
2022-12-21 13:28:07,632 DEBUG: Iniciando validacion
2022-12-21 13:28:07,633 DEBUG: Revisando en BD RUC: 10443631122
2022-12-21 13:28:07,701 DEBUG: Revisando ruc: 10443631122
2022-12-21 13:28:07,702 DEBUG: 20220201
2022-12-21 13:28:07,789 DEBUG: Comparando SUNAT con BD
2022-12-21 13:28:08,726 ERROR: Error al actualizar: CardCode-PL10443631122 - -1116: (2) bpvs:LC17 - Debe registrar por lo menos un domicilio fiscal
2022-12-21 13:28:08,738 DEBUG: Validacion finalizada
2022-12-21 13:28:08,739 DEBUG: Iniciando validacion
2022-12-21 13:28:08,740 DEBUG: Revisando en BD RUC: 20600897382
2022-12-21 13:28:08,813 DEBUG: Revisando ruc: 20600897382
2022-12-21 13:28:08,936 DEBUG: Comparando SUNAT con BD
2022-12-21 13:28:10,360 INFO : PL20600897382 actualizado
2022-12-21 13:28:10,368 DEBUG: Validacion finalizada
2022-12-21 13:28:10,368 DEBUG: Iniciando validacion
2022-12-21 13:28:10,369 DEBUG: Revisando en BD RUC: 10443809606
2022-12-21 13:28:10,433 DEBUG: Revisando ruc: 10443809606
2022-12-21 13:28:10,510 DEBUG: Comparando SUNAT con BD
2022-12-21 13:28:11,461 INFO : PL10443809606 actualizado
2022-12-21 13:28:11,467 DEBUG: Validacion finalizada
2022-12-21 13:28:11,467 DEBUG: Iniciando validacion
2022-12-21 13:28:11,469 DEBUG: Revisando en BD RUC: 10444270476
2022-12-21 13:28:11,524 DEBUG: Revisando ruc: 10444270476
2022-12-21 13:28:11,603 DEBUG: Comparando SUNAT con BD
2022-12-21 13:28:12,579 INFO : PL10444270476 actualizado
2022-12-21 13:28:12,584 DEBUG: Validacion finalizada
2022-12-21 13:28:12,585 INFO : Resultado: 7 correctos, 3 errores, 0 inválidos, 7 Socios Procesados -  Total Acumulado: 523
2022-12-21 13:28:12,588 INFO : RUC del 641 al 650
2022-12-21 13:28:13,333 DEBUG: Iniciando validacion
2022-12-21 13:28:13,333 DEBUG: Revisando en BD RUC: 10036833594
2022-12-21 13:28:13,390 DEBUG: Revisando ruc: 10036833594
2022-12-21 13:28:13,475 DEBUG: Comparando SUNAT con BD
2022-12-21 13:28:14,433 ERROR: Error al actualizar: CardCode-PL10036833594 - -1116: (2) bpvs:LC12 - Si se trata de una Persona Natural con RUC sin Negocio, en la pestaña de Finanzas debe colocar el tipo de impuesto "Extranjero"
2022-12-21 13:28:14,441 DEBUG: Validacion finalizada
2022-12-21 13:28:14,442 DEBUG: Iniciando validacion
2022-12-21 13:28:14,443 DEBUG: Revisando en BD RUC: 10103180037
2022-12-21 13:28:14,496 DEBUG: Revisando ruc: 10103180037
2022-12-21 13:28:14,574 DEBUG: Comparando SUNAT con BD
2022-12-21 13:28:15,497 INFO : PL10103180037 actualizado
2022-12-21 13:28:15,502 DEBUG: Validacion finalizada
2022-12-21 13:28:15,503 DEBUG: Iniciando validacion
2022-12-21 13:28:15,503 DEBUG: Revisando en BD RUC: 20605239740
2022-12-21 13:28:15,560 DEBUG: Revisando ruc: 20605239740
2022-12-21 13:28:15,668 DEBUG: Comparando SUNAT con BD
2022-12-21 13:28:17,000 INFO : PL20605239740 actualizado
2022-12-21 13:28:17,006 DEBUG: Validacion finalizada
2022-12-21 13:28:17,007 DEBUG: Iniciando validacion
2022-12-21 13:28:17,007 DEBUG: Revisando en BD RUC: 10436807541
2022-12-21 13:28:17,074 DEBUG: Revisando ruc: 10436807541
2022-12-21 13:28:17,168 DEBUG: Comparando SUNAT con BD
2022-12-21 13:28:18,092 INFO : PL10436807541 actualizado
2022-12-21 13:28:18,098 DEBUG: Validacion finalizada
2022-12-21 13:28:18,098 DEBUG: Iniciando validacion
2022-12-21 13:28:18,099 DEBUG: Revisando en BD RUC: 10434149521
2022-12-21 13:28:18,147 DEBUG: Revisando ruc: 10434149521
2022-12-21 13:28:18,228 DEBUG: Comparando SUNAT con BD
2022-12-21 13:28:18,879 ERROR: Error al actualizar: CardCode-PL10434149521 - -1116: (2) bpvs:LC12 - Si se trata de una Persona Natural con RUC sin Negocio, en la pestaña de Finanzas debe colocar el tipo de impuesto "Extranjero"
2022-12-21 13:28:18,886 DEBUG: Validacion finalizada
2022-12-21 13:28:18,886 DEBUG: Iniciando validacion
2022-12-21 13:28:18,888 DEBUG: Revisando en BD RUC: 10439307043
2022-12-21 13:28:18,945 DEBUG: Revisando ruc: 10439307043
2022-12-21 13:28:19,031 DEBUG: Comparando SUNAT con BD
2022-12-21 13:28:19,659 ERROR: Error al actualizar: CardCode-PL10439307043 - -1116: (2) bpvs:LC12 - Si se trata de una Persona Natural con RUC sin Negocio, en la pestaña de Finanzas debe colocar el tipo de impuesto "Extranjero"
2022-12-21 13:28:19,668 DEBUG: Validacion finalizada
2022-12-21 13:28:19,669 DEBUG: Iniciando validacion
2022-12-21 13:28:19,669 DEBUG: Revisando en BD RUC: 10426801294
2022-12-21 13:28:19,733 DEBUG: Revisando ruc: 10426801294
2022-12-21 13:28:19,812 DEBUG: Comparando SUNAT con BD
2022-12-21 13:28:20,500 ERROR: Error al actualizar: CardCode-PL10426801294 - -1116: (2) bpvs:LC12 - Si se trata de una Persona Natural con RUC sin Negocio, en la pestaña de Finanzas debe colocar el tipo de impuesto "Extranjero"
2022-12-21 13:28:20,507 DEBUG: Validacion finalizada
2022-12-21 13:28:20,508 DEBUG: Iniciando validacion
2022-12-21 13:28:20,508 DEBUG: Revisando en BD RUC: 10438429196
2022-12-21 13:28:20,577 DEBUG: Revisando ruc: 10438429196
2022-12-21 13:28:20,661 DEBUG: Comparando SUNAT con BD
2022-12-21 13:28:21,633 INFO : PL10438429196 actualizado
2022-12-21 13:28:21,639 DEBUG: Validacion finalizada
2022-12-21 13:28:21,640 DEBUG: Iniciando validacion
2022-12-21 13:28:21,641 DEBUG: Revisando en BD RUC: 20504342817
2022-12-21 13:28:21,697 DEBUG: Revisando ruc: 20504342817
2022-12-21 13:28:21,815 DEBUG: Comparando SUNAT con BD
2022-12-21 13:28:22,868 INFO : PL20504342817 actualizado
2022-12-21 13:28:22,874 DEBUG: Validacion finalizada
2022-12-21 13:28:22,874 DEBUG: Iniciando validacion
2022-12-21 13:28:22,875 DEBUG: Revisando en BD RUC: 20251995967
2022-12-21 13:28:22,931 DEBUG: Revisando ruc: 20251995967
2022-12-21 13:28:22,951 DEBUG: 20020601
2022-12-21 13:28:22,952 DEBUG: 20160201
2022-12-21 13:28:23,041 DEBUG: Comparando SUNAT con BD
2022-12-21 13:28:24,017 INFO : PL20251995967 actualizado
2022-12-21 13:28:24,023 DEBUG: Validacion finalizada
2022-12-21 13:28:24,024 INFO : Resultado: 6 correctos, 4 errores, 0 inválidos, 6 Socios Procesados -  Total Acumulado: 529
2022-12-21 13:28:24,026 INFO : RUC del 651 al 660
2022-12-21 13:28:25,141 DEBUG: Iniciando validacion
2022-12-21 13:28:25,141 DEBUG: Revisando en BD RUC: 20526059116
2022-12-21 13:28:25,192 DEBUG: Revisando ruc: 20526059116
2022-12-21 13:28:25,308 DEBUG: Comparando SUNAT con BD
2022-12-21 13:28:26,360 INFO : PL20526059116 actualizado
2022-12-21 13:28:26,366 DEBUG: Validacion finalizada
2022-12-21 13:28:26,366 DEBUG: Iniciando validacion
2022-12-21 13:28:26,369 DEBUG: Revisando en BD RUC: 10093895768
2022-12-21 13:28:26,438 DEBUG: Revisando ruc: 10093895768
2022-12-21 13:28:26,438 DEBUG: 20150201
2022-12-21 13:28:26,533 DEBUG: Comparando SUNAT con BD
2022-12-21 13:28:27,417 ERROR: Error al actualizar: CardCode-PL10093895768 - -1116: (2) bpvs:LC12 - Si se trata de una Persona Natural con RUC sin Negocio, en la pestaña de Finanzas debe colocar el tipo de impuesto "Extranjero"
2022-12-21 13:28:27,426 DEBUG: Validacion finalizada
2022-12-21 13:28:27,426 DEBUG: Iniciando validacion
2022-12-21 13:28:27,427 DEBUG: Revisando en BD RUC: 10424496940
2022-12-21 13:28:27,478 DEBUG: Revisando ruc: 10424496940
2022-12-21 13:28:27,558 DEBUG: Comparando SUNAT con BD
2022-12-21 13:28:28,188 ERROR: Error al actualizar: CardCode-PL10424496940 - -1116: (2) bpvs:LC12 - Si se trata de una Persona Natural con RUC sin Negocio, en la pestaña de Finanzas debe colocar el tipo de impuesto "Extranjero"
2022-12-21 13:28:28,201 DEBUG: Validacion finalizada
2022-12-21 13:28:28,201 DEBUG: Iniciando validacion
2022-12-21 13:28:28,202 DEBUG: Revisando en BD RUC: 10467161704
2022-12-21 13:28:28,260 DEBUG: Revisando ruc: 10467161704
2022-12-21 13:28:28,348 DEBUG: Comparando SUNAT con BD
2022-12-21 13:28:29,048 ERROR: Error al actualizar: CardCode-PL10467161704 - -1116: (2) bpvs:LC12 - Si se trata de una Persona Natural con RUC sin Negocio, en la pestaña de Finanzas debe colocar el tipo de impuesto "Extranjero"
2022-12-21 13:28:29,060 DEBUG: Validacion finalizada
2022-12-21 13:28:29,061 DEBUG: Iniciando validacion
2022-12-21 13:28:29,062 DEBUG: Revisando en BD RUC: 20526540680
2022-12-21 13:28:29,117 DEBUG: Revisando ruc: 20526540680
2022-12-21 13:28:29,245 DEBUG: Comparando SUNAT con BD
2022-12-21 13:28:30,187 INFO : PL20526540680 actualizado
2022-12-21 13:28:30,193 DEBUG: Validacion finalizada
2022-12-21 13:28:30,194 DEBUG: Iniciando validacion
2022-12-21 13:28:30,195 DEBUG: Revisando en BD RUC: 10422079420
2022-12-21 13:28:30,261 DEBUG: Revisando ruc: 10422079420
2022-12-21 13:28:30,354 DEBUG: Comparando SUNAT con BD
2022-12-21 13:28:31,474 INFO : PL10422079420 actualizado
2022-12-21 13:28:31,480 DEBUG: Validacion finalizada
2022-12-21 13:28:31,481 DEBUG: Iniciando validacion
2022-12-21 13:28:31,483 DEBUG: Revisando en BD RUC: 10026598546
2022-12-21 13:28:31,545 DEBUG: Revisando ruc: 10026598546
2022-12-21 13:28:31,629 DEBUG: Comparando SUNAT con BD
2022-12-21 13:28:32,771 INFO : PL10026598546 actualizado
2022-12-21 13:28:32,777 DEBUG: Validacion finalizada
2022-12-21 13:28:32,778 DEBUG: Iniciando validacion
2022-12-21 13:28:32,780 DEBUG: Revisando en BD RUC: 10423737391
2022-12-21 13:28:32,839 DEBUG: Revisando ruc: 10423737391
2022-12-21 13:28:32,928 DEBUG: Comparando SUNAT con BD
2022-12-21 13:28:33,732 ERROR: Error al actualizar: CardCode-PL10423737391 - -1116: (2) bpvs:LC18 - Debe registrar por lo menos una dirección de almacén
2022-12-21 13:28:33,740 DEBUG: Validacion finalizada
2022-12-21 13:28:33,740 DEBUG: Iniciando validacion
2022-12-21 13:28:33,741 DEBUG: Revisando en BD RUC: 20479457710
2022-12-21 13:28:33,811 DEBUG: Revisando ruc: 20479457710
2022-12-21 13:28:33,827 DEBUG: 20160901
2022-12-21 13:28:33,909 DEBUG: Comparando SUNAT con BD
2022-12-21 13:28:34,914 INFO : CL20479457710 actualizado
2022-12-21 13:28:34,938 DEBUG: Revisando ruc: 20479457710
2022-12-21 13:28:34,967 DEBUG: 20160901
2022-12-21 13:28:35,071 DEBUG: Comparando SUNAT con BD
2022-12-21 13:28:36,643 INFO : PL20479457710 actualizado
2022-12-21 13:28:36,662 DEBUG: Validacion finalizada
2022-12-21 13:28:36,663 DEBUG: Iniciando validacion
2022-12-21 13:28:36,664 DEBUG: Revisando en BD RUC: 20602674429
2022-12-21 13:28:36,734 DEBUG: Revisando ruc: 20602674429
2022-12-21 13:28:36,854 DEBUG: Comparando SUNAT con BD
2022-12-21 13:28:37,785 INFO : PL20602674429 actualizado
2022-12-21 13:28:37,790 DEBUG: Validacion finalizada
2022-12-21 13:28:37,791 INFO : Resultado: 6 correctos, 4 errores, 0 inválidos, 7 Socios Procesados -  Total Acumulado: 536
2022-12-21 13:28:37,792 INFO : RUC del 661 al 670
2022-12-21 13:28:39,092 DEBUG: Iniciando validacion
2022-12-21 13:28:39,093 DEBUG: Revisando en BD RUC: 20366990357
2022-12-21 13:28:39,148 DEBUG: Revisando ruc: 20366990357
2022-12-21 13:28:39,266 DEBUG: Comparando SUNAT con BD
2022-12-21 13:28:40,514 INFO : PL20366990357 actualizado
2022-12-21 13:28:40,524 DEBUG: Validacion finalizada
2022-12-21 13:28:40,524 DEBUG: Iniciando validacion
2022-12-21 13:28:40,525 DEBUG: Revisando en BD RUC: 10423245579
2022-12-21 13:28:40,597 DEBUG: Revisando ruc: 10423245579
2022-12-21 13:28:40,681 DEBUG: Comparando SUNAT con BD
2022-12-21 13:28:41,410 ERROR: Error al actualizar: CardCode-PL10423245579 - -1116: (2) bpvs:LC12 - Si se trata de una Persona Natural con RUC sin Negocio, en la pestaña de Finanzas debe colocar el tipo de impuesto "Extranjero"
2022-12-21 13:28:41,418 DEBUG: Validacion finalizada
2022-12-21 13:28:41,419 DEBUG: Iniciando validacion
2022-12-21 13:28:41,420 DEBUG: Revisando en BD RUC: 20103044155
2022-12-21 13:28:41,479 DEBUG: Revisando ruc: 20103044155
2022-12-21 13:28:41,515 DEBUG: 20220201
2022-12-21 13:28:41,620 DEBUG: Comparando SUNAT con BD
2022-12-21 13:28:42,493 ERROR: Error al actualizar: CardCode-PL20103044155 - -1116: (2) bpvs:LC20 - En la pestaña Direcciones, debe llenar los campos "Calle/Número", "Distrito", "Ciudad", "Departamento" de todas las direcciones
2022-12-21 13:28:42,504 DEBUG: Validacion finalizada
2022-12-21 13:28:42,504 DEBUG: Iniciando validacion
2022-12-21 13:28:42,508 DEBUG: Revisando en BD RUC: 20530063454
2022-12-21 13:28:42,574 DEBUG: Revisando ruc: 20530063454
2022-12-21 13:28:42,687 DEBUG: Comparando SUNAT con BD
2022-12-21 13:28:43,685 INFO : PL20530063454 actualizado
2022-12-21 13:28:43,693 DEBUG: Validacion finalizada
2022-12-21 13:28:43,694 DEBUG: Iniciando validacion
2022-12-21 13:28:43,694 DEBUG: Revisando en BD RUC: 10026931032
2022-12-21 13:28:43,768 DEBUG: Revisando ruc: 10026931032
2022-12-21 13:28:43,864 DEBUG: Comparando SUNAT con BD
2022-12-21 13:28:45,327 INFO : PL10026931032 actualizado
2022-12-21 13:28:45,333 DEBUG: Validacion finalizada
2022-12-21 13:28:45,334 DEBUG: Iniciando validacion
2022-12-21 13:28:45,335 DEBUG: Revisando en BD RUC: 10428487881
2022-12-21 13:28:45,411 DEBUG: Revisando ruc: 10428487881
2022-12-21 13:28:45,491 DEBUG: Comparando SUNAT con BD
2022-12-21 13:28:46,331 ERROR: Error al actualizar: CardCode-PL10428487881 - -1116: (2) bpvs:LC20 - En la pestaña Direcciones, debe llenar los campos "Calle/Número", "Distrito", "Ciudad", "Departamento" de todas las direcciones
2022-12-21 13:28:46,338 DEBUG: Validacion finalizada
2022-12-21 13:28:46,339 DEBUG: Iniciando validacion
2022-12-21 13:28:46,341 DEBUG: Revisando en BD RUC: 10428525189
2022-12-21 13:28:46,412 DEBUG: Revisando ruc: 10428525189
2022-12-21 13:28:46,500 DEBUG: Comparando SUNAT con BD
2022-12-21 13:28:47,972 INFO : PL10428525189 actualizado
2022-12-21 13:28:47,980 DEBUG: Validacion finalizada
2022-12-21 13:28:47,980 DEBUG: Iniciando validacion
2022-12-21 13:28:47,982 DEBUG: Revisando en BD RUC: 20603839464
2022-12-21 13:28:48,056 DEBUG: Revisando ruc: 20603839464
2022-12-21 13:28:48,077 DEBUG: 20220201
2022-12-21 13:28:48,176 DEBUG: Comparando SUNAT con BD
2022-12-21 13:28:49,502 INFO : PL20603839464 actualizado
2022-12-21 13:28:49,508 DEBUG: Validacion finalizada
2022-12-21 13:28:49,508 DEBUG: Iniciando validacion
2022-12-21 13:28:49,509 DEBUG: Revisando en BD RUC: 20603246234
2022-12-21 13:28:49,583 DEBUG: Revisando ruc: 20603246234
2022-12-21 13:28:49,716 DEBUG: Comparando SUNAT con BD
2022-12-21 13:28:51,065 INFO : PL20603246234 actualizado
2022-12-21 13:28:51,074 DEBUG: Validacion finalizada
2022-12-21 13:28:51,075 DEBUG: Iniciando validacion
2022-12-21 13:28:51,078 DEBUG: Revisando en BD RUC: 20602905145
2022-12-21 13:28:51,136 DEBUG: Revisando ruc: 20602905145
2022-12-21 13:28:51,298 DEBUG: Comparando SUNAT con BD
2022-12-21 13:28:52,417 ERROR: Error al actualizar: CardCode-PL20602905145 - -1116: (2) bpvs:LC20 - En la pestaña Direcciones, debe llenar los campos "Calle/Número", "Distrito", "Ciudad", "Departamento" de todas las direcciones
2022-12-21 13:28:52,430 DEBUG: Validacion finalizada
2022-12-21 13:28:52,431 INFO : Resultado: 6 correctos, 4 errores, 0 inválidos, 6 Socios Procesados -  Total Acumulado: 542
2022-12-21 13:28:52,431 INFO : RUC del 671 al 680
2022-12-21 13:28:53,490 DEBUG: Iniciando validacion
2022-12-21 13:28:53,491 DEBUG: Revisando en BD RUC: 10429997947
2022-12-21 13:28:53,544 DEBUG: Revisando ruc: 10429997947
2022-12-21 13:28:53,641 DEBUG: Comparando SUNAT con BD
2022-12-21 13:28:54,862 INFO : PL10429997947 actualizado
2022-12-21 13:28:54,869 DEBUG: Validacion finalizada
2022-12-21 13:28:54,869 DEBUG: Iniciando validacion
2022-12-21 13:28:54,872 DEBUG: Revisando en BD RUC: 10033675807
2022-12-21 13:28:54,933 DEBUG: Revisando ruc: 10033675807
2022-12-21 13:28:55,020 DEBUG: Comparando SUNAT con BD
2022-12-21 13:28:56,461 INFO : PL10033675807 actualizado
2022-12-21 13:28:56,471 DEBUG: Validacion finalizada
2022-12-21 13:28:56,471 DEBUG: Iniciando validacion
2022-12-21 13:28:56,472 DEBUG: Revisando en BD RUC: 20602283080
2022-12-21 13:28:56,523 DEBUG: Revisando ruc: 20602283080
2022-12-21 13:28:56,548 DEBUG: 20220201
2022-12-21 13:28:56,633 DEBUG: Comparando SUNAT con BD
2022-12-21 13:28:57,970 INFO : PL20602283080 actualizado
2022-12-21 13:28:57,980 DEBUG: Validacion finalizada
2022-12-21 13:28:57,981 DEBUG: Iniciando validacion
2022-12-21 13:28:57,983 DEBUG: Revisando en BD RUC: 10430377430
2022-12-21 13:28:58,051 DEBUG: Revisando ruc: 10430377430
2022-12-21 13:28:58,151 DEBUG: Comparando SUNAT con BD
2022-12-21 13:28:58,805 ERROR: Error al actualizar: CardCode-PL10430377430 - -1116: (2) bpvs:LC12 - Si se trata de una Persona Natural con RUC sin Negocio, en la pestaña de Finanzas debe colocar el tipo de impuesto "Extranjero"
2022-12-21 13:28:58,814 DEBUG: Validacion finalizada
2022-12-21 13:28:58,815 DEBUG: Iniciando validacion
2022-12-21 13:28:58,816 DEBUG: Revisando en BD RUC: 20600525272
2022-12-21 13:28:58,885 DEBUG: Revisando ruc: 20600525272
2022-12-21 13:28:59,010 DEBUG: Comparando SUNAT con BD
2022-12-21 13:29:00,498 INFO : PL20600525272 actualizado
2022-12-21 13:29:00,505 DEBUG: Validacion finalizada
2022-12-21 13:29:00,506 DEBUG: Iniciando validacion
2022-12-21 13:29:00,510 DEBUG: Revisando en BD RUC: 10474087536
2022-12-21 13:29:00,575 DEBUG: Revisando ruc: 10474087536
2022-12-21 13:29:00,660 DEBUG: Comparando SUNAT con BD
2022-12-21 13:29:02,026 INFO : PL10474087536 actualizado
2022-12-21 13:29:02,031 DEBUG: Validacion finalizada
2022-12-21 13:29:02,032 DEBUG: Iniciando validacion
2022-12-21 13:29:02,033 DEBUG: Revisando en BD RUC: 20503386730
2022-12-21 13:29:02,113 DEBUG: Revisando ruc: 20503386730
2022-12-21 13:29:02,140 DEBUG: 20140301
2022-12-21 13:29:02,141 DEBUG: 20130701
2022-12-21 13:29:02,234 DEBUG: Comparando SUNAT con BD
2022-12-21 13:29:03,230 ERROR: Error al actualizar: CardCode-PL20503386730 - -1116: (2) bpvs:LC20 - En la pestaña Direcciones, debe llenar los campos "Calle/Número", "Distrito", "Ciudad", "Departamento" de todas las direcciones
2022-12-21 13:29:03,237 DEBUG: Validacion finalizada
2022-12-21 13:29:03,238 DEBUG: Iniciando validacion
2022-12-21 13:29:03,238 DEBUG: Revisando en BD RUC: 10028566480
2022-12-21 13:29:03,294 DEBUG: Revisando ruc: 10028566480
2022-12-21 13:29:03,392 DEBUG: Comparando SUNAT con BD
2022-12-21 13:29:04,615 INFO : PL10028566480 actualizado
2022-12-21 13:29:04,624 DEBUG: Validacion finalizada
2022-12-21 13:29:04,625 DEBUG: Iniciando validacion
2022-12-21 13:29:04,628 DEBUG: Revisando en BD RUC: 20511230935
2022-12-21 13:29:04,685 DEBUG: Revisando ruc: 20511230935
2022-12-21 13:29:04,717 DEBUG: 20160901
2022-12-21 13:29:04,717 DEBUG: 20160201
2022-12-21 13:29:04,815 DEBUG: Comparando SUNAT con BD
2022-12-21 13:29:05,806 INFO : PL20511230935 actualizado
2022-12-21 13:29:05,813 DEBUG: Validacion finalizada
2022-12-21 13:29:05,814 DEBUG: Iniciando validacion
2022-12-21 13:29:05,815 DEBUG: Revisando en BD RUC: 20506210900
2022-12-21 13:29:05,872 DEBUG: Revisando ruc: 20506210900
2022-12-21 13:29:05,999 DEBUG: Comparando SUNAT con BD
2022-12-21 13:29:08,306 INFO : PL20506210900 actualizado
2022-12-21 13:29:08,317 DEBUG: Validacion finalizada
2022-12-21 13:29:08,318 INFO : Resultado: 8 correctos, 2 errores, 0 inválidos, 8 Socios Procesados -  Total Acumulado: 550
2022-12-21 13:29:08,318 INFO : RUC del 681 al 690
2022-12-21 13:29:09,731 DEBUG: Iniciando validacion
2022-12-21 13:29:09,731 DEBUG: Revisando en BD RUC: 10732056322
2022-12-21 13:29:09,794 DEBUG: Revisando ruc: 10732056322
2022-12-21 13:29:09,891 DEBUG: Comparando SUNAT con BD
2022-12-21 13:29:10,826 ERROR: Error al actualizar: CardCode-PL10732056322 - -1116: (2) bpvs:LC12 - Si se trata de una Persona Natural con RUC sin Negocio, en la pestaña de Finanzas debe colocar el tipo de impuesto "Extranjero"
2022-12-21 13:29:10,837 DEBUG: Validacion finalizada
2022-12-21 13:29:10,838 DEBUG: Iniciando validacion
2022-12-21 13:29:10,841 DEBUG: Revisando en BD RUC: 20600315031
2022-12-21 13:29:10,904 DEBUG: Revisando ruc: 20600315031
2022-12-21 13:29:11,036 DEBUG: Comparando SUNAT con BD
2022-12-21 13:29:12,404 INFO : PL20600315031 actualizado
2022-12-21 13:29:12,413 DEBUG: Validacion finalizada
2022-12-21 13:29:12,414 DEBUG: Iniciando validacion
2022-12-21 13:29:12,415 DEBUG: Revisando en BD RUC: 20600685423
2022-12-21 13:29:12,484 DEBUG: Revisando ruc: 20600685423
2022-12-21 13:29:12,613 DEBUG: Comparando SUNAT con BD
2022-12-21 13:29:13,647 INFO : PL20600685423 actualizado
2022-12-21 13:29:13,655 DEBUG: Validacion finalizada
2022-12-21 13:29:13,655 DEBUG: Iniciando validacion
2022-12-21 13:29:13,661 DEBUG: Revisando en BD RUC: 20601438586
2022-12-21 13:29:13,738 DEBUG: Revisando ruc: 20601438586
2022-12-21 13:29:13,868 DEBUG: Comparando SUNAT con BD
2022-12-21 13:29:14,856 INFO : PL20601438586 actualizado
2022-12-21 13:29:14,861 DEBUG: Validacion finalizada
2022-12-21 13:29:14,861 DEBUG: Iniciando validacion
2022-12-21 13:29:14,863 DEBUG: Revisando en BD RUC: 20396583055
2022-12-21 13:29:14,926 DEBUG: Revisando ruc: 20396583055
2022-12-21 13:29:15,054 DEBUG: Comparando SUNAT con BD
2022-12-21 13:29:16,227 INFO : PL20396583055 actualizado
2022-12-21 13:29:16,238 DEBUG: Validacion finalizada
2022-12-21 13:29:16,238 DEBUG: Iniciando validacion
2022-12-21 13:29:16,240 DEBUG: Revisando en BD RUC: 20455477957
2022-12-21 13:29:16,296 DEBUG: Revisando ruc: 20455477957
2022-12-21 13:29:16,439 DEBUG: Comparando SUNAT con BD
2022-12-21 13:29:17,767 INFO : PL20455477957 actualizado
2022-12-21 13:29:17,775 DEBUG: Validacion finalizada
2022-12-21 13:29:17,776 DEBUG: Iniciando validacion
2022-12-21 13:29:17,777 DEBUG: Revisando en BD RUC: 20607792187
2022-12-21 13:29:17,849 DEBUG: Revisando ruc: 20607792187
2022-12-21 13:29:17,978 DEBUG: Comparando SUNAT con BD
2022-12-21 13:29:18,884 INFO : PL20607792187 actualizado
2022-12-21 13:29:18,889 DEBUG: Validacion finalizada
2022-12-21 13:29:18,892 DEBUG: Iniciando validacion
2022-12-21 13:29:18,892 DEBUG: Revisando en BD RUC: 20524403863
2022-12-21 13:29:18,948 DEBUG: Revisando ruc: 20524403863
2022-12-21 13:29:19,065 DEBUG: Comparando SUNAT con BD
2022-12-21 13:29:19,993 INFO : PL20524403863 actualizado
2022-12-21 13:29:20,005 DEBUG: Validacion finalizada
2022-12-21 13:29:20,006 DEBUG: Iniciando validacion
2022-12-21 13:29:20,007 DEBUG: Revisando en BD RUC: 20511027382
2022-12-21 13:29:20,065 DEBUG: Revisando ruc: 20511027382
2022-12-21 13:29:20,187 DEBUG: Comparando SUNAT con BD
2022-12-21 13:29:21,352 INFO : PL20511027382 actualizado
2022-12-21 13:29:21,360 DEBUG: Validacion finalizada
2022-12-21 13:29:21,361 DEBUG: Iniciando validacion
2022-12-21 13:29:21,362 DEBUG: Revisando en BD RUC: 20545699126
2022-12-21 13:29:21,422 DEBUG: Revisando ruc: 20545699126
2022-12-21 13:29:21,437 DEBUG: 20150201
2022-12-21 13:29:21,528 DEBUG: Comparando SUNAT con BD
2022-12-21 13:29:22,460 INFO : PL20545699126 actualizado
2022-12-21 13:29:22,471 DEBUG: Validacion finalizada
2022-12-21 13:29:22,472 INFO : Resultado: 9 correctos, 1 errores, 0 inválidos, 9 Socios Procesados -  Total Acumulado: 559
2022-12-21 13:29:22,473 INFO : RUC del 691 al 700
2022-12-21 13:29:23,547 DEBUG: Iniciando validacion
2022-12-21 13:29:23,548 DEBUG: Revisando en BD RUC: 20600381742
2022-12-21 13:29:23,598 DEBUG: Revisando ruc: 20600381742
2022-12-21 13:29:23,722 DEBUG: Comparando SUNAT con BD
2022-12-21 13:29:24,709 INFO : PL20600381742 actualizado
2022-12-21 13:29:24,714 DEBUG: Validacion finalizada
2022-12-21 13:29:24,714 DEBUG: Iniciando validacion
2022-12-21 13:29:24,717 DEBUG: Revisando en BD RUC: 10461738295
2022-12-21 13:29:24,773 DEBUG: Revisando ruc: 10461738295
2022-12-21 13:29:24,859 DEBUG: Comparando SUNAT con BD
2022-12-21 13:29:25,799 INFO : PL10461738295 actualizado
2022-12-21 13:29:25,806 DEBUG: Validacion finalizada
2022-12-21 13:29:25,807 DEBUG: Iniciando validacion
2022-12-21 13:29:25,808 DEBUG: Revisando en BD RUC: 10460029894
2022-12-21 13:29:25,873 DEBUG: Revisando ruc: 10460029894
2022-12-21 13:29:25,953 DEBUG: Comparando SUNAT con BD
2022-12-21 13:29:26,770 ERROR: Error al actualizar: CardCode-PL10460029894 - -1116: (2) bpvs:LC12 - Si se trata de una Persona Natural con RUC sin Negocio, en la pestaña de Finanzas debe colocar el tipo de impuesto "Extranjero"
2022-12-21 13:29:26,778 DEBUG: Validacion finalizada
2022-12-21 13:29:26,779 DEBUG: Iniciando validacion
2022-12-21 13:29:26,780 DEBUG: Revisando en BD RUC: 10460452568
2022-12-21 13:29:26,843 DEBUG: Revisando ruc: 10460452568
2022-12-21 13:29:26,914 DEBUG: Comparando SUNAT con BD
2022-12-21 13:29:27,597 ERROR: Error al actualizar: CardCode-PL10460452568 - -1116: (2) bpvs:LC12 - Si se trata de una Persona Natural con RUC sin Negocio, en la pestaña de Finanzas debe colocar el tipo de impuesto "Extranjero"
2022-12-21 13:29:27,607 DEBUG: Validacion finalizada
2022-12-21 13:29:27,607 DEBUG: Iniciando validacion
2022-12-21 13:29:27,608 DEBUG: Revisando en BD RUC: 10464957516
2022-12-21 13:29:27,672 DEBUG: Revisando ruc: 10464957516
2022-12-21 13:29:27,758 DEBUG: Comparando SUNAT con BD
2022-12-21 13:29:28,535 ERROR: Error al actualizar: CardCode-PL10464957516 - -1116: (2) bpvs:LC18 - Debe registrar por lo menos una dirección de almacén
2022-12-21 13:29:28,544 DEBUG: Validacion finalizada
2022-12-21 13:29:28,544 DEBUG: Iniciando validacion
2022-12-21 13:29:28,546 DEBUG: Revisando en BD RUC: 10461937352
2022-12-21 13:29:28,609 DEBUG: Revisando ruc: 10461937352
2022-12-21 13:29:28,687 DEBUG: Comparando SUNAT con BD
2022-12-21 13:29:29,648 INFO : PL10461937352 actualizado
2022-12-21 13:29:29,660 DEBUG: Validacion finalizada
2022-12-21 13:29:29,660 DEBUG: Iniciando validacion
2022-12-21 13:29:29,662 DEBUG: Revisando en BD RUC: 10466304081
2022-12-21 13:29:29,718 DEBUG: Revisando ruc: 10466304081
2022-12-21 13:29:29,790 DEBUG: Comparando SUNAT con BD
2022-12-21 13:29:30,465 ERROR: Error al actualizar: CardCode-PL10466304081 - -1116: (2) bpvs:LC12 - Si se trata de una Persona Natural con RUC sin Negocio, en la pestaña de Finanzas debe colocar el tipo de impuesto "Extranjero"
2022-12-21 13:29:30,473 DEBUG: Validacion finalizada
2022-12-21 13:29:30,474 DEBUG: Iniciando validacion
2022-12-21 13:29:30,474 DEBUG: Revisando en BD RUC: 20601584108
2022-12-21 13:29:30,526 DEBUG: Revisando ruc: 20601584108
2022-12-21 13:29:30,647 DEBUG: Comparando SUNAT con BD
2022-12-21 13:29:31,926 INFO : PL20601584108 actualizado
2022-12-21 13:29:31,932 DEBUG: Validacion finalizada
2022-12-21 13:29:31,933 DEBUG: Iniciando validacion
2022-12-21 13:29:31,938 DEBUG: Revisando en BD RUC: 20475260199
2022-12-21 13:29:31,999 DEBUG: Revisando ruc: 20475260199
2022-12-21 13:29:32,015 DEBUG: 20170201
2022-12-21 13:29:32,111 DEBUG: Comparando SUNAT con BD
2022-12-21 13:29:33,151 ERROR: Error al actualizar: CardCode-PL20475260199 - -1116: (2) bpvs:LC20 - En la pestaña Direcciones, debe llenar los campos "Calle/Número", "Distrito", "Ciudad", "Departamento" de todas las direcciones
2022-12-21 13:29:33,163 DEBUG: Validacion finalizada
2022-12-21 13:29:33,163 DEBUG: Iniciando validacion
2022-12-21 13:29:33,164 DEBUG: Revisando en BD RUC: 10028794792
2022-12-21 13:29:33,229 DEBUG: Revisando ruc: 10028794792
2022-12-21 13:29:33,309 DEBUG: Comparando SUNAT con BD
2022-12-21 13:29:33,979 ERROR: Error al actualizar: CardCode-PL10028794792 - -1116: (2) bpvs:LC12 - Si se trata de una Persona Natural con RUC sin Negocio, en la pestaña de Finanzas debe colocar el tipo de impuesto "Extranjero"
2022-12-21 13:29:33,986 DEBUG: Validacion finalizada
2022-12-21 13:29:33,987 INFO : Resultado: 4 correctos, 6 errores, 0 inválidos, 4 Socios Procesados -  Total Acumulado: 563
2022-12-21 13:29:33,987 INFO : RUC del 701 al 710
2022-12-21 13:29:35,194 DEBUG: Iniciando validacion
2022-12-21 13:29:35,195 DEBUG: Revisando en BD RUC: 20537746956
2022-12-21 13:29:35,251 DEBUG: Revisando ruc: 20537746956
2022-12-21 13:29:35,380 DEBUG: Comparando SUNAT con BD
2022-12-21 13:29:36,336 INFO : CL20537746956 actualizado
2022-12-21 13:29:36,366 DEBUG: Revisando ruc: 20537746956
2022-12-21 13:29:36,479 DEBUG: Comparando SUNAT con BD
2022-12-21 13:29:37,437 INFO : PL20537746956 actualizado
2022-12-21 13:29:37,446 DEBUG: Validacion finalizada
2022-12-21 13:29:37,446 DEBUG: Iniciando validacion
2022-12-21 13:29:37,453 DEBUG: Revisando en BD RUC: 20602274021
2022-12-21 13:29:37,515 DEBUG: Revisando ruc: 20602274021
2022-12-21 13:29:37,626 DEBUG: Comparando SUNAT con BD
2022-12-21 13:29:38,744 INFO : PL20602274021 actualizado
2022-12-21 13:29:38,751 DEBUG: Validacion finalizada
2022-12-21 13:29:38,753 DEBUG: Iniciando validacion
2022-12-21 13:29:38,755 DEBUG: Revisando en BD RUC: 10469439793
2022-12-21 13:29:38,822 DEBUG: Revisando ruc: 10469439793
2022-12-21 13:29:38,916 DEBUG: Comparando SUNAT con BD
2022-12-21 13:29:39,613 ERROR: Error al actualizar: CardCode-PL10469439793 - -1116: (2) bpvs:LC12 - Si se trata de una Persona Natural con RUC sin Negocio, en la pestaña de Finanzas debe colocar el tipo de impuesto "Extranjero"
2022-12-21 13:29:39,623 DEBUG: Validacion finalizada
2022-12-21 13:29:39,623 DEBUG: Iniciando validacion
2022-12-21 13:29:39,625 DEBUG: Revisando en BD RUC: 20601210674
2022-12-21 13:29:39,701 DEBUG: Revisando ruc: 20601210674
2022-12-21 13:29:39,821 DEBUG: Comparando SUNAT con BD
2022-12-21 13:29:40,794 INFO : PL20601210674 actualizado
2022-12-21 13:29:40,800 DEBUG: Validacion finalizada
2022-12-21 13:29:40,800 DEBUG: Iniciando validacion
2022-12-21 13:29:40,802 DEBUG: Revisando en BD RUC: 20100080002
2022-12-21 13:29:40,860 DEBUG: Revisando ruc: 20100080002
2022-12-21 13:29:40,875 DEBUG: 20160201
2022-12-21 13:29:40,973 DEBUG: Comparando SUNAT con BD
2022-12-21 13:29:41,959 ERROR: Error al actualizar: CardCode-PL20100080002 - -1116: (2) bpvs:LC20 - En la pestaña Direcciones, debe llenar los campos "Calle/Número", "Distrito", "Ciudad", "Departamento" de todas las direcciones
2022-12-21 13:29:41,970 DEBUG: Validacion finalizada
2022-12-21 13:29:41,970 DEBUG: Iniciando validacion
2022-12-21 13:29:41,971 DEBUG: Revisando en BD RUC: 20483912731
2022-12-21 13:29:42,040 DEBUG: Revisando ruc: 20483912731
2022-12-21 13:29:42,172 DEBUG: Comparando SUNAT con BD
2022-12-21 13:29:43,597 INFO : PL20483912731 actualizado
2022-12-21 13:29:43,602 DEBUG: Validacion finalizada
2022-12-21 13:29:43,603 DEBUG: Iniciando validacion
2022-12-21 13:29:43,604 DEBUG: Revisando en BD RUC: 20520997734
2022-12-21 13:29:43,675 DEBUG: Revisando ruc: 20520997734
2022-12-21 13:29:43,706 DEBUG: 20170201
2022-12-21 13:29:43,801 DEBUG: Comparando SUNAT con BD
2022-12-21 13:29:44,789 INFO : PL20520997734 actualizado
2022-12-21 13:29:44,798 DEBUG: Validacion finalizada
2022-12-21 13:29:44,798 DEBUG: Iniciando validacion
2022-12-21 13:29:44,800 DEBUG: Revisando en BD RUC: 20601646464
2022-12-21 13:29:44,861 DEBUG: Revisando ruc: 20601646464
2022-12-21 13:29:45,005 DEBUG: Comparando SUNAT con BD
2022-12-21 13:29:46,152 INFO : PL20601646464 actualizado
2022-12-21 13:29:46,159 DEBUG: Validacion finalizada
2022-12-21 13:29:46,160 DEBUG: Iniciando validacion
2022-12-21 13:29:46,161 DEBUG: Revisando en BD RUC: 10165925969
2022-12-21 13:29:46,215 DEBUG: Revisando ruc: 10165925969
2022-12-21 13:29:46,300 DEBUG: Comparando SUNAT con BD
2022-12-21 13:29:47,076 ERROR: Error al actualizar: CardCode-PL10165925969 - -1116: (2) bpvs:LC12 - Si se trata de una Persona Natural con RUC sin Negocio, en la pestaña de Finanzas debe colocar el tipo de impuesto "Extranjero"
2022-12-21 13:29:47,086 DEBUG: Validacion finalizada
2022-12-21 13:29:47,086 DEBUG: Iniciando validacion
2022-12-21 13:29:47,087 DEBUG: Revisando en BD RUC: 20483917377
2022-12-21 13:29:47,151 DEBUG: Revisando ruc: 20483917377
2022-12-21 13:29:47,264 DEBUG: Comparando SUNAT con BD
2022-12-21 13:29:48,339 INFO : PL20483917377 actualizado
2022-12-21 13:29:48,346 DEBUG: Validacion finalizada
2022-12-21 13:29:48,347 INFO : Resultado: 7 correctos, 3 errores, 0 inválidos, 8 Socios Procesados -  Total Acumulado: 571
2022-12-21 13:29:48,348 INFO : RUC del 711 al 720
2022-12-21 13:29:49,095 DEBUG: Iniciando validacion
2022-12-21 13:29:49,096 DEBUG: Revisando en BD RUC: 20136165667
2022-12-21 13:29:49,160 DEBUG: Revisando ruc: 20136165667
2022-12-21 13:29:49,187 DEBUG: 20030201
2022-12-21 13:29:49,187 DEBUG: 20160201
2022-12-21 13:29:49,276 DEBUG: Comparando SUNAT con BD
2022-12-21 13:29:50,267 INFO : CL20136165667 actualizado
2022-12-21 13:29:50,291 DEBUG: Revisando ruc: 20136165667
2022-12-21 13:29:50,315 DEBUG: 20030201
2022-12-21 13:29:50,316 DEBUG: 20160201
2022-12-21 13:29:50,401 DEBUG: Comparando SUNAT con BD
2022-12-21 13:29:51,357 INFO : PL20136165667 actualizado
2022-12-21 13:29:51,364 DEBUG: Validacion finalizada
2022-12-21 13:29:51,364 DEBUG: Iniciando validacion
2022-12-21 13:29:51,365 DEBUG: Revisando en BD RUC: 10449424706
2022-12-21 13:29:51,418 DEBUG: Revisando ruc: 10449424706
2022-12-21 13:29:51,499 DEBUG: Comparando SUNAT con BD
2022-12-21 13:29:52,348 ERROR: Error al actualizar: CardCode-PL10449424706 - -1116: (2) bpvs:LC12 - Si se trata de una Persona Natural con RUC sin Negocio, en la pestaña de Finanzas debe colocar el tipo de impuesto "Extranjero"
2022-12-21 13:29:52,358 DEBUG: Validacion finalizada
2022-12-21 13:29:52,359 DEBUG: Iniciando validacion
2022-12-21 13:29:52,361 DEBUG: Revisando en BD RUC: 20213503384
2022-12-21 13:29:52,423 DEBUG: Revisando ruc: 20213503384
2022-12-21 13:29:52,538 DEBUG: Comparando SUNAT con BD
2022-12-21 13:29:53,832 INFO : PL20213503384 actualizado
2022-12-21 13:29:53,842 DEBUG: Validacion finalizada
2022-12-21 13:29:53,843 DEBUG: Iniciando validacion
2022-12-21 13:29:53,843 DEBUG: Revisando en BD RUC: 10450318405
2022-12-21 13:29:53,912 DEBUG: Revisando ruc: 10450318405
2022-12-21 13:29:53,994 DEBUG: Comparando SUNAT con BD
2022-12-21 13:29:54,981 INFO : PL10450318405 actualizado
2022-12-21 13:29:54,987 DEBUG: Validacion finalizada
2022-12-21 13:29:54,988 DEBUG: Iniciando validacion
2022-12-21 13:29:54,989 DEBUG: Revisando en BD RUC: 10449637408
2022-12-21 13:29:55,042 DEBUG: Revisando ruc: 10449637408
2022-12-21 13:29:55,119 DEBUG: Comparando SUNAT con BD
2022-12-21 13:29:56,052 ERROR: Error al actualizar: CardCode-PL10449637408 - -1116: (2) bpvs:FE03 - La dirección de facturación por defecto debe de tener un ubigueo definido.
2022-12-21 13:29:56,060 DEBUG: Validacion finalizada
2022-12-21 13:29:56,060 DEBUG: Iniciando validacion
2022-12-21 13:29:56,071 DEBUG: Revisando en BD RUC: 10449941476
2022-12-21 13:29:56,137 DEBUG: Revisando ruc: 10449941476
2022-12-21 13:29:56,137 DEBUG: 20190501
2022-12-21 13:29:56,218 DEBUG: Comparando SUNAT con BD
2022-12-21 13:29:56,881 ERROR: Error al actualizar: CardCode-PL10449941476 - -1116: (2) bpvs:LC12 - Si se trata de una Persona Natural con RUC sin Negocio, en la pestaña de Finanzas debe colocar el tipo de impuesto "Extranjero"
2022-12-21 13:29:56,889 DEBUG: Validacion finalizada
2022-12-21 13:29:56,889 DEBUG: Iniciando validacion
2022-12-21 13:29:56,891 DEBUG: Revisando en BD RUC: 10449987158
2022-12-21 13:29:56,962 DEBUG: Revisando ruc: 10449987158
2022-12-21 13:29:57,044 DEBUG: Comparando SUNAT con BD
2022-12-21 13:29:57,666 ERROR: Error al actualizar: CardCode-PL10449987158 - -1116: (2) bpvs:LC12 - Si se trata de una Persona Natural con RUC sin Negocio, en la pestaña de Finanzas debe colocar el tipo de impuesto "Extranjero"
2022-12-21 13:29:57,675 DEBUG: Validacion finalizada
2022-12-21 13:29:57,676 DEBUG: Iniciando validacion
2022-12-21 13:29:57,679 DEBUG: Revisando en BD RUC: 20525937195
2022-12-21 13:29:57,733 DEBUG: Revisando ruc: 20525937195
2022-12-21 13:29:57,849 DEBUG: Comparando SUNAT con BD
2022-12-21 13:29:58,797 INFO : PL20525937195 actualizado
2022-12-21 13:29:58,803 DEBUG: Validacion finalizada
2022-12-21 13:29:58,804 DEBUG: Iniciando validacion
2022-12-21 13:29:58,804 DEBUG: Revisando en BD RUC: 10028274934
2022-12-21 13:29:58,854 DEBUG: Revisando ruc: 10028274934
2022-12-21 13:29:58,935 DEBUG: Comparando SUNAT con BD
2022-12-21 13:29:59,878 ERROR: Error al actualizar: CardCode-PL10028274934 - -1116: (2) bpvs:LC18 - Debe registrar por lo menos una dirección de almacén
2022-12-21 13:29:59,890 DEBUG: Validacion finalizada
2022-12-21 13:29:59,890 DEBUG: Iniciando validacion
2022-12-21 13:29:59,891 DEBUG: Revisando en BD RUC: 20547689403
2022-12-21 13:29:59,951 DEBUG: Revisando ruc: 20547689403
2022-12-21 13:30:00,092 DEBUG: Comparando SUNAT con BD
2022-12-21 13:30:01,188 INFO : PL20547689403 actualizado
2022-12-21 13:30:01,196 DEBUG: Validacion finalizada
2022-12-21 13:30:01,197 INFO : Resultado: 5 correctos, 5 errores, 0 inválidos, 6 Socios Procesados -  Total Acumulado: 577
2022-12-21 13:30:01,197 INFO : RUC del 721 al 730
2022-12-21 13:30:02,645 DEBUG: Iniciando validacion
2022-12-21 13:30:02,645 DEBUG: Revisando en BD RUC: 20440162062
2022-12-21 13:30:02,705 DEBUG: Revisando ruc: 20440162062
2022-12-21 13:30:02,827 DEBUG: Comparando SUNAT con BD
2022-12-21 13:30:03,951 INFO : PL20440162062 actualizado
2022-12-21 13:30:03,957 DEBUG: Validacion finalizada
2022-12-21 13:30:03,957 DEBUG: Iniciando validacion
2022-12-21 13:30:03,958 DEBUG: Revisando en BD RUC: 10445473419
2022-12-21 13:30:04,022 DEBUG: Revisando ruc: 10445473419
2022-12-21 13:30:04,109 DEBUG: Comparando SUNAT con BD
2022-12-21 13:30:05,057 INFO : PL10445473419 actualizado
2022-12-21 13:30:05,065 DEBUG: Validacion finalizada
2022-12-21 13:30:05,066 DEBUG: Iniciando validacion
2022-12-21 13:30:05,068 DEBUG: Revisando en BD RUC: 20601924936
2022-12-21 13:30:05,127 DEBUG: Revisando ruc: 20601924936
2022-12-21 13:30:05,243 DEBUG: Comparando SUNAT con BD
2022-12-21 13:30:06,662 INFO : PL20601924936 actualizado
2022-12-21 13:30:06,671 DEBUG: Validacion finalizada
2022-12-21 13:30:06,672 DEBUG: Iniciando validacion
2022-12-21 13:30:06,673 DEBUG: Revisando en BD RUC: 20526352336
2022-12-21 13:30:06,736 DEBUG: Revisando ruc: 20526352336
2022-12-21 13:30:06,848 DEBUG: Comparando SUNAT con BD
2022-12-21 13:30:08,121 INFO : PL20526352336 actualizado
2022-12-21 13:30:08,130 DEBUG: Validacion finalizada
2022-12-21 13:30:08,130 DEBUG: Iniciando validacion
2022-12-21 13:30:08,131 DEBUG: Revisando en BD RUC: 20600815742
2022-12-21 13:30:08,190 DEBUG: Revisando ruc: 20600815742
2022-12-21 13:30:08,333 DEBUG: Comparando SUNAT con BD
2022-12-21 13:30:09,316 INFO : PL20600815742 actualizado
2022-12-21 13:30:09,327 DEBUG: Validacion finalizada
2022-12-21 13:30:09,328 DEBUG: Iniciando validacion
2022-12-21 13:30:09,330 DEBUG: Revisando en BD RUC: 20409419594
2022-12-21 13:30:09,391 DEBUG: Revisando ruc: 20409419594
2022-12-21 13:30:09,497 DEBUG: Comparando SUNAT con BD
2022-12-21 13:30:10,441 INFO : PL20409419594 actualizado
2022-12-21 13:30:10,467 DEBUG: Revisando ruc: 20409419594
2022-12-21 13:30:10,572 DEBUG: Comparando SUNAT con BD
2022-12-21 13:30:11,554 INFO : CL20409419594 actualizado
2022-12-21 13:30:11,562 DEBUG: Validacion finalizada
2022-12-21 13:30:11,562 DEBUG: Iniciando validacion
2022-12-21 13:30:11,563 DEBUG: Revisando en BD RUC: 20502257634
2022-12-21 13:30:11,624 DEBUG: Revisando ruc: 20502257634
2022-12-21 13:30:11,641 DEBUG: 20150701
2022-12-21 13:30:11,731 DEBUG: Comparando SUNAT con BD
2022-12-21 13:30:12,713 INFO : PL20502257634 actualizado
2022-12-21 13:30:12,740 DEBUG: Revisando ruc: 20502257634
2022-12-21 13:30:12,768 DEBUG: 20150701
2022-12-21 13:30:12,856 DEBUG: Comparando SUNAT con BD
2022-12-21 13:30:13,878 INFO : CL20502257634 actualizado
2022-12-21 13:30:13,884 DEBUG: Validacion finalizada
2022-12-21 13:30:13,885 DEBUG: Iniciando validacion
2022-12-21 13:30:13,885 DEBUG: Revisando en BD RUC: 10444907016
2022-12-21 13:30:13,950 DEBUG: Revisando ruc: 10444907016
2022-12-21 13:30:14,041 DEBUG: Comparando SUNAT con BD
2022-12-21 13:30:14,841 ERROR: Error al actualizar: CardCode-PL10444907016 - -1116: (2) bpvs:LC12 - Si se trata de una Persona Natural con RUC sin Negocio, en la pestaña de Finanzas debe colocar el tipo de impuesto "Extranjero"
2022-12-21 13:30:14,850 DEBUG: Validacion finalizada
2022-12-21 13:30:14,850 DEBUG: Iniciando validacion
2022-12-21 13:30:14,851 DEBUG: Revisando en BD RUC: 10447368906
2022-12-21 13:30:14,903 DEBUG: Revisando ruc: 10447368906
2022-12-21 13:30:14,988 DEBUG: Comparando SUNAT con BD
2022-12-21 13:30:15,877 ERROR: Error al actualizar: CardCode-PL10447368906 - -1116: (2) bpvs:LC12 - Si se trata de una Persona Natural con RUC sin Negocio, en la pestaña de Finanzas debe colocar el tipo de impuesto "Extranjero"
2022-12-21 13:30:15,885 DEBUG: Validacion finalizada
2022-12-21 13:30:15,886 DEBUG: Iniciando validacion
2022-12-21 13:30:15,889 DEBUG: Revisando en BD RUC: 20507637141
2022-12-21 13:30:15,960 DEBUG: Revisando ruc: 20507637141
2022-12-21 13:30:16,071 DEBUG: Comparando SUNAT con BD
2022-12-21 13:30:17,021 INFO : PL20507637141 actualizado
2022-12-21 13:30:17,030 DEBUG: Validacion finalizada
2022-12-21 13:30:17,030 INFO : Resultado: 8 correctos, 2 errores, 0 inválidos, 10 Socios Procesados -  Total Acumulado: 587
2022-12-21 13:30:17,031 INFO : RUC del 731 al 740
2022-12-21 13:30:18,400 DEBUG: Iniciando validacion
2022-12-21 13:30:18,401 DEBUG: Revisando en BD RUC: 10422197449
2022-12-21 13:30:18,460 DEBUG: Revisando ruc: 10422197449
2022-12-21 13:30:18,549 DEBUG: Comparando SUNAT con BD
2022-12-21 13:30:19,925 INFO : PL10422197449 actualizado
2022-12-21 13:30:19,932 DEBUG: Validacion finalizada
2022-12-21 13:30:19,932 DEBUG: Iniciando validacion
2022-12-21 13:30:19,933 DEBUG: Revisando en BD RUC: 20600488318
2022-12-21 13:30:19,996 DEBUG: Revisando ruc: 20600488318
2022-12-21 13:30:20,164 DEBUG: Comparando SUNAT con BD
2022-12-21 13:30:21,715 INFO : PL20600488318 actualizado
2022-12-21 13:30:21,725 DEBUG: Validacion finalizada
2022-12-21 13:30:21,726 DEBUG: Iniciando validacion
2022-12-21 13:30:21,727 DEBUG: Revisando en BD RUC: 10445660499
2022-12-21 13:30:21,789 DEBUG: Revisando ruc: 10445660499
2022-12-21 13:30:21,874 DEBUG: Comparando SUNAT con BD
2022-12-21 13:30:22,740 ERROR: Error al actualizar: CardCode-PL10445660499 - -1116: (2) bpvs:LC12 - Si se trata de una Persona Natural con RUC sin Negocio, en la pestaña de Finanzas debe colocar el tipo de impuesto "Extranjero"
2022-12-21 13:30:22,751 DEBUG: Validacion finalizada
2022-12-21 13:30:22,751 DEBUG: Iniciando validacion
2022-12-21 13:30:22,754 DEBUG: Revisando en BD RUC: 10446951799
2022-12-21 13:30:22,811 DEBUG: Revisando ruc: 10446951799
2022-12-21 13:30:22,882 DEBUG: Comparando SUNAT con BD
2022-12-21 13:30:23,553 ERROR: Error al actualizar: CardCode-PL10446951799 - -1116: (2) bpvs:LC12 - Si se trata de una Persona Natural con RUC sin Negocio, en la pestaña de Finanzas debe colocar el tipo de impuesto "Extranjero"
2022-12-21 13:30:23,568 DEBUG: Validacion finalizada
2022-12-21 13:30:23,569 DEBUG: Iniciando validacion
2022-12-21 13:30:23,570 DEBUG: Revisando en BD RUC: 10456752778
2022-12-21 13:30:23,621 DEBUG: Revisando ruc: 10456752778
2022-12-21 13:30:23,719 DEBUG: Comparando SUNAT con BD
2022-12-21 13:30:24,429 ERROR: Error al actualizar: CardCode-PL10456752778 - -1116: (2) bpvs:LC12 - Si se trata de una Persona Natural con RUC sin Negocio, en la pestaña de Finanzas debe colocar el tipo de impuesto "Extranjero"
2022-12-21 13:30:24,440 DEBUG: Validacion finalizada
2022-12-21 13:30:24,441 DEBUG: Iniciando validacion
2022-12-21 13:30:24,442 DEBUG: Revisando en BD RUC: 10455154397
2022-12-21 13:30:24,501 DEBUG: Revisando ruc: 10455154397
2022-12-21 13:30:24,594 DEBUG: Comparando SUNAT con BD
2022-12-21 13:30:25,527 INFO : PL10455154397 actualizado
2022-12-21 13:30:25,538 DEBUG: Validacion finalizada
2022-12-21 13:30:25,539 DEBUG: Iniciando validacion
2022-12-21 13:30:25,544 DEBUG: Revisando en BD RUC: 10026717502
2022-12-21 13:30:25,611 DEBUG: Revisando ruc: 10026717502
2022-12-21 13:30:25,688 DEBUG: Comparando SUNAT con BD
2022-12-21 13:30:26,476 ERROR: Error al actualizar: CardCode-PL10026717502 - -1116: (2) bpvs:LC12 - Si se trata de una Persona Natural con RUC sin Negocio, en la pestaña de Finanzas debe colocar el tipo de impuesto "Extranjero"
2022-12-21 13:30:26,483 DEBUG: Validacion finalizada
2022-12-21 13:30:26,484 DEBUG: Iniciando validacion
2022-12-21 13:30:26,485 DEBUG: Revisando en BD RUC: 10455721089
2022-12-21 13:30:26,559 DEBUG: Revisando ruc: 10455721089
2022-12-21 13:30:26,641 DEBUG: Comparando SUNAT con BD
2022-12-21 13:30:27,765 INFO : PL10455721089 actualizado
2022-12-21 13:30:27,772 DEBUG: Validacion finalizada
2022-12-21 13:30:27,774 DEBUG: Iniciando validacion
2022-12-21 13:30:27,774 DEBUG: Revisando en BD RUC: 10035071097
2022-12-21 13:30:27,833 DEBUG: Revisando ruc: 10035071097
2022-12-21 13:30:27,914 DEBUG: Comparando SUNAT con BD
2022-12-21 13:30:28,799 ERROR: Error al actualizar: CardCode-PL10035071097 - -1116: (2) bpvs:LC12 - Si se trata de una Persona Natural con RUC sin Negocio, en la pestaña de Finanzas debe colocar el tipo de impuesto "Extranjero"
2022-12-21 13:30:28,808 DEBUG: Validacion finalizada
2022-12-21 13:30:28,809 DEBUG: Iniciando validacion
2022-12-21 13:30:28,812 DEBUG: Revisando en BD RUC: 20154477374
2022-12-21 13:30:28,882 DEBUG: Revisando ruc: 20154477374
2022-12-21 13:30:29,010 DEBUG: Comparando SUNAT con BD
2022-12-21 13:30:30,003 INFO : CL20154477374 actualizado
2022-12-21 13:30:30,026 DEBUG: Revisando ruc: 20154477374
2022-12-21 13:30:30,137 DEBUG: Comparando SUNAT con BD
2022-12-21 13:30:30,963 ERROR: Error al actualizar: CardCode-PL20154477374 - -1116: (2) bpvs:LC20 - En la pestaña Direcciones, debe llenar los campos "Calle/Número", "Distrito", "Ciudad", "Departamento" de todas las direcciones
2022-12-21 13:30:30,972 DEBUG: Validacion finalizada
2022-12-21 13:30:30,972 INFO : Resultado: 4 correctos, 6 errores, 0 inválidos, 5 Socios Procesados -  Total Acumulado: 592
2022-12-21 13:30:30,973 INFO : RUC del 741 al 750
2022-12-21 13:30:32,247 DEBUG: Iniciando validacion
2022-12-21 13:30:32,247 DEBUG: Revisando en BD RUC: 10459044880
2022-12-21 13:30:32,300 DEBUG: Revisando ruc: 10459044880
2022-12-21 13:30:32,380 DEBUG: Comparando SUNAT con BD
2022-12-21 13:30:33,035 ERROR: Error al actualizar: CardCode-PL10459044880 - -1116: (2) bpvs:LC12 - Si se trata de una Persona Natural con RUC sin Negocio, en la pestaña de Finanzas debe colocar el tipo de impuesto "Extranjero"
2022-12-21 13:30:33,044 DEBUG: Validacion finalizada
2022-12-21 13:30:33,045 DEBUG: Iniciando validacion
2022-12-21 13:30:33,046 DEBUG: Revisando en BD RUC: 10459456061
2022-12-21 13:30:33,118 DEBUG: Revisando ruc: 10459456061
2022-12-21 13:30:33,206 DEBUG: Comparando SUNAT con BD
2022-12-21 13:30:33,935 ERROR: Error al actualizar: CardCode-PL10459456061 - -1116: (2) bpvs:LC12 - Si se trata de una Persona Natural con RUC sin Negocio, en la pestaña de Finanzas debe colocar el tipo de impuesto "Extranjero"
2022-12-21 13:30:33,942 DEBUG: Validacion finalizada
2022-12-21 13:30:33,943 DEBUG: Iniciando validacion
2022-12-21 13:30:33,943 DEBUG: Revisando en BD RUC: 10457446409
2022-12-21 13:30:34,034 DEBUG: Revisando ruc: 10457446409
2022-12-21 13:30:34,132 DEBUG: Comparando SUNAT con BD
2022-12-21 13:30:35,096 INFO : PL10457446409 actualizado
2022-12-21 13:30:35,103 DEBUG: Validacion finalizada
2022-12-21 13:30:35,103 DEBUG: Iniciando validacion
2022-12-21 13:30:35,105 DEBUG: Revisando en BD RUC: 10026718541
2022-12-21 13:30:35,170 DEBUG: Revisando ruc: 10026718541
2022-12-21 13:30:35,263 DEBUG: Comparando SUNAT con BD
2022-12-21 13:30:36,085 ERROR: Error al actualizar: CardCode-PL10026718541 - -1116: (2) bpvs:LC12 - Si se trata de una Persona Natural con RUC sin Negocio, en la pestaña de Finanzas debe colocar el tipo de impuesto "Extranjero"
2022-12-21 13:30:36,093 DEBUG: Validacion finalizada
2022-12-21 13:30:36,093 DEBUG: Iniciando validacion
2022-12-21 13:30:36,094 DEBUG: Revisando en BD RUC: 10457548538
2022-12-21 13:30:36,158 DEBUG: Revisando ruc: 10457548538
2022-12-21 13:30:36,256 DEBUG: Comparando SUNAT con BD
2022-12-21 13:30:37,260 ERROR: Error al actualizar: CardCode-PL10457548538 - -1116: (2) bpvs:LC12 - Si se trata de una Persona Natural con RUC sin Negocio, en la pestaña de Finanzas debe colocar el tipo de impuesto "Extranjero"
2022-12-21 13:30:37,268 DEBUG: Validacion finalizada
2022-12-21 13:30:37,269 DEBUG: Iniciando validacion
2022-12-21 13:30:37,271 DEBUG: Revisando en BD RUC: 10451721009
2022-12-21 13:30:37,330 DEBUG: Revisando ruc: 10451721009
2022-12-21 13:30:37,405 DEBUG: Comparando SUNAT con BD
2022-12-21 13:30:38,073 ERROR: Error al actualizar: CardCode-PL10451721009 - -1116: (2) bpvs:LC12 - Si se trata de una Persona Natural con RUC sin Negocio, en la pestaña de Finanzas debe colocar el tipo de impuesto "Extranjero"
2022-12-21 13:30:38,081 DEBUG: Validacion finalizada
2022-12-21 13:30:38,081 DEBUG: Iniciando validacion
2022-12-21 13:30:38,082 DEBUG: Revisando en BD RUC: 10454855626
2022-12-21 13:30:38,155 DEBUG: Revisando ruc: 10454855626
2022-12-21 13:30:38,237 DEBUG: Comparando SUNAT con BD
2022-12-21 13:30:39,434 INFO : PL10454855626 actualizado
2022-12-21 13:30:39,441 DEBUG: Validacion finalizada
2022-12-21 13:30:39,442 DEBUG: Iniciando validacion
2022-12-21 13:30:39,443 DEBUG: Revisando en BD RUC: 10453196947
2022-12-21 13:30:39,504 DEBUG: Revisando ruc: 10453196947
2022-12-21 13:30:39,592 DEBUG: Comparando SUNAT con BD
2022-12-21 13:30:40,578 INFO : PL10453196947 actualizado
2022-12-21 13:30:40,583 DEBUG: Validacion finalizada
2022-12-21 13:30:40,583 DEBUG: Iniciando validacion
2022-12-21 13:30:40,583 DEBUG: Revisando en BD RUC: 20101053157
2022-12-21 13:30:40,637 DEBUG: Revisando ruc: 20101053157
2022-12-21 13:30:40,657 DEBUG: 20150201
2022-12-21 13:30:40,754 DEBUG: Comparando SUNAT con BD
2022-12-21 13:30:41,924 INFO : PL20101053157 actualizado
2022-12-21 13:30:41,932 DEBUG: Validacion finalizada
2022-12-21 13:30:41,933 DEBUG: Iniciando validacion
2022-12-21 13:30:41,934 DEBUG: Revisando en BD RUC: 20484084948
2022-12-21 13:30:42,004 DEBUG: Revisando ruc: 20484084948
2022-12-21 13:30:42,130 DEBUG: Comparando SUNAT con BD
2022-12-21 13:30:43,126 INFO : CL20484084948 actualizado
2022-12-21 13:30:43,132 DEBUG: Validacion finalizada
2022-12-21 13:30:43,133 INFO : Resultado: 5 correctos, 5 errores, 0 inválidos, 5 Socios Procesados -  Total Acumulado: 597
2022-12-21 13:30:43,133 INFO : RUC del 751 al 760
2022-12-21 13:30:44,478 DEBUG: Iniciando validacion
2022-12-21 13:30:44,479 DEBUG: Revisando en BD RUC: 20600450736
2022-12-21 13:30:44,529 DEBUG: Revisando ruc: 20600450736
2022-12-21 13:30:44,661 DEBUG: Comparando SUNAT con BD
2022-12-21 13:30:45,626 INFO : PL20600450736 actualizado
2022-12-21 13:30:45,632 DEBUG: Validacion finalizada
2022-12-21 13:30:45,632 DEBUG: Iniciando validacion
2022-12-21 13:30:45,633 DEBUG: Revisando en BD RUC: 10403483007
2022-12-21 13:30:45,688 DEBUG: Revisando ruc: 10403483007
2022-12-21 13:30:45,778 DEBUG: Comparando SUNAT con BD
2022-12-21 13:30:46,703 ERROR: Error al actualizar: CardCode-PL10403483007 - -1116: (2) bpvs:LC12 - Si se trata de una Persona Natural con RUC sin Negocio, en la pestaña de Finanzas debe colocar el tipo de impuesto "Extranjero"
2022-12-21 13:30:46,711 DEBUG: Validacion finalizada
2022-12-21 13:30:46,712 DEBUG: Iniciando validacion
2022-12-21 13:30:46,713 DEBUG: Revisando en BD RUC: 10038850691
2022-12-21 13:30:46,766 DEBUG: Revisando ruc: 10038850691
2022-12-21 13:30:46,854 DEBUG: Comparando SUNAT con BD
2022-12-21 13:30:48,061 INFO : PL10038850691 actualizado
2022-12-21 13:30:48,067 DEBUG: Validacion finalizada
2022-12-21 13:30:48,067 DEBUG: Iniciando validacion
2022-12-21 13:30:48,068 DEBUG: Revisando en BD RUC: 10035793521
2022-12-21 13:30:48,124 DEBUG: Revisando ruc: 10035793521
2022-12-21 13:30:48,124 DEBUG: 20121101
2022-12-21 13:30:48,209 DEBUG: Comparando SUNAT con BD
2022-12-21 13:30:49,147 ERROR: Error al actualizar: CardCode-PL10035793521 - -1116: (2) bpvs:LC20 - En la pestaña Direcciones, debe llenar los campos "Calle/Número", "Distrito", "Ciudad", "Departamento" de todas las direcciones
2022-12-21 13:30:49,160 DEBUG: Validacion finalizada
2022-12-21 13:30:49,161 DEBUG: Iniciando validacion
2022-12-21 13:30:49,162 DEBUG: Revisando en BD RUC: 20601547300
2022-12-21 13:30:49,226 DEBUG: Revisando ruc: 20601547300
2022-12-21 13:30:49,369 DEBUG: Comparando SUNAT con BD
2022-12-21 13:30:50,429 ERROR: Error al actualizar: CardCode-PL20601547300 - -1116: (2) bpvs:LC20 - En la pestaña Direcciones, debe llenar los campos "Calle/Número", "Distrito", "Ciudad", "Departamento" de todas las direcciones
2022-12-21 13:30:50,437 DEBUG: Validacion finalizada
2022-12-21 13:30:50,437 DEBUG: Iniciando validacion
2022-12-21 13:30:50,438 DEBUG: Revisando en BD RUC: 10068076108
2022-12-21 13:30:50,499 DEBUG: Revisando ruc: 10068076108
2022-12-21 13:30:50,583 DEBUG: Comparando SUNAT con BD
2022-12-21 13:30:51,520 ERROR: Error al actualizar: CardCode-PL10068076108 - -1116: (2) bpvs:LC12 - Si se trata de una Persona Natural con RUC sin Negocio, en la pestaña de Finanzas debe colocar el tipo de impuesto "Extranjero"
2022-12-21 13:30:51,530 DEBUG: Validacion finalizada
2022-12-21 13:30:51,530 DEBUG: Iniciando validacion
2022-12-21 13:30:51,532 DEBUG: Revisando en BD RUC: 20601332796
2022-12-21 13:30:51,595 DEBUG: Revisando ruc: 20601332796
2022-12-21 13:30:51,719 DEBUG: Comparando SUNAT con BD
2022-12-21 13:30:52,872 INFO : PL20601332796 actualizado
2022-12-21 13:30:52,879 DEBUG: Validacion finalizada
2022-12-21 13:30:52,879 DEBUG: Iniciando validacion
2022-12-21 13:30:52,880 DEBUG: Revisando en BD RUC: 20484252247
2022-12-21 13:30:52,938 DEBUG: Revisando ruc: 20484252247
2022-12-21 13:30:52,955 DEBUG: 20070301
2022-12-21 13:30:53,057 DEBUG: Comparando SUNAT con BD
2022-12-21 13:30:54,088 INFO : PL20484252247 actualizado
2022-12-21 13:30:54,097 DEBUG: Validacion finalizada
2022-12-21 13:30:54,100 DEBUG: Iniciando validacion
2022-12-21 13:30:54,104 DEBUG: Revisando en BD RUC: 15604723202
2022-12-21 13:30:54,173 DEBUG: Revisando ruc: 15604723202
2022-12-21 13:30:54,273 DEBUG: Comparando SUNAT con BD
2022-12-21 13:30:55,402 ERROR: Error al actualizar: CardCode-PL15604723202 - -1116: (2) bpvs:LC12 - Si se trata de una Persona Natural con RUC sin Negocio, en la pestaña de Finanzas debe colocar el tipo de impuesto "Extranjero"
2022-12-21 13:30:55,410 DEBUG: Validacion finalizada
2022-12-21 13:30:55,410 DEBUG: Iniciando validacion
2022-12-21 13:30:55,412 DEBUG: Revisando en BD RUC: 20601308992
2022-12-21 13:30:55,480 DEBUG: Revisando ruc: 20601308992
2022-12-21 13:30:55,606 DEBUG: Comparando SUNAT con BD
2022-12-21 13:30:56,759 INFO : PL20601308992 actualizado
2022-12-21 13:30:56,768 DEBUG: Validacion finalizada
2022-12-21 13:30:56,769 INFO : Resultado: 5 correctos, 5 errores, 0 inválidos, 5 Socios Procesados -  Total Acumulado: 602
2022-12-21 13:30:56,774 INFO : RUC del 761 al 770
2022-12-21 13:30:58,198 DEBUG: Iniciando validacion
2022-12-21 13:30:58,198 DEBUG: Revisando en BD RUC: 20600226585
2022-12-21 13:30:58,252 DEBUG: Revisando ruc: 20600226585
2022-12-21 13:30:58,356 DEBUG: Comparando SUNAT con BD
2022-12-21 13:30:59,323 ERROR: Error al actualizar: CardCode-PL20600226585 - -1116: (2) bpvs:LC20 - En la pestaña Direcciones, debe llenar los campos "Calle/Número", "Distrito", "Ciudad", "Departamento" de todas las direcciones
2022-12-21 13:30:59,333 DEBUG: Validacion finalizada
2022-12-21 13:30:59,333 DEBUG: Iniciando validacion
2022-12-21 13:30:59,334 DEBUG: Revisando en BD RUC: 20601498775
2022-12-21 13:30:59,394 DEBUG: Revisando ruc: 20601498775
2022-12-21 13:30:59,520 DEBUG: Comparando SUNAT con BD
2022-12-21 13:31:00,645 INFO : PL20601498775 actualizado
2022-12-21 13:31:00,651 DEBUG: Validacion finalizada
2022-12-21 13:31:00,652 DEBUG: Iniciando validacion
2022-12-21 13:31:00,653 DEBUG: Revisando en BD RUC: 10027179270
2022-12-21 13:31:00,717 DEBUG: Revisando ruc: 10027179270
2022-12-21 13:31:00,817 DEBUG: Comparando SUNAT con BD
2022-12-21 13:31:01,514 ERROR: Error al actualizar: CardCode-PL10027179270 - -1116: (2) bpvs:LC12 - Si se trata de una Persona Natural con RUC sin Negocio, en la pestaña de Finanzas debe colocar el tipo de impuesto "Extranjero"
2022-12-21 13:31:01,521 DEBUG: Validacion finalizada
2022-12-21 13:31:01,521 DEBUG: Iniciando validacion
2022-12-21 13:31:01,524 DEBUG: Revisando en BD RUC: 20530254390
2022-12-21 13:31:01,582 DEBUG: Revisando ruc: 20530254390
2022-12-21 13:31:01,686 DEBUG: Comparando SUNAT con BD
2022-12-21 13:31:03,075 INFO : PL20530254390 actualizado
2022-12-21 13:31:03,083 DEBUG: Validacion finalizada
2022-12-21 13:31:03,084 DEBUG: Iniciando validacion
2022-12-21 13:31:03,088 DEBUG: Revisando en BD RUC: 20563792745
2022-12-21 13:31:03,159 DEBUG: Revisando ruc: 20563792745
2022-12-21 13:31:03,275 DEBUG: Comparando SUNAT con BD
2022-12-21 13:31:04,492 INFO : PL20563792745 actualizado
2022-12-21 13:31:04,502 DEBUG: Validacion finalizada
2022-12-21 13:31:04,503 DEBUG: Iniciando validacion
2022-12-21 13:31:04,504 DEBUG: Revisando en BD RUC: 20600056574
2022-12-21 13:31:04,566 DEBUG: Revisando ruc: 20600056574
2022-12-21 13:31:04,678 DEBUG: Comparando SUNAT con BD
2022-12-21 13:31:05,983 INFO : PL20600056574 actualizado
2022-12-21 13:31:05,994 DEBUG: Validacion finalizada
2022-12-21 13:31:05,995 DEBUG: Iniciando validacion
2022-12-21 13:31:05,997 DEBUG: Revisando en BD RUC: 20556744263
2022-12-21 13:31:06,064 DEBUG: Revisando ruc: 20556744263
2022-12-21 13:31:06,081 DEBUG: 20170201
2022-12-21 13:31:06,176 DEBUG: Comparando SUNAT con BD
2022-12-21 13:31:07,161 INFO : PL20556744263 actualizado
2022-12-21 13:31:07,174 DEBUG: Validacion finalizada
2022-12-21 13:31:07,174 DEBUG: Iniciando validacion
2022-12-21 13:31:07,177 DEBUG: Revisando en BD RUC: 20106975737
2022-12-21 13:31:07,244 DEBUG: Revisando ruc: 20106975737
2022-12-21 13:31:07,370 DEBUG: Comparando SUNAT con BD
2022-12-21 13:31:08,540 INFO : PL20106975737 actualizado
2022-12-21 13:31:08,550 DEBUG: Validacion finalizada
2022-12-21 13:31:08,552 DEBUG: Iniciando validacion
2022-12-21 13:31:08,553 DEBUG: Revisando en BD RUC: 20601821169
2022-12-21 13:31:08,613 DEBUG: Revisando ruc: 20601821169
2022-12-21 13:31:08,729 DEBUG: Comparando SUNAT con BD
2022-12-21 13:31:09,858 INFO : PL20601821169 actualizado
2022-12-21 13:31:09,868 DEBUG: Validacion finalizada
2022-12-21 13:31:09,869 DEBUG: Iniciando validacion
2022-12-21 13:31:09,871 DEBUG: Revisando en BD RUC: 20601750792
2022-12-21 13:31:09,944 DEBUG: Revisando ruc: 20601750792
2022-12-21 13:31:10,079 DEBUG: Comparando SUNAT con BD
2022-12-21 13:31:11,121 ERROR: Error al actualizar: CardCode-PL20601750792 - -1116: (2) bpvs:LC20 - En la pestaña Direcciones, debe llenar los campos "Calle/Número", "Distrito", "Ciudad", "Departamento" de todas las direcciones
2022-12-21 13:31:11,131 DEBUG: Validacion finalizada
2022-12-21 13:31:11,132 INFO : Resultado: 7 correctos, 3 errores, 0 inválidos, 7 Socios Procesados -  Total Acumulado: 609
2022-12-21 13:31:11,133 INFO : RUC del 771 al 780
2022-12-21 13:31:12,571 DEBUG: Iniciando validacion
2022-12-21 13:31:12,572 DEBUG: Revisando en BD RUC: 20602494498
2022-12-21 13:31:12,626 DEBUG: Revisando ruc: 20602494498
2022-12-21 13:31:12,770 DEBUG: Comparando SUNAT con BD
2022-12-21 13:31:13,744 INFO : PL20602494498 actualizado
2022-12-21 13:31:13,753 DEBUG: Validacion finalizada
2022-12-21 13:31:13,754 DEBUG: Iniciando validacion
2022-12-21 13:31:13,754 DEBUG: Revisando en BD RUC: 20254053822
2022-12-21 13:31:13,812 DEBUG: Revisando ruc: 20254053822
2022-12-21 13:31:13,832 DEBUG: 20020601
2022-12-21 13:31:13,833 DEBUG: 20060401
2022-12-21 13:31:13,922 DEBUG: Comparando SUNAT con BD
2022-12-21 13:31:15,011 INFO : PL20254053822 actualizado
2022-12-21 13:31:15,024 DEBUG: Validacion finalizada
2022-12-21 13:31:15,025 DEBUG: Iniciando validacion
2022-12-21 13:31:15,026 DEBUG: Revisando en BD RUC: 20384121838
2022-12-21 13:31:15,105 DEBUG: Revisando ruc: 20384121838
2022-12-21 13:31:15,221 DEBUG: Comparando SUNAT con BD
2022-12-21 13:31:16,425 INFO : PL20384121838 actualizado
2022-12-21 13:31:16,435 DEBUG: Validacion finalizada
2022-12-21 13:31:16,437 DEBUG: Iniciando validacion
2022-12-21 13:31:16,437 DEBUG: Revisando en BD RUC: 10077992770
2022-12-21 13:31:16,506 DEBUG: Revisando ruc: 10077992770
2022-12-21 13:31:16,598 DEBUG: Comparando SUNAT con BD
2022-12-21 13:31:17,298 ERROR: Error al actualizar: CardCode-PL10077992770 - -1116: (2) bpvs:LC12 - Si se trata de una Persona Natural con RUC sin Negocio, en la pestaña de Finanzas debe colocar el tipo de impuesto "Extranjero"
2022-12-21 13:31:17,306 DEBUG: Validacion finalizada
2022-12-21 13:31:17,306 DEBUG: Iniciando validacion
2022-12-21 13:31:17,308 DEBUG: Revisando en BD RUC: 10082314135
2022-12-21 13:31:17,379 DEBUG: Revisando ruc: 10082314135
2022-12-21 13:31:17,468 DEBUG: Comparando SUNAT con BD
2022-12-21 13:31:18,301 ERROR: Error al actualizar: CardCode-PL10082314135 - -1116: (2) bpvs:LC12 - Si se trata de una Persona Natural con RUC sin Negocio, en la pestaña de Finanzas debe colocar el tipo de impuesto "Extranjero"
2022-12-21 13:31:18,310 DEBUG: Validacion finalizada
2022-12-21 13:31:18,310 DEBUG: Iniciando validacion
2022-12-21 13:31:18,313 DEBUG: Revisando en BD RUC: 10091710205
2022-12-21 13:31:18,382 DEBUG: Revisando ruc: 10091710205
2022-12-21 13:31:18,478 DEBUG: Comparando SUNAT con BD
2022-12-21 13:31:19,979 INFO : PL10091710205 actualizado
2022-12-21 13:31:19,987 DEBUG: Validacion finalizada
2022-12-21 13:31:19,988 DEBUG: Iniciando validacion
2022-12-21 13:31:19,990 DEBUG: Revisando en BD RUC: 20601325439
2022-12-21 13:31:20,051 DEBUG: Revisando ruc: 20601325439
2022-12-21 13:31:20,182 DEBUG: Comparando SUNAT con BD
2022-12-21 13:31:21,547 INFO : PL20601325439 actualizado
2022-12-21 13:31:21,559 DEBUG: Validacion finalizada
2022-12-21 13:31:21,560 DEBUG: Iniciando validacion
2022-12-21 13:31:21,564 DEBUG: Revisando en BD RUC: 20525765394
2022-12-21 13:31:21,637 DEBUG: Revisando ruc: 20525765394
2022-12-21 13:31:21,765 DEBUG: Comparando SUNAT con BD
2022-12-21 13:31:22,923 INFO : PL20525765394 actualizado
2022-12-21 13:31:22,929 DEBUG: Validacion finalizada
2022-12-21 13:31:22,930 DEBUG: Iniciando validacion
2022-12-21 13:31:22,931 DEBUG: Revisando en BD RUC: 20601738792
2022-12-21 13:31:22,996 DEBUG: Revisando ruc: 20601738792
2022-12-21 13:31:23,116 DEBUG: Comparando SUNAT con BD
2022-12-21 13:31:24,235 INFO : PL20601738792 actualizado
2022-12-21 13:31:24,242 DEBUG: Validacion finalizada
2022-12-21 13:31:24,243 DEBUG: Iniciando validacion
2022-12-21 13:31:24,243 DEBUG: Revisando en BD RUC: 20418896915
2022-12-21 13:31:24,298 DEBUG: Revisando ruc: 20418896915
2022-12-21 13:31:24,315 DEBUG: 20020601
2022-12-21 13:31:24,423 DEBUG: Comparando SUNAT con BD
2022-12-21 13:31:25,572 INFO : PL20418896915 actualizado
2022-12-21 13:31:25,580 DEBUG: Validacion finalizada
2022-12-21 13:31:25,581 INFO : Resultado: 8 correctos, 2 errores, 0 inválidos, 8 Socios Procesados -  Total Acumulado: 617
2022-12-21 13:31:25,582 INFO : RUC del 781 al 790
2022-12-21 13:31:26,818 DEBUG: Iniciando validacion
2022-12-21 13:31:26,818 DEBUG: Revisando en BD RUC: 20603224079
2022-12-21 13:31:26,882 DEBUG: Revisando ruc: 20603224079
2022-12-21 13:31:27,009 DEBUG: Comparando SUNAT con BD
2022-12-21 13:31:28,350 INFO : PL20603224079 actualizado
2022-12-21 13:31:28,362 DEBUG: Validacion finalizada
2022-12-21 13:31:28,362 DEBUG: Iniciando validacion
2022-12-21 13:31:28,365 DEBUG: Revisando en BD RUC: 10802691403
2022-12-21 13:31:28,424 DEBUG: Revisando ruc: 10802691403
2022-12-21 13:31:28,511 DEBUG: Comparando SUNAT con BD
2022-12-21 13:31:29,724 INFO : PL10802691403 actualizado
2022-12-21 13:31:29,732 DEBUG: Validacion finalizada
2022-12-21 13:31:29,732 DEBUG: Iniciando validacion
2022-12-21 13:31:29,734 DEBUG: Revisando en BD RUC: 20519361672
2022-12-21 13:31:29,806 DEBUG: Revisando ruc: 20519361672
2022-12-21 13:31:29,933 DEBUG: Comparando SUNAT con BD
2022-12-21 13:31:30,927 INFO : PL20519361672 actualizado
2022-12-21 13:31:30,937 DEBUG: Validacion finalizada
2022-12-21 13:31:30,938 DEBUG: Iniciando validacion
2022-12-21 13:31:30,938 DEBUG: Revisando en BD RUC: 10096701557
2022-12-21 13:31:31,008 DEBUG: Revisando ruc: 10096701557
2022-12-21 13:31:31,105 DEBUG: Comparando SUNAT con BD
2022-12-21 13:31:32,241 INFO : PL10096701557 actualizado
2022-12-21 13:31:32,249 DEBUG: Validacion finalizada
2022-12-21 13:31:32,249 DEBUG: Iniciando validacion
2022-12-21 13:31:32,252 DEBUG: Revisando en BD RUC: 20600432258
2022-12-21 13:31:32,326 DEBUG: Revisando ruc: 20600432258
2022-12-21 13:31:32,453 DEBUG: Comparando SUNAT con BD
2022-12-21 13:31:33,504 ERROR: Error al actualizar: CardCode-PL20600432258 - -1116: (2) bpvs:LC20 - En la pestaña Direcciones, debe llenar los campos "Calle/Número", "Distrito", "Ciudad", "Departamento" de todas las direcciones
2022-12-21 13:31:33,513 DEBUG: Validacion finalizada
2022-12-21 13:31:33,514 DEBUG: Iniciando validacion
2022-12-21 13:31:33,517 DEBUG: Revisando en BD RUC: 20526572701
2022-12-21 13:31:33,588 DEBUG: Revisando ruc: 20526572701
2022-12-21 13:31:33,740 DEBUG: Comparando SUNAT con BD
2022-12-21 13:31:34,734 INFO : PL20526572701 actualizado
2022-12-21 13:31:34,743 DEBUG: Validacion finalizada
2022-12-21 13:31:34,743 DEBUG: Iniciando validacion
2022-12-21 13:31:34,744 DEBUG: Revisando en BD RUC: 20601293090
2022-12-21 13:31:34,817 DEBUG: Revisando ruc: 20601293090
2022-12-21 13:31:34,955 DEBUG: Comparando SUNAT con BD
2022-12-21 13:31:35,972 INFO : PL20601293090 actualizado
2022-12-21 13:31:35,984 DEBUG: Validacion finalizada
2022-12-21 13:31:35,985 DEBUG: Iniciando validacion
2022-12-21 13:31:35,988 DEBUG: Revisando en BD RUC: 20600577370
2022-12-21 13:31:36,050 DEBUG: Revisando ruc: 20600577370
2022-12-21 13:31:36,065 DEBUG: 20220201
2022-12-21 13:31:36,160 DEBUG: Comparando SUNAT con BD
2022-12-21 13:31:37,254 INFO : PL20600577370 actualizado
2022-12-21 13:31:37,262 DEBUG: Validacion finalizada
2022-12-21 13:31:37,263 DEBUG: Iniciando validacion
2022-12-21 13:31:37,266 DEBUG: Revisando en BD RUC: 17105212208
2022-12-21 13:31:37,327 DEBUG: Revisando ruc: 17105212208
2022-12-21 13:31:37,446 DEBUG: Comparando SUNAT con BD
2022-12-21 13:31:38,710 INFO : PL17105212208 actualizado
2022-12-21 13:31:38,718 DEBUG: Validacion finalizada
2022-12-21 13:31:38,719 DEBUG: Iniciando validacion
2022-12-21 13:31:38,725 DEBUG: Revisando en BD RUC: 10108060242
2022-12-21 13:31:38,781 DEBUG: Revisando ruc: 10108060242
2022-12-21 13:31:38,883 DEBUG: Comparando SUNAT con BD
2022-12-21 13:31:40,112 INFO : PL10108060242 actualizado
2022-12-21 13:31:40,122 DEBUG: Validacion finalizada
2022-12-21 13:31:40,123 INFO : Resultado: 9 correctos, 1 errores, 0 inválidos, 9 Socios Procesados -  Total Acumulado: 626
2022-12-21 13:31:40,125 INFO : RUC del 791 al 800
2022-12-21 13:31:41,254 DEBUG: Iniciando validacion
2022-12-21 13:31:41,254 DEBUG: Revisando en BD RUC: 10164232781
2022-12-21 13:31:41,305 DEBUG: Revisando ruc: 10164232781
2022-12-21 13:31:41,393 DEBUG: Comparando SUNAT con BD
2022-12-21 13:31:42,099 ERROR: Error al actualizar: CardCode-PL10164232781 - -1116: (2) bpvs:LC12 - Si se trata de una Persona Natural con RUC sin Negocio, en la pestaña de Finanzas debe colocar el tipo de impuesto "Extranjero"
2022-12-21 13:31:42,107 DEBUG: Validacion finalizada
2022-12-21 13:31:42,107 DEBUG: Iniciando validacion
2022-12-21 13:31:42,110 DEBUG: Revisando en BD RUC: 20526533471
2022-12-21 13:31:42,178 DEBUG: Revisando ruc: 20526533471
2022-12-21 13:31:42,280 DEBUG: Comparando SUNAT con BD
2022-12-21 13:31:43,249 INFO : PL20526533471 actualizado
2022-12-21 13:31:43,256 DEBUG: Validacion finalizada
2022-12-21 13:31:43,257 DEBUG: Iniciando validacion
2022-12-21 13:31:43,257 DEBUG: Revisando en BD RUC: 20600073711
2022-12-21 13:31:43,315 DEBUG: Revisando ruc: 20600073711
2022-12-21 13:31:43,426 DEBUG: Comparando SUNAT con BD
2022-12-21 13:31:44,483 ERROR: Error al actualizar: CardCode-PL20600073711 - -1116: (2) bpvs:LC20 - En la pestaña Direcciones, debe llenar los campos "Calle/Número", "Distrito", "Ciudad", "Departamento" de todas las direcciones
2022-12-21 13:31:44,495 DEBUG: Validacion finalizada
2022-12-21 13:31:44,495 DEBUG: Iniciando validacion
2022-12-21 13:31:44,495 DEBUG: Revisando en BD RUC: 20100006376
2022-12-21 13:31:44,554 DEBUG: Revisando ruc: 20100006376
2022-12-21 13:31:44,581 DEBUG: 20191201
2022-12-21 13:31:44,581 DEBUG: 20020601
2022-12-21 13:31:44,582 DEBUG: 20160201
2022-12-21 13:31:44,678 DEBUG: Comparando SUNAT con BD
2022-12-21 13:31:45,923 INFO : PL20100006376 actualizado
2022-12-21 13:31:45,929 DEBUG: Validacion finalizada
2022-12-21 13:31:45,930 DEBUG: Iniciando validacion
2022-12-21 13:31:45,930 DEBUG: Revisando en BD RUC: 20604708509
2022-12-21 13:31:45,984 DEBUG: Revisando ruc: 20604708509
2022-12-21 13:31:46,108 DEBUG: Comparando SUNAT con BD
2022-12-21 13:31:47,219 INFO : PL20604708509 actualizado
2022-12-21 13:31:47,226 DEBUG: Validacion finalizada
2022-12-21 13:31:47,226 DEBUG: Iniciando validacion
2022-12-21 13:31:47,227 DEBUG: Revisando en BD RUC: 10027207281
2022-12-21 13:31:47,286 DEBUG: Revisando ruc: 10027207281
2022-12-21 13:31:47,366 DEBUG: Comparando SUNAT con BD
2022-12-21 13:31:48,544 INFO : PL10027207281 actualizado
2022-12-21 13:31:48,553 DEBUG: Validacion finalizada
2022-12-21 13:31:48,553 DEBUG: Iniciando validacion
2022-12-21 13:31:48,554 DEBUG: Revisando en BD RUC: 20546801471
2022-12-21 13:31:48,610 DEBUG: Revisando ruc: 20546801471
2022-12-21 13:31:48,627 DEBUG: 20150801
2022-12-21 13:31:48,730 DEBUG: Comparando SUNAT con BD
2022-12-21 13:31:49,857 INFO : PL20546801471 actualizado
2022-12-21 13:31:49,864 DEBUG: Validacion finalizada
2022-12-21 13:31:49,864 DEBUG: Iniciando validacion
2022-12-21 13:31:49,864 DEBUG: Revisando en BD RUC: 20606946628
2022-12-21 13:31:49,925 DEBUG: Revisando ruc: 20606946628
2022-12-21 13:31:50,032 DEBUG: Comparando SUNAT con BD
2022-12-21 13:31:51,416 INFO : PL20606946628 actualizado
2022-12-21 13:31:51,425 DEBUG: Validacion finalizada
2022-12-21 13:31:51,425 DEBUG: Iniciando validacion
2022-12-21 13:31:51,426 DEBUG: Revisando en BD RUC: 10404975949
2022-12-21 13:31:51,482 DEBUG: Revisando ruc: 10404975949
2022-12-21 13:31:51,577 DEBUG: Comparando SUNAT con BD
2022-12-21 13:31:52,275 ERROR: Error al actualizar: CardCode-PL10404975949 - -1116: (2) bpvs:LC12 - Si se trata de una Persona Natural con RUC sin Negocio, en la pestaña de Finanzas debe colocar el tipo de impuesto "Extranjero"
2022-12-21 13:31:52,283 DEBUG: Validacion finalizada
2022-12-21 13:31:52,283 DEBUG: Iniciando validacion
2022-12-21 13:31:52,284 DEBUG: Revisando en BD RUC: 10164232790
2022-12-21 13:31:52,342 DEBUG: Revisando ruc: 10164232790
2022-12-21 13:31:52,434 DEBUG: Comparando SUNAT con BD
2022-12-21 13:31:53,142 ERROR: Error al actualizar: CardCode-PL10164232790 - -1116: (2) bpvs:LC12 - Si se trata de una Persona Natural con RUC sin Negocio, en la pestaña de Finanzas debe colocar el tipo de impuesto "Extranjero"
2022-12-21 13:31:53,149 DEBUG: Validacion finalizada
2022-12-21 13:31:53,151 INFO : Resultado: 6 correctos, 4 errores, 0 inválidos, 6 Socios Procesados -  Total Acumulado: 632
2022-12-21 13:31:53,151 INFO : RUC del 801 al 810
2022-12-21 13:31:54,759 DEBUG: Iniciando validacion
2022-12-21 13:31:54,759 DEBUG: Revisando en BD RUC: 20601582113
2022-12-21 13:31:54,814 DEBUG: Revisando ruc: 20601582113
2022-12-21 13:31:54,940 DEBUG: Comparando SUNAT con BD
2022-12-21 13:31:55,781 ERROR: Error al actualizar: CardCode-PL20601582113 - -1116: (2) bpvs:LC20 - En la pestaña Direcciones, debe llenar los campos "Calle/Número", "Distrito", "Ciudad", "Departamento" de todas las direcciones
2022-12-21 13:31:55,788 DEBUG: Validacion finalizada
2022-12-21 13:31:55,789 DEBUG: Iniciando validacion
2022-12-21 13:31:55,790 DEBUG: Revisando en BD RUC: 20602533116
2022-12-21 13:31:55,844 DEBUG: Revisando ruc: 20602533116
2022-12-21 13:31:55,962 DEBUG: Comparando SUNAT con BD
2022-12-21 13:31:57,071 INFO : PL20602533116 actualizado
2022-12-21 13:31:57,081 DEBUG: Validacion finalizada
2022-12-21 13:31:57,082 DEBUG: Iniciando validacion
2022-12-21 13:31:57,083 DEBUG: Revisando en BD RUC: 20601050324
2022-12-21 13:31:57,144 DEBUG: Revisando ruc: 20601050324
2022-12-21 13:31:57,258 DEBUG: Comparando SUNAT con BD
2022-12-21 13:31:58,362 INFO : PL20601050324 actualizado
2022-12-21 13:31:58,369 DEBUG: Validacion finalizada
2022-12-21 13:31:58,369 DEBUG: Iniciando validacion
2022-12-21 13:31:58,370 DEBUG: Revisando en BD RUC: 20526362137
2022-12-21 13:31:58,439 DEBUG: Revisando ruc: 20526362137
2022-12-21 13:31:58,457 DEBUG: 20160301
2022-12-21 13:31:58,548 DEBUG: Comparando SUNAT con BD
2022-12-21 13:31:59,522 INFO : PL20526362137 actualizado
2022-12-21 13:31:59,531 DEBUG: Validacion finalizada
2022-12-21 13:31:59,531 DEBUG: Iniciando validacion
2022-12-21 13:31:59,532 DEBUG: Revisando en BD RUC: 20100025915
2022-12-21 13:31:59,647 DEBUG: Revisando ruc: 20100025915
2022-12-21 13:31:59,677 DEBUG: 20150201
2022-12-21 13:31:59,678 DEBUG: 20020601
2022-12-21 13:31:59,679 DEBUG: 20130701
2022-12-21 13:31:59,781 DEBUG: Comparando SUNAT con BD
2022-12-21 13:32:01,006 INFO : PL20100025915 actualizado
2022-12-21 13:32:01,013 DEBUG: Validacion finalizada
2022-12-21 13:32:01,014 DEBUG: Iniciando validacion
2022-12-21 13:32:01,015 DEBUG: Revisando en BD RUC: 15276280101
2022-12-21 13:32:01,078 DEBUG: Revisando ruc: 15276280101
2022-12-21 13:32:01,166 DEBUG: Comparando SUNAT con BD
2022-12-21 13:32:01,858 ERROR: Error al actualizar: CardCode-PL15276280101 - -1116: (2) bpvs:LC12 - Si se trata de una Persona Natural con RUC sin Negocio, en la pestaña de Finanzas debe colocar el tipo de impuesto "Extranjero"
2022-12-21 13:32:01,867 DEBUG: Validacion finalizada
2022-12-21 13:32:01,868 DEBUG: Iniciando validacion
2022-12-21 13:32:01,870 DEBUG: Revisando en BD RUC: 20100044626
2022-12-21 13:32:01,937 DEBUG: Revisando ruc: 20100044626
2022-12-21 13:32:01,956 DEBUG: 20180401
2022-12-21 13:32:01,956 DEBUG: 20020601
2022-12-21 13:32:02,055 DEBUG: Comparando SUNAT con BD
2022-12-21 13:32:03,169 ERROR: Error al actualizar: CardCode-PL20100044626 - -1116: (2) bpvs:LC20 - En la pestaña Direcciones, debe llenar los campos "Calle/Número", "Distrito", "Ciudad", "Departamento" de todas las direcciones
2022-12-21 13:32:03,178 DEBUG: Validacion finalizada
2022-12-21 13:32:03,178 DEBUG: Iniciando validacion
2022-12-21 13:32:03,179 DEBUG: Revisando en BD RUC: 20600909135
2022-12-21 13:32:03,238 DEBUG: Revisando ruc: 20600909135
2022-12-21 13:32:03,257 DEBUG: 20190501
2022-12-21 13:32:03,344 DEBUG: Comparando SUNAT con BD
2022-12-21 13:32:04,581 INFO : PL20600909135 actualizado
2022-12-21 13:32:04,590 DEBUG: Validacion finalizada
2022-12-21 13:32:04,590 DEBUG: Iniciando validacion
2022-12-21 13:32:04,591 DEBUG: Revisando en BD RUC: 20539866762
2022-12-21 13:32:04,658 DEBUG: Revisando ruc: 20539866762
2022-12-21 13:32:04,808 DEBUG: Comparando SUNAT con BD
2022-12-21 13:32:06,133 INFO : PL20539866762 actualizado
2022-12-21 13:32:06,139 DEBUG: Validacion finalizada
2022-12-21 13:32:06,140 DEBUG: Iniciando validacion
2022-12-21 13:32:06,142 DEBUG: Revisando en BD RUC: 10407671819
2022-12-21 13:32:06,203 DEBUG: Revisando ruc: 10407671819
2022-12-21 13:32:06,290 DEBUG: Comparando SUNAT con BD
2022-12-21 13:32:07,166 ERROR: Error al actualizar: CardCode-PL10407671819 - -1116: (2) bpvs:LC12 - Si se trata de una Persona Natural con RUC sin Negocio, en la pestaña de Finanzas debe colocar el tipo de impuesto "Extranjero"
2022-12-21 13:32:07,174 DEBUG: Validacion finalizada
2022-12-21 13:32:07,175 INFO : Resultado: 6 correctos, 4 errores, 0 inválidos, 6 Socios Procesados -  Total Acumulado: 638
2022-12-21 13:32:07,175 INFO : RUC del 811 al 820
2022-12-21 13:32:09,001 DEBUG: Iniciando validacion
2022-12-21 13:32:09,002 DEBUG: Revisando en BD RUC: 20505720131
2022-12-21 13:32:09,056 DEBUG: Revisando ruc: 20505720131
2022-12-21 13:32:09,191 DEBUG: Comparando SUNAT con BD
2022-12-21 13:32:10,718 INFO : PL20505720131 actualizado
2022-12-21 13:32:10,725 DEBUG: Validacion finalizada
2022-12-21 13:32:10,726 DEBUG: Iniciando validacion
2022-12-21 13:32:10,726 DEBUG: Revisando en BD RUC: 20547706189
2022-12-21 13:32:10,784 DEBUG: Revisando ruc: 20547706189
2022-12-21 13:32:10,904 DEBUG: Comparando SUNAT con BD
2022-12-21 13:32:12,399 INFO : PL20547706189 actualizado
2022-12-21 13:32:12,405 DEBUG: Validacion finalizada
2022-12-21 13:32:12,406 DEBUG: Iniciando validacion
2022-12-21 13:32:12,407 DEBUG: Revisando en BD RUC: 20604778191
2022-12-21 13:32:12,474 DEBUG: Revisando ruc: 20604778191
2022-12-21 13:32:12,604 DEBUG: Comparando SUNAT con BD
2022-12-21 13:32:13,744 INFO : PL20604778191 actualizado
2022-12-21 13:32:13,752 DEBUG: Validacion finalizada
2022-12-21 13:32:13,752 DEBUG: Iniciando validacion
2022-12-21 13:32:13,753 DEBUG: Revisando en BD RUC: 20259572887
2022-12-21 13:32:13,811 DEBUG: Revisando ruc: 20259572887
2022-12-21 13:32:13,923 DEBUG: Comparando SUNAT con BD
2022-12-21 13:32:14,879 INFO : PL20259572887 actualizado
2022-12-21 13:32:14,890 DEBUG: Validacion finalizada
2022-12-21 13:32:14,891 DEBUG: Iniciando validacion
2022-12-21 13:32:14,894 DEBUG: Revisando en BD RUC: 20508754079
2022-12-21 13:32:14,958 DEBUG: Revisando ruc: 20508754079
2022-12-21 13:32:15,085 DEBUG: Comparando SUNAT con BD
2022-12-21 13:32:16,329 INFO : PL20508754079 actualizado
2022-12-21 13:32:16,336 DEBUG: Validacion finalizada
2022-12-21 13:32:16,336 DEBUG: Iniciando validacion
2022-12-21 13:32:16,337 DEBUG: Revisando en BD RUC: 10178637768
2022-12-21 13:32:16,391 DEBUG: Revisando ruc: 10178637768
2022-12-21 13:32:16,392 DEBUG: 20190501
2022-12-21 13:32:16,473 DEBUG: Comparando SUNAT con BD
2022-12-21 13:32:17,295 ERROR: Error al actualizar: CardCode-PL10178637768 - -1116: (2) bpvs:LC12 - Si se trata de una Persona Natural con RUC sin Negocio, en la pestaña de Finanzas debe colocar el tipo de impuesto "Extranjero"
2022-12-21 13:32:17,308 DEBUG: Validacion finalizada
2022-12-21 13:32:17,308 DEBUG: Iniciando validacion
2022-12-21 13:32:17,309 DEBUG: Revisando en BD RUC: 20603278233
2022-12-21 13:32:17,377 DEBUG: Revisando ruc: 20603278233
2022-12-21 13:32:17,525 DEBUG: Comparando SUNAT con BD
2022-12-21 13:32:18,924 INFO : PL20603278233 actualizado
2022-12-21 13:32:18,930 DEBUG: Validacion finalizada
2022-12-21 13:32:18,931 DEBUG: Iniciando validacion
2022-12-21 13:32:18,932 DEBUG: Revisando en BD RUC: 10455178695
2022-12-21 13:32:18,992 DEBUG: Revisando ruc: 10455178695
2022-12-21 13:32:19,088 DEBUG: Comparando SUNAT con BD
2022-12-21 13:32:19,869 ERROR: Error al actualizar: CardCode-PL10455178695 - -1116: (2) bpvs:LC12 - Si se trata de una Persona Natural con RUC sin Negocio, en la pestaña de Finanzas debe colocar el tipo de impuesto "Extranjero"
2022-12-21 13:32:19,876 DEBUG: Validacion finalizada
2022-12-21 13:32:19,877 DEBUG: Iniciando validacion
2022-12-21 13:32:19,879 DEBUG: Revisando en BD RUC: 10806631642
2022-12-21 13:32:19,937 DEBUG: Revisando ruc: 10806631642
2022-12-21 13:32:20,015 DEBUG: Comparando SUNAT con BD
2022-12-21 13:32:20,669 ERROR: Error al actualizar: CardCode-PL10806631642 - -1116: (2) bpvs:LC12 - Si se trata de una Persona Natural con RUC sin Negocio, en la pestaña de Finanzas debe colocar el tipo de impuesto "Extranjero"
2022-12-21 13:32:20,676 DEBUG: Validacion finalizada
2022-12-21 13:32:20,677 DEBUG: Iniciando validacion
2022-12-21 13:32:20,678 DEBUG: Revisando en BD RUC: 20526016069
2022-12-21 13:32:20,732 DEBUG: Revisando ruc: 20526016069
2022-12-21 13:32:20,755 DEBUG: 20160901
2022-12-21 13:32:20,857 DEBUG: Comparando SUNAT con BD
2022-12-21 13:32:21,814 ERROR: Error al actualizar: CardCode-PL20526016069 - -1116: (2) bpvs:LC20 - En la pestaña Direcciones, debe llenar los campos "Calle/Número", "Distrito", "Ciudad", "Departamento" de todas las direcciones
2022-12-21 13:32:21,823 DEBUG: Validacion finalizada
2022-12-21 13:32:21,823 INFO : Resultado: 6 correctos, 4 errores, 0 inválidos, 6 Socios Procesados -  Total Acumulado: 644
2022-12-21 13:32:21,824 INFO : RUC del 821 al 830
2022-12-21 13:32:23,451 DEBUG: Iniciando validacion
2022-12-21 13:32:23,451 DEBUG: Revisando en BD RUC: 20602485570
2022-12-21 13:32:23,505 DEBUG: Revisando ruc: 20602485570
2022-12-21 13:32:23,610 DEBUG: Comparando SUNAT con BD
2022-12-21 13:32:24,540 INFO : PL20602485570 actualizado
2022-12-21 13:32:24,547 DEBUG: Validacion finalizada
2022-12-21 13:32:24,547 DEBUG: Iniciando validacion
2022-12-21 13:32:24,548 DEBUG: Revisando en BD RUC: 20604760586
2022-12-21 13:32:24,609 DEBUG: Revisando ruc: 20604760586
2022-12-21 13:32:24,724 DEBUG: Comparando SUNAT con BD
2022-12-21 13:32:26,065 INFO : PL20604760586 actualizado
2022-12-21 13:32:26,073 DEBUG: Validacion finalizada
2022-12-21 13:32:26,074 DEBUG: Iniciando validacion
2022-12-21 13:32:26,075 DEBUG: Revisando en BD RUC: 20601772273
2022-12-21 13:32:26,142 DEBUG: Revisando ruc: 20601772273
2022-12-21 13:32:26,256 DEBUG: Comparando SUNAT con BD
2022-12-21 13:32:27,548 INFO : PL20601772273 actualizado
2022-12-21 13:32:27,556 DEBUG: Validacion finalizada
2022-12-21 13:32:27,557 DEBUG: Iniciando validacion
2022-12-21 13:32:27,557 DEBUG: Revisando en BD RUC: 10028918041
2022-12-21 13:32:27,615 DEBUG: Revisando ruc: 10028918041
2022-12-21 13:32:27,693 DEBUG: Comparando SUNAT con BD
2022-12-21 13:32:28,767 INFO : PL10028918041 actualizado
2022-12-21 13:32:28,775 DEBUG: Validacion finalizada
2022-12-21 13:32:28,776 DEBUG: Iniciando validacion
2022-12-21 13:32:28,776 DEBUG: Revisando en BD RUC: 10422740827
2022-12-21 13:32:28,828 DEBUG: Revisando ruc: 10422740827
2022-12-21 13:32:28,910 DEBUG: Comparando SUNAT con BD
2022-12-21 13:32:30,481 INFO : PL10422740827 actualizado
2022-12-21 13:32:30,489 DEBUG: Validacion finalizada
2022-12-21 13:32:30,489 DEBUG: Iniciando validacion
2022-12-21 13:32:30,492 DEBUG: Revisando en BD RUC: 20602939970
2022-12-21 13:32:30,547 DEBUG: Revisando ruc: 20602939970
2022-12-21 13:32:30,664 DEBUG: Comparando SUNAT con BD
2022-12-21 13:32:31,867 INFO : PL20602939970 actualizado
2022-12-21 13:32:31,874 DEBUG: Validacion finalizada
2022-12-21 13:32:31,875 DEBUG: Iniciando validacion
2022-12-21 13:32:31,878 DEBUG: Revisando en BD RUC: 20100051169
2022-12-21 13:32:31,944 DEBUG: Revisando ruc: 20100051169
2022-12-21 13:32:31,958 DEBUG: 20190501
2022-12-21 13:32:31,958 DEBUG: 20020601
2022-12-21 13:32:31,961 DEBUG: 20130701
2022-12-21 13:32:32,058 DEBUG: Comparando SUNAT con BD
2022-12-21 13:32:33,287 INFO : PL20100051169 actualizado
2022-12-21 13:32:33,297 DEBUG: Validacion finalizada
2022-12-21 13:32:33,297 DEBUG: Iniciando validacion
2022-12-21 13:32:33,298 DEBUG: Revisando en BD RUC: 20225058319
2022-12-21 13:32:33,362 DEBUG: Revisando ruc: 20225058319
2022-12-21 13:32:33,482 DEBUG: Comparando SUNAT con BD
2022-12-21 13:32:34,589 INFO : PL20225058319 actualizado
2022-12-21 13:32:34,596 DEBUG: Validacion finalizada
2022-12-21 13:32:34,597 DEBUG: Iniciando validacion
2022-12-21 13:32:34,597 DEBUG: Revisando en BD RUC: 20600442288
2022-12-21 13:32:34,656 DEBUG: Revisando ruc: 20600442288
2022-12-21 13:32:34,803 DEBUG: Comparando SUNAT con BD
2022-12-21 13:32:36,115 INFO : PL20600442288 actualizado
2022-12-21 13:32:36,124 DEBUG: Validacion finalizada
2022-12-21 13:32:36,124 DEBUG: Iniciando validacion
2022-12-21 13:32:36,125 DEBUG: Revisando en BD RUC: 10027690888
2022-12-21 13:32:36,192 DEBUG: Revisando ruc: 10027690888
2022-12-21 13:32:36,273 DEBUG: Comparando SUNAT con BD
2022-12-21 13:32:37,546 INFO : PL10027690888 actualizado
2022-12-21 13:32:37,552 DEBUG: Validacion finalizada
2022-12-21 13:32:37,553 INFO : Resultado: 10 correctos, 0 errores, 0 inválidos, 10 Socios Procesados -  Total Acumulado: 654
2022-12-21 13:32:37,554 INFO : RUC del 831 al 840
2022-12-21 13:32:39,126 DEBUG: Iniciando validacion
2022-12-21 13:32:39,126 DEBUG: Revisando en BD RUC: 20545044545
2022-12-21 13:32:39,180 DEBUG: Revisando ruc: 20545044545
2022-12-21 13:32:39,314 DEBUG: Comparando SUNAT con BD
2022-12-21 13:32:40,918 INFO : PL20545044545 actualizado
2022-12-21 13:32:40,925 DEBUG: Validacion finalizada
2022-12-21 13:32:40,926 DEBUG: Iniciando validacion
2022-12-21 13:32:40,926 DEBUG: Revisando en BD RUC: 20526543948
2022-12-21 13:32:40,984 DEBUG: Revisando ruc: 20526543948
2022-12-21 13:32:41,117 DEBUG: Comparando SUNAT con BD
2022-12-21 13:32:42,644 INFO : PL20526543948 actualizado
2022-12-21 13:32:42,651 DEBUG: Validacion finalizada
2022-12-21 13:32:42,651 DEBUG: Iniciando validacion
2022-12-21 13:32:42,652 DEBUG: Revisando en BD RUC: 10407223573
2022-12-21 13:32:42,704 DEBUG: Revisando ruc: 10407223573
2022-12-21 13:32:42,796 DEBUG: Comparando SUNAT con BD
2022-12-21 13:32:44,240 INFO : PL10407223573 actualizado
2022-12-21 13:32:44,246 DEBUG: Validacion finalizada
2022-12-21 13:32:44,247 DEBUG: Iniciando validacion
2022-12-21 13:32:44,247 DEBUG: Revisando en BD RUC: 10069748568
2022-12-21 13:32:44,301 DEBUG: Revisando ruc: 10069748568
2022-12-21 13:32:44,419 DEBUG: Comparando SUNAT con BD
2022-12-21 13:32:45,362 ERROR: Error al actualizar: CardCode-PL10069748568 - -1116: (2) bpvs:LC12 - Si se trata de una Persona Natural con RUC sin Negocio, en la pestaña de Finanzas debe colocar el tipo de impuesto "Extranjero"
2022-12-21 13:32:45,375 DEBUG: Validacion finalizada
2022-12-21 13:32:45,375 DEBUG: Iniciando validacion
2022-12-21 13:32:45,376 DEBUG: Revisando en BD RUC: 10481767780
2022-12-21 13:32:45,440 DEBUG: Revisando ruc: 10481767780
2022-12-21 13:32:45,528 DEBUG: Comparando SUNAT con BD
2022-12-21 13:32:46,981 INFO : PL10481767780 actualizado
2022-12-21 13:32:46,992 DEBUG: Validacion finalizada
2022-12-21 13:32:46,993 DEBUG: Iniciando validacion
2022-12-21 13:32:46,994 DEBUG: Revisando en BD RUC: 20100055318
2022-12-21 13:32:47,048 DEBUG: Revisando ruc: 20100055318
2022-12-21 13:32:47,066 DEBUG: 20170901
2022-12-21 13:32:47,066 DEBUG: 20020601
2022-12-21 13:32:47,172 DEBUG: Comparando SUNAT con BD
2022-12-21 13:32:48,279 INFO : PL20100055318 actualizado
2022-12-21 13:32:48,285 DEBUG: Validacion finalizada
2022-12-21 13:32:48,286 DEBUG: Iniciando validacion
2022-12-21 13:32:48,287 DEBUG: Revisando en BD RUC: 20509469327
2022-12-21 13:32:48,347 DEBUG: Revisando ruc: 20509469327
2022-12-21 13:32:48,460 DEBUG: Comparando SUNAT con BD
2022-12-21 13:32:49,592 INFO : PL20509469327 actualizado
2022-12-21 13:32:49,598 DEBUG: Validacion finalizada
2022-12-21 13:32:49,599 DEBUG: Iniciando validacion
2022-12-21 13:32:49,600 DEBUG: Revisando en BD RUC: 20604943737
2022-12-21 13:32:49,672 DEBUG: Revisando ruc: 20604943737
2022-12-21 13:32:49,785 DEBUG: Comparando SUNAT con BD
2022-12-21 13:32:51,064 INFO : PL20604943737 actualizado
2022-12-21 13:32:51,074 DEBUG: Validacion finalizada
2022-12-21 13:32:51,075 DEBUG: Iniciando validacion
2022-12-21 13:32:51,077 DEBUG: Revisando en BD RUC: 20483899379
2022-12-21 13:32:51,143 DEBUG: Revisando ruc: 20483899379
2022-12-21 13:32:51,255 DEBUG: Comparando SUNAT con BD
2022-12-21 13:32:52,442 INFO : PL20483899379 actualizado
2022-12-21 13:32:52,450 DEBUG: Validacion finalizada
2022-12-21 13:32:52,451 DEBUG: Iniciando validacion
2022-12-21 13:32:52,452 DEBUG: Revisando en BD RUC: 10415001865
2022-12-21 13:32:52,522 DEBUG: Revisando ruc: 10415001865
2022-12-21 13:32:52,624 DEBUG: Comparando SUNAT con BD
2022-12-21 13:32:54,322 INFO : PL10415001865 actualizado
2022-12-21 13:32:54,333 DEBUG: Validacion finalizada
2022-12-21 13:32:54,334 INFO : Resultado: 9 correctos, 1 errores, 0 inválidos, 9 Socios Procesados -  Total Acumulado: 663
2022-12-21 13:32:54,336 INFO : RUC del 841 al 850
2022-12-21 13:32:55,988 DEBUG: Iniciando validacion
2022-12-21 13:32:55,988 DEBUG: Revisando en BD RUC: 20392599828
2022-12-21 13:32:56,045 DEBUG: Revisando ruc: 20392599828
2022-12-21 13:32:56,067 DEBUG: 20191201
2022-12-21 13:32:56,183 DEBUG: Comparando SUNAT con BD
2022-12-21 13:32:57,682 INFO : PL20392599828 actualizado
2022-12-21 13:32:57,688 DEBUG: Validacion finalizada
2022-12-21 13:32:57,688 DEBUG: Iniciando validacion
2022-12-21 13:32:57,691 DEBUG: Revisando en BD RUC: 20601100160
2022-12-21 13:32:57,757 DEBUG: Revisando ruc: 20601100160
2022-12-21 13:32:57,887 DEBUG: Comparando SUNAT con BD
2022-12-21 13:32:59,266 INFO : PL20601100160 actualizado
2022-12-21 13:32:59,273 DEBUG: Validacion finalizada
2022-12-21 13:32:59,274 DEBUG: Iniciando validacion
2022-12-21 13:32:59,277 DEBUG: Revisando en BD RUC: 20603827326
2022-12-21 13:32:59,351 DEBUG: Revisando ruc: 20603827326
2022-12-21 13:32:59,464 DEBUG: Comparando SUNAT con BD
2022-12-21 13:33:00,907 INFO : PL20603827326 actualizado
2022-12-21 13:33:00,919 DEBUG: Validacion finalizada
2022-12-21 13:33:00,919 DEBUG: Iniciando validacion
2022-12-21 13:33:00,921 DEBUG: Revisando en BD RUC: 10409429390
2022-12-21 13:33:00,994 DEBUG: Revisando ruc: 10409429390
2022-12-21 13:33:01,086 DEBUG: Comparando SUNAT con BD
2022-12-21 13:33:01,897 ERROR: Error al actualizar: CardCode-PL10409429390 - -1116: (2) bpvs:LC12 - Si se trata de una Persona Natural con RUC sin Negocio, en la pestaña de Finanzas debe colocar el tipo de impuesto "Extranjero"
2022-12-21 13:33:01,907 DEBUG: Validacion finalizada
2022-12-21 13:33:01,907 DEBUG: Iniciando validacion
2022-12-21 13:33:01,908 DEBUG: Revisando en BD RUC: 10181807836
2022-12-21 13:33:01,972 DEBUG: Revisando ruc: 10181807836
2022-12-21 13:33:02,080 DEBUG: Comparando SUNAT con BD
2022-12-21 13:33:03,036 ERROR: Error al actualizar: CardCode-PL10181807836 - -1116: (2) bpvs:LC12 - Si se trata de una Persona Natural con RUC sin Negocio, en la pestaña de Finanzas debe colocar el tipo de impuesto "Extranjero"
2022-12-21 13:33:03,044 DEBUG: Validacion finalizada
2022-12-21 13:33:03,045 DEBUG: Iniciando validacion
2022-12-21 13:33:03,049 DEBUG: Revisando en BD RUC: 20141441371
2022-12-21 13:33:03,124 DEBUG: Revisando ruc: 20141441371
2022-12-21 13:33:03,253 DEBUG: Comparando SUNAT con BD
2022-12-21 13:33:04,648 INFO : PL20141441371 actualizado
2022-12-21 13:33:04,659 DEBUG: Validacion finalizada
2022-12-21 13:33:04,660 DEBUG: Iniciando validacion
2022-12-21 13:33:04,661 DEBUG: Revisando en BD RUC: 20509693634
2022-12-21 13:33:04,734 DEBUG: Revisando ruc: 20509693634
2022-12-21 13:33:04,754 DEBUG: 20190101
2022-12-21 13:33:04,861 DEBUG: Comparando SUNAT con BD
2022-12-21 13:33:06,100 INFO : PL20509693634 actualizado
2022-12-21 13:33:06,108 DEBUG: Validacion finalizada
2022-12-21 13:33:06,108 DEBUG: Iniciando validacion
2022-12-21 13:33:06,112 DEBUG: Revisando en BD RUC: 20515610821
2022-12-21 13:33:06,173 DEBUG: Revisando ruc: 20515610821
2022-12-21 13:33:06,283 DEBUG: Comparando SUNAT con BD
2022-12-21 13:33:07,728 INFO : PL20515610821 actualizado
2022-12-21 13:33:07,734 DEBUG: Validacion finalizada
2022-12-21 13:33:07,735 DEBUG: Iniciando validacion
2022-12-21 13:33:07,736 DEBUG: Revisando en BD RUC: 20501622819
2022-12-21 13:33:07,810 DEBUG: Revisando ruc: 20501622819
2022-12-21 13:33:07,932 DEBUG: Comparando SUNAT con BD
2022-12-21 13:33:09,352 INFO : PL20501622819 actualizado
2022-12-21 13:33:09,360 DEBUG: Validacion finalizada
2022-12-21 13:33:09,361 DEBUG: Iniciando validacion
2022-12-21 13:33:09,362 DEBUG: Revisando en BD RUC: 10035983100
2022-12-21 13:33:09,431 DEBUG: Revisando ruc: 10035983100
2022-12-21 13:33:09,517 DEBUG: Comparando SUNAT con BD
2022-12-21 13:33:10,728 INFO : PL10035983100 actualizado
2022-12-21 13:33:10,733 DEBUG: Validacion finalizada
2022-12-21 13:33:10,734 INFO : Resultado: 8 correctos, 2 errores, 0 inválidos, 8 Socios Procesados -  Total Acumulado: 671
2022-12-21 13:33:10,734 INFO : RUC del 851 al 860
2022-12-21 13:33:13,159 DEBUG: Iniciando validacion
2022-12-21 13:33:13,159 DEBUG: Revisando en BD RUC: 10031332406
2022-12-21 13:33:13,215 DEBUG: Revisando ruc: 10031332406
2022-12-21 13:33:13,303 DEBUG: Comparando SUNAT con BD
2022-12-21 13:33:14,169 ERROR: Error al actualizar: CardCode-PL10031332406 - -1116: (2) bpvs:LC12 - Si se trata de una Persona Natural con RUC sin Negocio, en la pestaña de Finanzas debe colocar el tipo de impuesto "Extranjero"
2022-12-21 13:33:14,178 DEBUG: Validacion finalizada
2022-12-21 13:33:14,178 DEBUG: Iniciando validacion
2022-12-21 13:33:14,179 DEBUG: Revisando en BD RUC: 10032004631
2022-12-21 13:33:14,243 DEBUG: Revisando ruc: 10032004631
2022-12-21 13:33:14,328 DEBUG: Comparando SUNAT con BD
2022-12-21 13:33:15,142 ERROR: Error al actualizar: CardCode-PL10032004631 - -1116: (2) bpvs:LC12 - Si se trata de una Persona Natural con RUC sin Negocio, en la pestaña de Finanzas debe colocar el tipo de impuesto "Extranjero"
2022-12-21 13:33:15,149 DEBUG: Validacion finalizada
2022-12-21 13:33:15,150 DEBUG: Iniciando validacion
2022-12-21 13:33:15,151 DEBUG: Revisando en BD RUC: 10327640629
2022-12-21 13:33:15,205 DEBUG: Revisando ruc: 10327640629
2022-12-21 13:33:15,289 DEBUG: Comparando SUNAT con BD
2022-12-21 13:33:16,106 ERROR: Error al actualizar: CardCode-PL10327640629 - -1116: (2) bpvs:LC12 - Si se trata de una Persona Natural con RUC sin Negocio, en la pestaña de Finanzas debe colocar el tipo de impuesto "Extranjero"
2022-12-21 13:33:16,113 DEBUG: Validacion finalizada
2022-12-21 13:33:16,114 DEBUG: Iniciando validacion
2022-12-21 13:33:16,115 DEBUG: Revisando en BD RUC: 20603279329
2022-12-21 13:33:16,171 DEBUG: Revisando ruc: 20603279329
2022-12-21 13:33:16,292 DEBUG: Comparando SUNAT con BD
2022-12-21 13:33:17,697 INFO : PL20603279329 actualizado
2022-12-21 13:33:17,705 DEBUG: Validacion finalizada
2022-12-21 13:33:17,706 DEBUG: Iniciando validacion
2022-12-21 13:33:17,706 DEBUG: Revisando en BD RUC: 10027266601
2022-12-21 13:33:17,767 DEBUG: Revisando ruc: 10027266601
2022-12-21 13:33:17,857 DEBUG: Comparando SUNAT con BD
2022-12-21 13:33:19,146 INFO : PL10027266601 actualizado
2022-12-21 13:33:19,153 DEBUG: Validacion finalizada
2022-12-21 13:33:19,153 DEBUG: Iniciando validacion
2022-12-21 13:33:19,154 DEBUG: Revisando en BD RUC: 20481928665
2022-12-21 13:33:19,211 DEBUG: Revisando ruc: 20481928665
2022-12-21 13:33:19,314 DEBUG: Comparando SUNAT con BD
2022-12-21 13:33:20,583 INFO : PL20481928665 actualizado
2022-12-21 13:33:20,591 DEBUG: Validacion finalizada
2022-12-21 13:33:20,592 DEBUG: Iniciando validacion
2022-12-21 13:33:20,593 DEBUG: Revisando en BD RUC: 10081856236
2022-12-21 13:33:20,658 DEBUG: Revisando ruc: 10081856236
2022-12-21 13:33:20,746 DEBUG: Comparando SUNAT con BD
2022-12-21 13:33:21,591 ERROR: Error al actualizar: CardCode-PL10081856236 - -1116: (2) bpvs:LC12 - Si se trata de una Persona Natural con RUC sin Negocio, en la pestaña de Finanzas debe colocar el tipo de impuesto "Extranjero"
2022-12-21 13:33:21,599 DEBUG: Validacion finalizada
2022-12-21 13:33:21,600 DEBUG: Iniciando validacion
2022-12-21 13:33:21,601 DEBUG: Revisando en BD RUC: 10437532121
2022-12-21 13:33:21,660 DEBUG: Revisando ruc: 10437532121
2022-12-21 13:33:21,749 DEBUG: Comparando SUNAT con BD
2022-12-21 13:33:22,933 INFO : PL10437532121 actualizado
2022-12-21 13:33:22,938 DEBUG: Validacion finalizada
2022-12-21 13:33:22,939 DEBUG: Iniciando validacion
2022-12-21 13:33:22,941 DEBUG: Revisando en BD RUC: 10459259771
2022-12-21 13:33:23,004 DEBUG: Revisando ruc: 10459259771
2022-12-21 13:33:23,087 DEBUG: Comparando SUNAT con BD
2022-12-21 13:33:23,883 ERROR: Error al actualizar: CardCode-PL10459259771 - -1116: (2) bpvs:LC12 - Si se trata de una Persona Natural con RUC sin Negocio, en la pestaña de Finanzas debe colocar el tipo de impuesto "Extranjero"
2022-12-21 13:33:23,891 DEBUG: Validacion finalizada
2022-12-21 13:33:23,891 DEBUG: Iniciando validacion
2022-12-21 13:33:23,891 DEBUG: Revisando en BD RUC: 20484228290
2022-12-21 13:33:23,963 DEBUG: Revisando ruc: 20484228290
2022-12-21 13:33:24,080 DEBUG: Comparando SUNAT con BD
2022-12-21 13:33:25,297 INFO : PL20484228290 actualizado
2022-12-21 13:33:25,306 DEBUG: Validacion finalizada
2022-12-21 13:33:25,307 INFO : Resultado: 5 correctos, 5 errores, 0 inválidos, 5 Socios Procesados -  Total Acumulado: 676
2022-12-21 13:33:25,309 INFO : RUC del 861 al 870
2022-12-21 13:33:26,924 DEBUG: Iniciando validacion
2022-12-21 13:33:26,925 DEBUG: Revisando en BD RUC: 20100784239
2022-12-21 13:33:26,992 DEBUG: Revisando ruc: 20100784239
2022-12-21 13:33:27,022 DEBUG: 20180901
2022-12-21 13:33:27,127 DEBUG: Comparando SUNAT con BD
2022-12-21 13:33:28,351 INFO : PL20100784239 actualizado
2022-12-21 13:33:28,361 DEBUG: Validacion finalizada
2022-12-21 13:33:28,362 DEBUG: Iniciando validacion
2022-12-21 13:33:28,363 DEBUG: Revisando en BD RUC: 20101256422
2022-12-21 13:33:28,423 DEBUG: Revisando ruc: 20101256422
2022-12-21 13:33:28,443 DEBUG: 20111201
2022-12-21 13:33:28,443 DEBUG: 20090401
2022-12-21 13:33:28,532 DEBUG: Comparando SUNAT con BD
2022-12-21 13:33:29,716 INFO : PL20101256422 actualizado
2022-12-21 13:33:29,725 DEBUG: Validacion finalizada
2022-12-21 13:33:29,725 DEBUG: Iniciando validacion
2022-12-21 13:33:29,726 DEBUG: Revisando en BD RUC: 20390900407
2022-12-21 13:33:29,782 DEBUG: Revisando ruc: 20390900407
2022-12-21 13:33:29,908 DEBUG: Comparando SUNAT con BD
2022-12-21 13:33:31,119 INFO : PL20390900407 actualizado
2022-12-21 13:33:31,126 DEBUG: Validacion finalizada
2022-12-21 13:33:31,126 DEBUG: Iniciando validacion
2022-12-21 13:33:31,127 DEBUG: Revisando en BD RUC: 20601704341
2022-12-21 13:33:31,186 DEBUG: Revisando ruc: 20601704341
2022-12-21 13:33:31,300 DEBUG: Comparando SUNAT con BD
2022-12-21 13:33:32,620 INFO : PL20601704341 actualizado
2022-12-21 13:33:32,628 DEBUG: Validacion finalizada
2022-12-21 13:33:32,628 DEBUG: Iniciando validacion
2022-12-21 13:33:32,630 DEBUG: Revisando en BD RUC: 20484284441
2022-12-21 13:33:32,686 DEBUG: Revisando ruc: 20484284441
2022-12-21 13:33:32,782 DEBUG: Comparando SUNAT con BD
2022-12-21 13:33:33,859 ERROR: Error al actualizar: CardCode-PL20484284441 - -1116: (2) bpvs:LC20 - En la pestaña Direcciones, debe llenar los campos "Calle/Número", "Distrito", "Ciudad", "Departamento" de todas las direcciones
2022-12-21 13:33:33,868 DEBUG: Validacion finalizada
2022-12-21 13:33:33,869 DEBUG: Iniciando validacion
2022-12-21 13:33:33,869 DEBUG: Revisando en BD RUC: 10736808787
2022-12-21 13:33:33,931 DEBUG: Revisando ruc: 10736808787
2022-12-21 13:33:34,029 DEBUG: Comparando SUNAT con BD
2022-12-21 13:33:35,292 INFO : PL10736808787 actualizado
2022-12-21 13:33:35,300 DEBUG: Validacion finalizada
2022-12-21 13:33:35,300 DEBUG: Iniciando validacion
2022-12-21 13:33:35,301 DEBUG: Revisando en BD RUC: 20471133770
2022-12-21 13:33:35,373 DEBUG: Revisando ruc: 20471133770
2022-12-21 13:33:35,495 DEBUG: Comparando SUNAT con BD
2022-12-21 13:33:36,934 INFO : PL20471133770 actualizado
2022-12-21 13:33:36,939 DEBUG: Validacion finalizada
2022-12-21 13:33:36,939 DEBUG: Iniciando validacion
2022-12-21 13:33:36,941 DEBUG: Revisando en BD RUC: 10432730439
2022-12-21 13:33:37,011 DEBUG: Revisando ruc: 10432730439
2022-12-21 13:33:37,093 DEBUG: Comparando SUNAT con BD
2022-12-21 13:33:38,081 INFO : PL10432730439 actualizado
2022-12-21 13:33:38,090 DEBUG: Validacion finalizada
2022-12-21 13:33:38,090 DEBUG: Iniciando validacion
2022-12-21 13:33:38,091 DEBUG: Revisando en BD RUC: 10727622760
2022-12-21 13:33:38,154 DEBUG: Revisando ruc: 10727622760
2022-12-21 13:33:38,235 DEBUG: Comparando SUNAT con BD
2022-12-21 13:33:39,489 INFO : PL10727622760 actualizado
2022-12-21 13:33:39,495 DEBUG: Validacion finalizada
2022-12-21 13:33:39,495 DEBUG: Iniciando validacion
2022-12-21 13:33:39,496 DEBUG: Revisando en BD RUC: 20606161591
2022-12-21 13:33:39,551 DEBUG: Revisando ruc: 20606161591
2022-12-21 13:33:39,663 DEBUG: Comparando SUNAT con BD
2022-12-21 13:33:40,840 INFO : PL20606161591 actualizado
2022-12-21 13:33:40,846 DEBUG: Validacion finalizada
2022-12-21 13:33:40,846 INFO : Resultado: 9 correctos, 1 errores, 0 inválidos, 9 Socios Procesados -  Total Acumulado: 685
2022-12-21 13:33:40,847 INFO : RUC del 871 al 880
2022-12-21 13:33:42,494 DEBUG: Iniciando validacion
2022-12-21 13:33:42,494 DEBUG: Revisando en BD RUC: 10424692285
2022-12-21 13:33:42,549 DEBUG: Revisando ruc: 10424692285
2022-12-21 13:33:42,642 DEBUG: Comparando SUNAT con BD
2022-12-21 13:33:43,517 ERROR: Error al actualizar: CardCode-PL10424692285 - -1116: (2) bpvs:LC12 - Si se trata de una Persona Natural con RUC sin Negocio, en la pestaña de Finanzas debe colocar el tipo de impuesto "Extranjero"
2022-12-21 13:33:43,526 DEBUG: Validacion finalizada
2022-12-21 13:33:43,526 DEBUG: Iniciando validacion
2022-12-21 13:33:43,527 DEBUG: Revisando en BD RUC: 10485028957
2022-12-21 13:33:43,582 DEBUG: Revisando ruc: 10485028957
2022-12-21 13:33:43,667 DEBUG: Comparando SUNAT con BD
2022-12-21 13:33:44,480 ERROR: Error al actualizar: CardCode-PL10485028957 - -1116: (2) bpvs:LC12 - Si se trata de una Persona Natural con RUC sin Negocio, en la pestaña de Finanzas debe colocar el tipo de impuesto "Extranjero"
2022-12-21 13:33:44,487 DEBUG: Validacion finalizada
2022-12-21 13:33:44,488 DEBUG: Iniciando validacion
2022-12-21 13:33:44,488 DEBUG: Revisando en BD RUC: 20605208810
2022-12-21 13:33:44,550 DEBUG: Revisando ruc: 20605208810
2022-12-21 13:33:44,660 DEBUG: Comparando SUNAT con BD
2022-12-21 13:33:45,690 INFO : PL20605208810 actualizado
2022-12-21 13:33:45,696 DEBUG: Validacion finalizada
2022-12-21 13:33:45,697 DEBUG: Iniciando validacion
2022-12-21 13:33:45,698 DEBUG: Revisando en BD RUC: 20601010772
2022-12-21 13:33:45,757 DEBUG: Revisando ruc: 20601010772
2022-12-21 13:33:45,870 DEBUG: Comparando SUNAT con BD
2022-12-21 13:33:47,188 INFO : PL20601010772 actualizado
2022-12-21 13:33:47,196 DEBUG: Validacion finalizada
2022-12-21 13:33:47,197 DEBUG: Iniciando validacion
2022-12-21 13:33:47,198 DEBUG: Revisando en BD RUC: 20144961146
2022-12-21 13:33:47,256 DEBUG: Revisando ruc: 20144961146
2022-12-21 13:33:47,381 DEBUG: Comparando SUNAT con BD
2022-12-21 13:33:48,872 INFO : PL20144961146 actualizado
2022-12-21 13:33:48,880 DEBUG: Validacion finalizada
2022-12-21 13:33:48,880 DEBUG: Iniciando validacion
2022-12-21 13:33:48,881 DEBUG: Revisando en BD RUC: 10028042707
2022-12-21 13:33:48,942 DEBUG: Revisando ruc: 10028042707
2022-12-21 13:33:49,036 DEBUG: Comparando SUNAT con BD
2022-12-21 13:33:50,288 INFO : PL10028042707 actualizado
2022-12-21 13:33:50,294 DEBUG: Validacion finalizada
2022-12-21 13:33:50,294 DEBUG: Iniciando validacion
2022-12-21 13:33:50,295 DEBUG: Revisando en BD RUC: 10400672755
2022-12-21 13:33:50,356 DEBUG: Revisando ruc: 10400672755
2022-12-21 13:33:50,442 DEBUG: Comparando SUNAT con BD
2022-12-21 13:33:51,580 INFO : PL10400672755 actualizado
2022-12-21 13:33:51,588 DEBUG: Validacion finalizada
2022-12-21 13:33:51,589 DEBUG: Iniciando validacion
2022-12-21 13:33:51,590 DEBUG: Revisando en BD RUC: 10408261355
2022-12-21 13:33:51,650 DEBUG: Revisando ruc: 10408261355
2022-12-21 13:33:51,741 DEBUG: Comparando SUNAT con BD
2022-12-21 13:33:52,868 INFO : PL10408261355 actualizado
2022-12-21 13:33:52,873 DEBUG: Validacion finalizada
2022-12-21 13:33:52,874 DEBUG: Iniciando validacion
2022-12-21 13:33:52,874 DEBUG: Revisando en BD RUC: 20462256940
2022-12-21 13:33:52,942 DEBUG: Revisando ruc: 20462256940
2022-12-21 13:33:52,959 DEBUG: 20150201
2022-12-21 13:33:53,059 DEBUG: Comparando SUNAT con BD
2022-12-21 13:33:54,320 INFO : PL20462256940 actualizado
2022-12-21 13:33:54,344 DEBUG: Revisando ruc: 20462256940
2022-12-21 13:33:54,364 DEBUG: 20150201
2022-12-21 13:33:54,454 DEBUG: Comparando SUNAT con BD
2022-12-21 13:33:55,706 INFO : CL20462256940 actualizado
2022-12-21 13:33:55,714 DEBUG: Validacion finalizada
2022-12-21 13:33:55,715 DEBUG: Iniciando validacion
2022-12-21 13:33:55,716 DEBUG: Revisando en BD RUC: 10444555161
2022-12-21 13:33:55,799 DEBUG: Revisando ruc: 10444555161
2022-12-21 13:33:55,890 DEBUG: Comparando SUNAT con BD
2022-12-21 13:33:57,088 INFO : PL10444555161 actualizado
2022-12-21 13:33:57,094 DEBUG: Validacion finalizada
2022-12-21 13:33:57,095 INFO : Resultado: 8 correctos, 2 errores, 0 inválidos, 9 Socios Procesados -  Total Acumulado: 694
2022-12-21 13:33:57,095 INFO : RUC del 881 al 890
2022-12-21 13:33:58,835 DEBUG: Iniciando validacion
2022-12-21 13:33:58,835 DEBUG: Revisando en BD RUC: 20482762027
2022-12-21 13:33:58,893 DEBUG: Revisando ruc: 20482762027
2022-12-21 13:33:59,019 DEBUG: Comparando SUNAT con BD
2022-12-21 13:34:00,494 INFO : PL20482762027 actualizado
2022-12-21 13:34:00,500 DEBUG: Validacion finalizada
2022-12-21 13:34:00,500 DEBUG: Iniciando validacion
2022-12-21 13:34:00,501 DEBUG: Revisando en BD RUC: 10449662747
2022-12-21 13:34:00,566 DEBUG: Revisando ruc: 10449662747
2022-12-21 13:34:00,647 DEBUG: Comparando SUNAT con BD
2022-12-21 13:34:01,851 INFO : PL10449662747 actualizado
2022-12-21 13:34:01,857 DEBUG: Validacion finalizada
2022-12-21 13:34:01,867 DEBUG: Iniciando validacion
2022-12-21 13:34:01,868 DEBUG: Revisando en BD RUC: 20605391193
2022-12-21 13:34:01,923 DEBUG: Revisando ruc: 20605391193
2022-12-21 13:34:02,039 DEBUG: Comparando SUNAT con BD
2022-12-21 13:34:03,256 INFO : PL20605391193 actualizado
2022-12-21 13:34:03,262 DEBUG: Validacion finalizada
2022-12-21 13:34:03,263 DEBUG: Iniciando validacion
2022-12-21 13:34:03,263 DEBUG: Revisando en BD RUC: 10429781944
2022-12-21 13:34:03,316 DEBUG: Revisando ruc: 10429781944
2022-12-21 13:34:03,397 DEBUG: Comparando SUNAT con BD
2022-12-21 13:34:04,482 INFO : PL10429781944 actualizado
2022-12-21 13:34:04,490 DEBUG: Validacion finalizada
2022-12-21 13:34:04,490 DEBUG: Iniciando validacion
2022-12-21 13:34:04,491 DEBUG: Revisando en BD RUC: 10464436940
2022-12-21 13:34:04,562 DEBUG: Revisando ruc: 10464436940
2022-12-21 13:34:04,642 DEBUG: Comparando SUNAT con BD
2022-12-21 13:34:05,453 ERROR: Error al actualizar: CardCode-PL10464436940 - -1116: (2) bpvs:LC12 - Si se trata de una Persona Natural con RUC sin Negocio, en la pestaña de Finanzas debe colocar el tipo de impuesto "Extranjero"
2022-12-21 13:34:05,461 DEBUG: Validacion finalizada
2022-12-21 13:34:05,461 DEBUG: Iniciando validacion
2022-12-21 13:34:05,462 DEBUG: Revisando en BD RUC: 10472914176
2022-12-21 13:34:05,517 DEBUG: Revisando ruc: 10472914176
2022-12-21 13:34:05,602 DEBUG: Comparando SUNAT con BD
2022-12-21 13:34:06,411 ERROR: Error al actualizar: CardCode-PL10472914176 - -1116: (2) bpvs:LC12 - Si se trata de una Persona Natural con RUC sin Negocio, en la pestaña de Finanzas debe colocar el tipo de impuesto "Extranjero"
2022-12-21 13:34:06,424 DEBUG: Validacion finalizada
2022-12-21 13:34:06,425 DEBUG: Iniciando validacion
2022-12-21 13:34:06,426 DEBUG: Revisando en BD RUC: 20526695454
2022-12-21 13:34:06,489 DEBUG: Revisando ruc: 20526695454
2022-12-21 13:34:06,609 DEBUG: Comparando SUNAT con BD
2022-12-21 13:34:07,820 INFO : PL20526695454 actualizado
2022-12-21 13:34:07,827 DEBUG: Validacion finalizada
2022-12-21 13:34:07,828 DEBUG: Iniciando validacion
2022-12-21 13:34:07,829 DEBUG: Revisando en BD RUC: 10705441435
2022-12-21 13:34:07,894 DEBUG: Revisando ruc: 10705441435
2022-12-21 13:34:07,976 DEBUG: Comparando SUNAT con BD
2022-12-21 13:34:08,869 ERROR: Error al actualizar: CardCode-PL10705441435 - -1116: (2) bpvs:LC12 - Si se trata de una Persona Natural con RUC sin Negocio, en la pestaña de Finanzas debe colocar el tipo de impuesto "Extranjero"
2022-12-21 13:34:08,877 DEBUG: Validacion finalizada
2022-12-21 13:34:08,878 DEBUG: Iniciando validacion
2022-12-21 13:34:08,878 DEBUG: Revisando en BD RUC: 10077006309
2022-12-21 13:34:08,944 DEBUG: Revisando ruc: 10077006309
2022-12-21 13:34:09,047 DEBUG: Comparando SUNAT con BD
2022-12-21 13:34:09,855 ERROR: Error al actualizar: CardCode-PL10077006309 - -1116: (2) bpvs:LC12 - Si se trata de una Persona Natural con RUC sin Negocio, en la pestaña de Finanzas debe colocar el tipo de impuesto "Extranjero"
2022-12-21 13:34:09,864 DEBUG: Validacion finalizada
2022-12-21 13:34:09,864 DEBUG: Iniciando validacion
2022-12-21 13:34:09,865 DEBUG: Revisando en BD RUC: 20462441178
2022-12-21 13:34:09,928 DEBUG: Revisando ruc: 20462441178
2022-12-21 13:34:10,036 DEBUG: Comparando SUNAT con BD
2022-12-21 13:34:11,113 INFO : PL20462441178 actualizado
2022-12-21 13:34:11,122 DEBUG: Validacion finalizada
2022-12-21 13:34:11,122 INFO : Resultado: 6 correctos, 4 errores, 0 inválidos, 6 Socios Procesados -  Total Acumulado: 700
2022-12-21 13:34:11,124 INFO : RUC del 891 al 900
2022-12-21 13:34:12,402 DEBUG: Iniciando validacion
2022-12-21 13:34:12,402 DEBUG: Revisando en BD RUC: 20477667709
2022-12-21 13:34:12,458 DEBUG: Revisando ruc: 20477667709
2022-12-21 13:34:12,585 DEBUG: Comparando SUNAT con BD
2022-12-21 13:34:14,106 INFO : PL20477667709 actualizado
2022-12-21 13:34:14,111 DEBUG: Validacion finalizada
2022-12-21 13:34:14,111 DEBUG: Iniciando validacion
2022-12-21 13:34:14,113 DEBUG: Revisando en BD RUC: 10448202157
2022-12-21 13:34:14,175 DEBUG: Revisando ruc: 10448202157
2022-12-21 13:34:14,257 DEBUG: Comparando SUNAT con BD
2022-12-21 13:34:15,611 INFO : PL10448202157 actualizado
2022-12-21 13:34:15,618 DEBUG: Validacion finalizada
2022-12-21 13:34:15,618 DEBUG: Iniciando validacion
2022-12-21 13:34:15,619 DEBUG: Revisando en BD RUC: 10437397959
2022-12-21 13:34:15,679 DEBUG: Revisando ruc: 10437397959
2022-12-21 13:34:15,780 DEBUG: Comparando SUNAT con BD
2022-12-21 13:34:16,732 ERROR: Error al actualizar: CardCode-PL10437397959 - -1116: (2) bpvs:LC12 - Si se trata de una Persona Natural con RUC sin Negocio, en la pestaña de Finanzas debe colocar el tipo de impuesto "Extranjero"
2022-12-21 13:34:16,738 DEBUG: Validacion finalizada
2022-12-21 13:34:16,739 DEBUG: Iniciando validacion
2022-12-21 13:34:16,739 DEBUG: Revisando en BD RUC: 10409384060
2022-12-21 13:34:16,798 DEBUG: Revisando ruc: 10409384060
2022-12-21 13:34:16,889 DEBUG: Comparando SUNAT con BD
2022-12-21 13:34:18,198 INFO : PL10409384060 actualizado
2022-12-21 13:34:18,209 DEBUG: Validacion finalizada
2022-12-21 13:34:18,209 DEBUG: Iniciando validacion
2022-12-21 13:34:18,211 DEBUG: Revisando en BD RUC: 10459017033
2022-12-21 13:34:18,276 DEBUG: Revisando ruc: 10459017033
2022-12-21 13:34:18,370 DEBUG: Comparando SUNAT con BD
2022-12-21 13:34:19,386 ERROR: Error al actualizar: CardCode-PL10459017033 - -1116: (2) bpvs:LC12 - Si se trata de una Persona Natural con RUC sin Negocio, en la pestaña de Finanzas debe colocar el tipo de impuesto "Extranjero"
2022-12-21 13:34:19,397 DEBUG: Validacion finalizada
2022-12-21 13:34:19,398 DEBUG: Iniciando validacion
2022-12-21 13:34:19,400 DEBUG: Revisando en BD RUC: 20604725799
2022-12-21 13:34:19,461 DEBUG: Revisando ruc: 20604725799
2022-12-21 13:34:19,577 DEBUG: Comparando SUNAT con BD
2022-12-21 13:34:20,969 INFO : PL20604725799 actualizado
2022-12-21 13:34:20,982 DEBUG: Validacion finalizada
2022-12-21 13:34:20,984 DEBUG: Iniciando validacion
2022-12-21 13:34:20,986 DEBUG: Revisando en BD RUC: 10468575375
2022-12-21 13:34:21,050 DEBUG: Revisando ruc: 10468575375
2022-12-21 13:34:21,143 DEBUG: Comparando SUNAT con BD
2022-12-21 13:34:22,247 ERROR: Error al actualizar: CardCode-PL10468575375 - -1116: (2) bpvs:LC12 - Si se trata de una Persona Natural con RUC sin Negocio, en la pestaña de Finanzas debe colocar el tipo de impuesto "Extranjero"
2022-12-21 13:34:22,255 DEBUG: Validacion finalizada
2022-12-21 13:34:22,255 DEBUG: Iniciando validacion
2022-12-21 13:34:22,256 DEBUG: Revisando en BD RUC: 10028590615
2022-12-21 13:34:22,320 DEBUG: Revisando ruc: 10028590615
2022-12-21 13:34:22,420 DEBUG: Comparando SUNAT con BD
2022-12-21 13:34:23,703 INFO : PL10028590615 actualizado
2022-12-21 13:34:23,709 DEBUG: Validacion finalizada
2022-12-21 13:34:23,710 DEBUG: Iniciando validacion
2022-12-21 13:34:23,710 DEBUG: Revisando en BD RUC: 20563332230
2022-12-21 13:34:23,770 DEBUG: Revisando ruc: 20563332230
2022-12-21 13:34:23,893 DEBUG: Comparando SUNAT con BD
2022-12-21 13:34:25,096 INFO : PL20563332230 actualizado
2022-12-21 13:34:25,108 DEBUG: Validacion finalizada
2022-12-21 13:34:25,109 DEBUG: Iniciando validacion
2022-12-21 13:34:25,110 DEBUG: Revisando en BD RUC: 20525707351
2022-12-21 13:34:25,178 DEBUG: Revisando ruc: 20525707351
2022-12-21 13:34:25,288 DEBUG: Comparando SUNAT con BD
2022-12-21 13:34:26,256 INFO : PL20525707351 actualizado
2022-12-21 13:34:26,266 DEBUG: Validacion finalizada
2022-12-21 13:34:26,269 INFO : Resultado: 7 correctos, 3 errores, 0 inválidos, 7 Socios Procesados -  Total Acumulado: 707
2022-12-21 13:34:26,270 INFO : RUC del 901 al 910
2022-12-21 13:34:27,462 DEBUG: Iniciando validacion
2022-12-21 13:34:27,463 DEBUG: Revisando en BD RUC: 20409410295
2022-12-21 13:34:27,519 DEBUG: Revisando ruc: 20409410295
2022-12-21 13:34:27,643 DEBUG: Comparando SUNAT con BD
2022-12-21 13:34:28,625 INFO : PL20409410295 actualizado
2022-12-21 13:34:28,632 DEBUG: Validacion finalizada
2022-12-21 13:34:28,633 DEBUG: Iniciando validacion
2022-12-21 13:34:28,633 DEBUG: Revisando en BD RUC: 20602837808
2022-12-21 13:34:28,695 DEBUG: Revisando ruc: 20602837808
2022-12-21 13:34:28,808 DEBUG: Comparando SUNAT con BD
2022-12-21 13:34:29,803 INFO : CL20602837808 actualizado
2022-12-21 13:34:29,813 DEBUG: Validacion finalizada
2022-12-21 13:34:29,814 DEBUG: Iniciando validacion
2022-12-21 13:34:29,821 DEBUG: Revisando en BD RUC: 10471940475
2022-12-21 13:34:29,882 DEBUG: Revisando ruc: 10471940475
2022-12-21 13:34:29,976 DEBUG: Comparando SUNAT con BD
2022-12-21 13:34:31,004 ERROR: Error al actualizar: CardCode-PL10471940475 - -1116: (2) bpvs:LC12 - Si se trata de una Persona Natural con RUC sin Negocio, en la pestaña de Finanzas debe colocar el tipo de impuesto "Extranjero"
2022-12-21 13:34:31,016 DEBUG: Validacion finalizada
2022-12-21 13:34:31,017 DEBUG: Iniciando validacion
2022-12-21 13:34:31,017 DEBUG: Revisando en BD RUC: 20482587276
2022-12-21 13:34:31,085 DEBUG: Revisando ruc: 20482587276
2022-12-21 13:34:31,250 DEBUG: Comparando SUNAT con BD
2022-12-21 13:34:32,474 INFO : PL20482587276 actualizado
2022-12-21 13:34:32,485 DEBUG: Validacion finalizada
2022-12-21 13:34:32,485 DEBUG: Iniciando validacion
2022-12-21 13:34:32,486 DEBUG: Revisando en BD RUC: 20102954247
2022-12-21 13:34:32,555 DEBUG: Revisando ruc: 20102954247
2022-12-21 13:34:32,672 DEBUG: Comparando SUNAT con BD
2022-12-21 13:34:33,980 INFO : PL20102954247 actualizado
2022-12-21 13:34:33,992 DEBUG: Validacion finalizada
2022-12-21 13:34:33,993 DEBUG: Iniciando validacion
2022-12-21 13:34:33,995 DEBUG: Revisando en BD RUC: 20501262260
2022-12-21 13:34:34,054 DEBUG: Revisando ruc: 20501262260
2022-12-21 13:34:34,169 DEBUG: Comparando SUNAT con BD
2022-12-21 13:34:35,500 INFO : PL20501262260 actualizado
2022-12-21 13:34:35,509 DEBUG: Validacion finalizada
2022-12-21 13:34:35,510 DEBUG: Iniciando validacion
2022-12-21 13:34:35,512 DEBUG: Revisando en BD RUC: 20602486339
2022-12-21 13:34:35,565 DEBUG: Revisando ruc: 20602486339
2022-12-21 13:34:35,675 DEBUG: Comparando SUNAT con BD
2022-12-21 13:34:36,990 INFO : PL20602486339 actualizado
2022-12-21 13:34:36,997 DEBUG: Validacion finalizada
2022-12-21 13:34:36,997 DEBUG: Iniciando validacion
2022-12-21 13:34:36,998 DEBUG: Revisando en BD RUC: 10714754659
2022-12-21 13:34:37,052 DEBUG: Revisando ruc: 10714754659
2022-12-21 13:34:37,133 DEBUG: Comparando SUNAT con BD
2022-12-21 13:34:38,268 INFO : PL10714754659 actualizado
2022-12-21 13:34:38,278 DEBUG: Validacion finalizada
2022-12-21 13:34:38,279 DEBUG: Iniciando validacion
2022-12-21 13:34:38,280 DEBUG: Revisando en BD RUC: 10461458888
2022-12-21 13:34:38,348 DEBUG: Revisando ruc: 10461458888
2022-12-21 13:34:38,441 DEBUG: Comparando SUNAT con BD
2022-12-21 13:34:39,328 ERROR: Error al actualizar: CardCode-PL10461458888 - -1116: (2) bpvs:LC12 - Si se trata de una Persona Natural con RUC sin Negocio, en la pestaña de Finanzas debe colocar el tipo de impuesto "Extranjero"
2022-12-21 13:34:39,336 DEBUG: Validacion finalizada
2022-12-21 13:34:39,336 DEBUG: Iniciando validacion
2022-12-21 13:34:39,336 DEBUG: Revisando en BD RUC: 20602769691
2022-12-21 13:34:39,393 DEBUG: Revisando ruc: 20602769691
2022-12-21 13:34:39,512 DEBUG: Comparando SUNAT con BD
2022-12-21 13:34:40,629 INFO : PL20602769691 actualizado
2022-12-21 13:34:40,634 DEBUG: Validacion finalizada
2022-12-21 13:34:40,635 INFO : Resultado: 8 correctos, 2 errores, 0 inválidos, 8 Socios Procesados -  Total Acumulado: 715
2022-12-21 13:34:40,636 INFO : RUC del 911 al 920
2022-12-21 13:34:41,962 DEBUG: Iniciando validacion
2022-12-21 13:34:41,962 DEBUG: Revisando en BD RUC: 20603818734
2022-12-21 13:34:42,024 DEBUG: Revisando ruc: 20603818734
2022-12-21 13:34:42,157 DEBUG: Comparando SUNAT con BD
2022-12-21 13:34:43,264 INFO : PL20603818734 actualizado
2022-12-21 13:34:43,271 DEBUG: Validacion finalizada
2022-12-21 13:34:43,272 DEBUG: Iniciando validacion
2022-12-21 13:34:43,273 DEBUG: Revisando en BD RUC: 10026530216
2022-12-21 13:34:43,334 DEBUG: Revisando ruc: 10026530216
2022-12-21 13:34:43,425 DEBUG: Comparando SUNAT con BD
2022-12-21 13:34:44,685 INFO : PL10026530216 actualizado
2022-12-21 13:34:44,693 DEBUG: Validacion finalizada
2022-12-21 13:34:44,694 DEBUG: Iniciando validacion
2022-12-21 13:34:44,694 DEBUG: Revisando en BD RUC: 10463178726
2022-12-21 13:34:44,759 DEBUG: Revisando ruc: 10463178726
2022-12-21 13:34:44,855 DEBUG: Comparando SUNAT con BD
2022-12-21 13:34:46,039 ERROR: Error al actualizar: CardCode-PL10463178726 - -1116: (2) bpvs:LC12 - Si se trata de una Persona Natural con RUC sin Negocio, en la pestaña de Finanzas debe colocar el tipo de impuesto "Extranjero"
2022-12-21 13:34:46,049 DEBUG: Validacion finalizada
2022-12-21 13:34:46,049 DEBUG: Iniciando validacion
2022-12-21 13:34:46,052 DEBUG: Revisando en BD RUC: 20606358351
2022-12-21 13:34:46,122 DEBUG: Revisando ruc: 20606358351
2022-12-21 13:34:46,255 DEBUG: Comparando SUNAT con BD
2022-12-21 13:34:47,648 INFO : PL20606358351 actualizado
2022-12-21 13:34:47,660 DEBUG: Validacion finalizada
2022-12-21 13:34:47,661 DEBUG: Iniciando validacion
2022-12-21 13:34:47,662 DEBUG: Revisando en BD RUC: 20487872581
2022-12-21 13:34:47,730 DEBUG: Revisando ruc: 20487872581
2022-12-21 13:34:47,862 DEBUG: Comparando SUNAT con BD
2022-12-21 13:34:49,289 INFO : PL20487872581 actualizado
2022-12-21 13:34:49,299 DEBUG: Validacion finalizada
2022-12-21 13:34:49,318 DEBUG: Iniciando validacion
2022-12-21 13:34:49,319 DEBUG: Revisando en BD RUC: 10478084167
2022-12-21 13:34:49,375 DEBUG: Revisando ruc: 10478084167
2022-12-21 13:34:49,450 DEBUG: Comparando SUNAT con BD
2022-12-21 13:34:50,328 ERROR: Error al actualizar: CardCode-PL10478084167 - -1116: (2) bpvs:LC12 - Si se trata de una Persona Natural con RUC sin Negocio, en la pestaña de Finanzas debe colocar el tipo de impuesto "Extranjero"
2022-12-21 13:34:50,340 DEBUG: Validacion finalizada
2022-12-21 13:34:50,340 DEBUG: Iniciando validacion
2022-12-21 13:34:50,341 DEBUG: Revisando en BD RUC: 20382829302
2022-12-21 13:34:50,393 DEBUG: Revisando ruc: 20382829302
2022-12-21 13:34:50,419 DEBUG: 20120601
2022-12-21 13:34:50,419 DEBUG: 20160201
2022-12-21 13:34:50,515 DEBUG: Comparando SUNAT con BD
2022-12-21 13:34:51,702 INFO : PL20382829302 actualizado
2022-12-21 13:34:51,710 DEBUG: Validacion finalizada
2022-12-21 13:34:51,710 DEBUG: Iniciando validacion
2022-12-21 13:34:51,711 DEBUG: Revisando en BD RUC: 20508032286
2022-12-21 13:34:51,770 DEBUG: Revisando ruc: 20508032286
2022-12-21 13:34:51,943 DEBUG: Comparando SUNAT con BD
2022-12-21 13:34:53,085 INFO : PL20508032286 actualizado
2022-12-21 13:34:53,093 DEBUG: Validacion finalizada
2022-12-21 13:34:53,094 DEBUG: Iniciando validacion
2022-12-21 13:34:53,094 DEBUG: Revisando en BD RUC: 20100654025
2022-12-21 13:34:53,158 DEBUG: Revisando ruc: 20100654025
2022-12-21 13:34:53,178 DEBUG: 20020601
2022-12-21 13:34:53,179 DEBUG: 20130701
2022-12-21 13:34:53,278 DEBUG: Comparando SUNAT con BD
2022-12-21 13:34:54,576 INFO : PL20100654025 actualizado
2022-12-21 13:34:54,584 DEBUG: Validacion finalizada
2022-12-21 13:34:54,585 DEBUG: Iniciando validacion
2022-12-21 13:34:54,586 DEBUG: Revisando en BD RUC: 20525320431
2022-12-21 13:34:54,650 DEBUG: Revisando ruc: 20525320431
2022-12-21 13:34:54,679 DEBUG: 20180401
2022-12-21 13:34:54,776 DEBUG: Comparando SUNAT con BD
2022-12-21 13:34:55,956 INFO : PL20525320431 actualizado
2022-12-21 13:34:55,962 DEBUG: Validacion finalizada
2022-12-21 13:34:55,962 INFO : Resultado: 8 correctos, 2 errores, 0 inválidos, 8 Socios Procesados -  Total Acumulado: 723
2022-12-21 13:34:55,963 INFO : RUC del 921 al 930
2022-12-21 13:34:57,129 DEBUG: Iniciando validacion
2022-12-21 13:34:57,129 DEBUG: Revisando en BD RUC: 10426448888
2022-12-21 13:34:57,182 DEBUG: Revisando ruc: 10426448888
2022-12-21 13:34:57,283 DEBUG: Comparando SUNAT con BD
2022-12-21 13:34:58,562 INFO : PL10426448888 actualizado
2022-12-21 13:34:58,569 DEBUG: Validacion finalizada
2022-12-21 13:34:58,570 DEBUG: Iniciando validacion
2022-12-21 13:34:58,570 DEBUG: Revisando en BD RUC: 20484133230
2022-12-21 13:34:58,629 DEBUG: Revisando ruc: 20484133230
2022-12-21 13:34:58,752 DEBUG: Comparando SUNAT con BD
2022-12-21 13:34:59,696 ERROR: Error al actualizar: CardCode-PL20484133230 - -1116: (2) bpvs:LC20 - En la pestaña Direcciones, debe llenar los campos "Calle/Número", "Distrito", "Ciudad", "Departamento" de todas las direcciones
2022-12-21 13:34:59,709 DEBUG: Validacion finalizada
2022-12-21 13:34:59,709 DEBUG: Iniciando validacion
2022-12-21 13:34:59,710 DEBUG: Revisando en BD RUC: 20546255299
2022-12-21 13:34:59,775 DEBUG: Revisando ruc: 20546255299
2022-12-21 13:34:59,789 DEBUG: 20160901
2022-12-21 13:34:59,896 DEBUG: Comparando SUNAT con BD
2022-12-21 13:35:01,048 INFO : PL20546255299 actualizado
2022-12-21 13:35:01,055 DEBUG: Validacion finalizada
2022-12-21 13:35:01,056 DEBUG: Iniciando validacion
2022-12-21 13:35:01,057 DEBUG: Revisando en BD RUC: 20600989244
2022-12-21 13:35:01,117 DEBUG: Revisando ruc: 20600989244
2022-12-21 13:35:01,224 DEBUG: Comparando SUNAT con BD
2022-12-21 13:35:02,576 INFO : PL20600989244 actualizado
2022-12-21 13:35:02,588 DEBUG: Validacion finalizada
2022-12-21 13:35:02,588 DEBUG: Iniciando validacion
2022-12-21 13:35:02,589 DEBUG: Revisando en BD RUC: 20131494450
2022-12-21 13:35:02,649 DEBUG: Revisando ruc: 20131494450
2022-12-21 13:35:02,778 DEBUG: Comparando SUNAT con BD
2022-12-21 13:35:04,130 INFO : PL20131494450 actualizado
2022-12-21 13:35:04,141 DEBUG: Validacion finalizada
2022-12-21 13:35:04,142 DEBUG: Iniciando validacion
2022-12-21 13:35:04,142 DEBUG: Revisando en BD RUC: 20535653365
2022-12-21 13:35:04,209 DEBUG: Revisando ruc: 20535653365
2022-12-21 13:35:04,327 DEBUG: Comparando SUNAT con BD
2022-12-21 13:35:05,541 INFO : PL20535653365 actualizado
2022-12-21 13:35:05,549 DEBUG: Validacion finalizada
2022-12-21 13:35:05,549 DEBUG: Iniciando validacion
2022-12-21 13:35:05,553 DEBUG: Revisando en BD RUC: 20100268575
2022-12-21 13:35:05,620 DEBUG: Revisando ruc: 20100268575
2022-12-21 13:35:05,632 DEBUG: 20060801
2022-12-21 13:35:05,730 DEBUG: Comparando SUNAT con BD
2022-12-21 13:35:06,792 ERROR: Error al actualizar: CardCode-PL20100268575 - -1116: (2) bpvs:LC20 - En la pestaña Direcciones, debe llenar los campos "Calle/Número", "Distrito", "Ciudad", "Departamento" de todas las direcciones
2022-12-21 13:35:06,799 DEBUG: Validacion finalizada
2022-12-21 13:35:06,800 DEBUG: Iniciando validacion
2022-12-21 13:35:06,801 DEBUG: Revisando en BD RUC: 20608680161
2022-12-21 13:35:06,873 DEBUG: Revisando ruc: 20608680161
2022-12-21 13:35:07,005 DEBUG: Comparando SUNAT con BD
2022-12-21 13:35:08,321 INFO : PL20608680161 actualizado
2022-12-21 13:35:08,330 DEBUG: Validacion finalizada
2022-12-21 13:35:08,331 DEBUG: Iniciando validacion
2022-12-21 13:35:08,334 DEBUG: Revisando en BD RUC: 20100302421
2022-12-21 13:35:08,401 DEBUG: Revisando ruc: 20100302421
2022-12-21 13:35:08,415 DEBUG: 20160201
2022-12-21 13:35:08,511 DEBUG: Comparando SUNAT con BD
2022-12-21 13:35:09,657 INFO : PL20100302421 actualizado
2022-12-21 13:35:09,668 DEBUG: Validacion finalizada
2022-12-21 13:35:09,668 DEBUG: Iniciando validacion
2022-12-21 13:35:09,669 DEBUG: Revisando en BD RUC: 20483930047
2022-12-21 13:35:09,729 DEBUG: Revisando ruc: 20483930047
2022-12-21 13:35:09,761 DEBUG: 20191201
2022-12-21 13:35:09,867 DEBUG: Comparando SUNAT con BD
2022-12-21 13:35:10,992 INFO : PL20483930047 actualizado
2022-12-21 13:35:11,003 DEBUG: Validacion finalizada
2022-12-21 13:35:11,003 INFO : Resultado: 8 correctos, 2 errores, 0 inválidos, 8 Socios Procesados -  Total Acumulado: 731
2022-12-21 13:35:11,006 INFO : RUC del 931 al 940
2022-12-21 13:35:12,266 DEBUG: Iniciando validacion
2022-12-21 13:35:12,266 DEBUG: Revisando en BD RUC: 20545596823
2022-12-21 13:35:12,319 DEBUG: Revisando ruc: 20545596823
2022-12-21 13:35:12,432 DEBUG: Comparando SUNAT con BD
2022-12-21 13:35:13,512 INFO : PL20545596823 actualizado
2022-12-21 13:35:13,520 DEBUG: Validacion finalizada
2022-12-21 13:35:13,521 DEBUG: Iniciando validacion
2022-12-21 13:35:13,521 DEBUG: Revisando en BD RUC: 10700503203
2022-12-21 13:35:13,591 DEBUG: Revisando ruc: 10700503203
2022-12-21 13:35:13,700 DEBUG: Comparando SUNAT con BD
2022-12-21 13:35:14,805 INFO : PL10700503203 actualizado
2022-12-21 13:35:14,813 DEBUG: Validacion finalizada
2022-12-21 13:35:14,813 DEBUG: Iniciando validacion
2022-12-21 13:35:14,814 DEBUG: Revisando en BD RUC: 20100456495
2022-12-21 13:35:14,876 DEBUG: Revisando ruc: 20100456495
2022-12-21 13:35:14,898 DEBUG: 20060801
2022-12-21 13:35:14,899 DEBUG: 20160201
2022-12-21 13:35:14,992 DEBUG: Comparando SUNAT con BD
2022-12-21 13:35:16,171 INFO : PL20100456495 actualizado
2022-12-21 13:35:16,178 DEBUG: Validacion finalizada
2022-12-21 13:35:16,179 DEBUG: Iniciando validacion
2022-12-21 13:35:16,179 DEBUG: Revisando en BD RUC: 20102670214
2022-12-21 13:35:16,239 DEBUG: Revisando ruc: 20102670214
2022-12-21 13:35:16,353 DEBUG: Comparando SUNAT con BD
2022-12-21 13:35:17,636 INFO : PL20102670214 actualizado
2022-12-21 13:35:17,641 DEBUG: Validacion finalizada
2022-12-21 13:35:17,641 DEBUG: Iniciando validacion
2022-12-21 13:35:17,642 DEBUG: Revisando en BD RUC: 10028660371
2022-12-21 13:35:17,715 DEBUG: Revisando ruc: 10028660371
2022-12-21 13:35:17,803 DEBUG: Comparando SUNAT con BD
2022-12-21 13:35:19,036 INFO : PL10028660371 actualizado
2022-12-21 13:35:19,045 DEBUG: Validacion finalizada
2022-12-21 13:35:19,046 DEBUG: Iniciando validacion
2022-12-21 13:35:19,046 DEBUG: Revisando en BD RUC: 20572230491
2022-12-21 13:35:19,108 DEBUG: Revisando ruc: 20572230491
2022-12-21 13:35:19,265 DEBUG: Comparando SUNAT con BD
2022-12-21 13:35:20,576 INFO : PL20572230491 actualizado
2022-12-21 13:35:20,581 DEBUG: Validacion finalizada
2022-12-21 13:35:20,582 DEBUG: Iniciando validacion
2022-12-21 13:35:20,584 DEBUG: Revisando en BD RUC: 10719618320
2022-12-21 13:35:20,644 DEBUG: Revisando ruc: 10719618320
2022-12-21 13:35:20,737 DEBUG: Comparando SUNAT con BD
2022-12-21 13:35:21,653 ERROR: Error al actualizar: CardCode-PL10719618320 - -1116: (2) bpvs:LC12 - Si se trata de una Persona Natural con RUC sin Negocio, en la pestaña de Finanzas debe colocar el tipo de impuesto "Extranjero"
2022-12-21 13:35:21,660 DEBUG: Validacion finalizada
2022-12-21 13:35:21,661 DEBUG: Iniciando validacion
2022-12-21 13:35:21,661 DEBUG: Revisando en BD RUC: 20554039708
2022-12-21 13:35:21,729 DEBUG: Revisando ruc: 20554039708
2022-12-21 13:35:21,849 DEBUG: Comparando SUNAT con BD
2022-12-21 13:35:23,124 INFO : PL20554039708 actualizado
2022-12-21 13:35:23,130 DEBUG: Validacion finalizada
2022-12-21 13:35:23,131 DEBUG: Iniciando validacion
2022-12-21 13:35:23,131 DEBUG: Revisando en BD RUC: 10413019970
2022-12-21 13:35:23,202 DEBUG: Revisando ruc: 10413019970
2022-12-21 13:35:23,299 DEBUG: Comparando SUNAT con BD
2022-12-21 13:35:24,125 ERROR: Error al actualizar: CardCode-PL10413019970 - -1116: (2) bpvs:LC12 - Si se trata de una Persona Natural con RUC sin Negocio, en la pestaña de Finanzas debe colocar el tipo de impuesto "Extranjero"
2022-12-21 13:35:24,132 DEBUG: Validacion finalizada
2022-12-21 13:35:24,132 DEBUG: Iniciando validacion
2022-12-21 13:35:24,133 DEBUG: Revisando en BD RUC: 20398527993
2022-12-21 13:35:24,198 DEBUG: Revisando ruc: 20398527993
2022-12-21 13:35:24,331 DEBUG: Comparando SUNAT con BD
2022-12-21 13:35:26,015 INFO : PL20398527993 actualizado
2022-12-21 13:35:26,028 DEBUG: Validacion finalizada
2022-12-21 13:35:26,029 INFO : Resultado: 8 correctos, 2 errores, 0 inválidos, 8 Socios Procesados -  Total Acumulado: 739
2022-12-21 13:35:26,031 INFO : RUC del 941 al 950
2022-12-21 13:35:27,201 DEBUG: Iniciando validacion
2022-12-21 13:35:27,201 DEBUG: Revisando en BD RUC: 20605808311
2022-12-21 13:35:27,255 DEBUG: Revisando ruc: 20605808311
2022-12-21 13:35:27,394 DEBUG: Comparando SUNAT con BD
2022-12-21 13:35:28,845 INFO : PL20605808311 actualizado
2022-12-21 13:35:28,854 DEBUG: Validacion finalizada
2022-12-21 13:35:28,854 DEBUG: Iniciando validacion
2022-12-21 13:35:28,855 DEBUG: Revisando en BD RUC: 20138563201
2022-12-21 13:35:28,918 DEBUG: Revisando ruc: 20138563201
2022-12-21 13:35:29,055 DEBUG: Comparando SUNAT con BD
2022-12-21 13:35:30,120 INFO : PL20138563201 actualizado
2022-12-21 13:35:30,128 DEBUG: Validacion finalizada
2022-12-21 13:35:30,128 DEBUG: Iniciando validacion
2022-12-21 13:35:30,130 DEBUG: Revisando en BD RUC: 20602108687
2022-12-21 13:35:30,197 DEBUG: Revisando ruc: 20602108687
2022-12-21 13:35:30,325 DEBUG: Comparando SUNAT con BD
2022-12-21 13:35:31,448 INFO : PL20602108687 actualizado
2022-12-21 13:35:31,456 DEBUG: Validacion finalizada
2022-12-21 13:35:31,457 DEBUG: Iniciando validacion
2022-12-21 13:35:31,463 DEBUG: Revisando en BD RUC: 20100105862
2022-12-21 13:35:31,521 DEBUG: Revisando ruc: 20100105862
2022-12-21 13:35:31,539 DEBUG: 20190501
2022-12-21 13:35:31,540 DEBUG: 20020601
2022-12-21 13:35:31,639 DEBUG: Comparando SUNAT con BD
2022-12-21 13:35:32,722 INFO : PL20100105862 actualizado
2022-12-21 13:35:32,732 DEBUG: Validacion finalizada
2022-12-21 13:35:32,732 DEBUG: Iniciando validacion
2022-12-21 13:35:32,736 DEBUG: Revisando en BD RUC: 20570594860
2022-12-21 13:35:32,805 DEBUG: Revisando ruc: 20570594860
2022-12-21 13:35:32,952 DEBUG: Comparando SUNAT con BD
2022-12-21 13:35:33,996 INFO : PL20570594860 actualizado
2022-12-21 13:35:34,003 DEBUG: Validacion finalizada
2022-12-21 13:35:34,004 DEBUG: Iniciando validacion
2022-12-21 13:35:34,008 DEBUG: Revisando en BD RUC: 20529858460
2022-12-21 13:35:34,079 DEBUG: Revisando ruc: 20529858460
2022-12-21 13:35:34,104 DEBUG: 20150801
2022-12-21 13:35:34,195 DEBUG: Comparando SUNAT con BD
2022-12-21 13:35:35,402 INFO : PL20529858460 actualizado
2022-12-21 13:35:35,410 DEBUG: Validacion finalizada
2022-12-21 13:35:35,410 DEBUG: Iniciando validacion
2022-12-21 13:35:35,411 DEBUG: Revisando en BD RUC: 20135948641
2022-12-21 13:35:35,485 DEBUG: Revisando ruc: 20135948641
2022-12-21 13:35:35,526 DEBUG: 20030201
2022-12-21 13:35:35,622 DEBUG: Comparando SUNAT con BD
2022-12-21 13:35:36,624 INFO : PL20135948641 actualizado
2022-12-21 13:35:36,636 DEBUG: Validacion finalizada
2022-12-21 13:35:36,637 DEBUG: Iniciando validacion
2022-12-21 13:35:36,639 DEBUG: Revisando en BD RUC: 20604211388
2022-12-21 13:35:36,704 DEBUG: Revisando ruc: 20604211388
2022-12-21 13:35:36,836 DEBUG: Comparando SUNAT con BD
2022-12-21 13:35:38,239 INFO : PL20604211388 actualizado
2022-12-21 13:35:38,248 DEBUG: Validacion finalizada
2022-12-21 13:35:38,248 DEBUG: Iniciando validacion
2022-12-21 13:35:38,249 DEBUG: Revisando en BD RUC: 20484284106
2022-12-21 13:35:38,306 DEBUG: Revisando ruc: 20484284106
2022-12-21 13:35:38,431 DEBUG: Comparando SUNAT con BD
2022-12-21 13:35:39,692 INFO : PL20484284106 actualizado
2022-12-21 13:35:39,707 DEBUG: Validacion finalizada
2022-12-21 13:35:39,707 DEBUG: Iniciando validacion
2022-12-21 13:35:39,709 DEBUG: Revisando en BD RUC: 20530236731
2022-12-21 13:35:39,776 DEBUG: Revisando ruc: 20530236731
2022-12-21 13:35:39,895 DEBUG: Comparando SUNAT con BD
2022-12-21 13:35:40,879 INFO : PL20530236731 actualizado
2022-12-21 13:35:40,891 DEBUG: Validacion finalizada
2022-12-21 13:35:40,892 INFO : Resultado: 10 correctos, 0 errores, 0 inválidos, 10 Socios Procesados -  Total Acumulado: 749
2022-12-21 13:35:40,892 INFO : RUC del 951 al 960
2022-12-21 13:35:42,157 DEBUG: Iniciando validacion
2022-12-21 13:35:42,158 DEBUG: Revisando en BD RUC: 20101077099
2022-12-21 13:35:42,224 DEBUG: Revisando ruc: 20101077099
2022-12-21 13:35:42,244 DEBUG: 20040201
2022-12-21 13:35:42,244 DEBUG: 20160201
2022-12-21 13:35:42,331 DEBUG: Comparando SUNAT con BD
2022-12-21 13:35:43,470 INFO : PL20101077099 actualizado
2022-12-21 13:35:43,482 DEBUG: Validacion finalizada
2022-12-21 13:35:43,482 DEBUG: Iniciando validacion
2022-12-21 13:35:43,484 DEBUG: Revisando en BD RUC: 10426887792
2022-12-21 13:35:43,544 DEBUG: Revisando ruc: 10426887792
2022-12-21 13:35:43,632 DEBUG: Comparando SUNAT con BD
2022-12-21 13:35:44,584 ERROR: Error al actualizar: CardCode-PL10426887792 - -1116: (2) bpvs:LC12 - Si se trata de una Persona Natural con RUC sin Negocio, en la pestaña de Finanzas debe colocar el tipo de impuesto "Extranjero"
2022-12-21 13:35:44,592 DEBUG: Validacion finalizada
2022-12-21 13:35:44,592 DEBUG: Iniciando validacion
2022-12-21 13:35:44,594 DEBUG: Revisando en BD RUC: 20602784631
2022-12-21 13:35:44,665 DEBUG: Revisando ruc: 20602784631
2022-12-21 13:35:44,779 DEBUG: Comparando SUNAT con BD
2022-12-21 13:35:45,902 INFO : PL20602784631 actualizado
2022-12-21 13:35:45,910 DEBUG: Validacion finalizada
2022-12-21 13:35:45,911 DEBUG: Iniciando validacion
2022-12-21 13:35:45,912 DEBUG: Revisando en BD RUC: 10076062434
2022-12-21 13:35:45,997 DEBUG: Revisando ruc: 10076062434
2022-12-21 13:35:46,080 DEBUG: Comparando SUNAT con BD
2022-12-21 13:35:46,746 ERROR: Error al actualizar: CardCode-PL10076062434 - -1116: (2) bpvs:LC12 - Si se trata de una Persona Natural con RUC sin Negocio, en la pestaña de Finanzas debe colocar el tipo de impuesto "Extranjero"
2022-12-21 13:35:46,754 DEBUG: Validacion finalizada
2022-12-21 13:35:46,754 DEBUG: Iniciando validacion
2022-12-21 13:35:46,757 DEBUG: Revisando en BD RUC: 20603571127
2022-12-21 13:35:46,821 DEBUG: Revisando ruc: 20603571127
2022-12-21 13:35:46,950 DEBUG: Comparando SUNAT con BD
2022-12-21 13:35:48,293 INFO : PL20603571127 actualizado
2022-12-21 13:35:48,303 DEBUG: Validacion finalizada
2022-12-21 13:35:48,303 DEBUG: Iniciando validacion
2022-12-21 13:35:48,304 DEBUG: Revisando en BD RUC: 20601971519
2022-12-21 13:35:48,371 DEBUG: Revisando ruc: 20601971519
2022-12-21 13:35:48,481 DEBUG: Comparando SUNAT con BD
2022-12-21 13:35:49,688 INFO : PL20601971519 actualizado
2022-12-21 13:35:49,701 DEBUG: Validacion finalizada
2022-12-21 13:35:49,702 DEBUG: Iniciando validacion
2022-12-21 13:35:49,703 DEBUG: Revisando en BD RUC: 20101130160
2022-12-21 13:35:49,760 DEBUG: Revisando ruc: 20101130160
2022-12-21 13:35:49,774 DEBUG: 20190101
2022-12-21 13:35:49,862 DEBUG: Comparando SUNAT con BD
2022-12-21 13:35:51,085 INFO : PL20101130160 actualizado
2022-12-21 13:35:51,094 DEBUG: Validacion finalizada
2022-12-21 13:35:51,094 DEBUG: Iniciando validacion
2022-12-21 13:35:51,095 DEBUG: Revisando en BD RUC: 20529891912
2022-12-21 13:35:51,170 DEBUG: Revisando ruc: 20529891912
2022-12-21 13:35:51,297 DEBUG: Comparando SUNAT con BD
2022-12-21 13:35:52,302 INFO : PL20529891912 actualizado
2022-12-21 13:35:52,314 DEBUG: Validacion finalizada
2022-12-21 13:35:52,315 DEBUG: Iniciando validacion
2022-12-21 13:35:52,316 DEBUG: Revisando en BD RUC: 10443809533
2022-12-21 13:35:52,381 DEBUG: Revisando ruc: 10443809533
2022-12-21 13:35:52,463 DEBUG: Comparando SUNAT con BD
2022-12-21 13:35:53,600 INFO : PL10443809533 actualizado
2022-12-21 13:35:53,607 DEBUG: Validacion finalizada
2022-12-21 13:35:53,607 DEBUG: Iniciando validacion
2022-12-21 13:35:53,609 DEBUG: Revisando en BD RUC: 20604211451
2022-12-21 13:35:53,677 DEBUG: Revisando ruc: 20604211451
2022-12-21 13:35:53,829 DEBUG: Comparando SUNAT con BD
2022-12-21 13:35:54,946 INFO : PL20604211451 actualizado
2022-12-21 13:35:54,951 DEBUG: Validacion finalizada
2022-12-21 13:35:54,952 INFO : Resultado: 8 correctos, 2 errores, 0 inválidos, 8 Socios Procesados -  Total Acumulado: 757
2022-12-21 13:35:54,952 INFO : RUC del 961 al 970
2022-12-21 13:35:56,565 DEBUG: Iniciando validacion
2022-12-21 13:35:56,565 DEBUG: Revisando en BD RUC: 20526414544
2022-12-21 13:35:56,616 DEBUG: Revisando ruc: 20526414544
2022-12-21 13:35:56,740 DEBUG: Comparando SUNAT con BD
2022-12-21 13:35:58,010 INFO : PL20526414544 actualizado
2022-12-21 13:35:58,020 DEBUG: Validacion finalizada
2022-12-21 13:35:58,020 DEBUG: Iniciando validacion
2022-12-21 13:35:58,024 DEBUG: Revisando en BD RUC: 20515829424
2022-12-21 13:35:58,087 DEBUG: Revisando ruc: 20515829424
2022-12-21 13:35:58,235 DEBUG: Comparando SUNAT con BD
2022-12-21 13:35:59,361 INFO : PL20515829424 actualizado
2022-12-21 13:35:59,369 DEBUG: Validacion finalizada
2022-12-21 13:35:59,369 DEBUG: Iniciando validacion
2022-12-21 13:35:59,370 DEBUG: Revisando en BD RUC: 20602183107
2022-12-21 13:35:59,430 DEBUG: Revisando ruc: 20602183107
2022-12-21 13:35:59,543 DEBUG: Comparando SUNAT con BD
2022-12-21 13:36:00,714 INFO : PL20602183107 actualizado
2022-12-21 13:36:00,724 DEBUG: Validacion finalizada
2022-12-21 13:36:00,725 DEBUG: Iniciando validacion
2022-12-21 13:36:00,728 DEBUG: Revisando en BD RUC: 20103365628
2022-12-21 13:36:00,785 DEBUG: Revisando ruc: 20103365628
2022-12-21 13:36:00,809 DEBUG: 20111201
2022-12-21 13:36:00,810 DEBUG: 20060901
2022-12-21 13:36:00,901 DEBUG: Comparando SUNAT con BD
2022-12-21 13:36:02,048 INFO : PL20103365628 actualizado
2022-12-21 13:36:02,056 DEBUG: Validacion finalizada
2022-12-21 13:36:02,056 DEBUG: Iniciando validacion
2022-12-21 13:36:02,057 DEBUG: Revisando en BD RUC: 20604083037
2022-12-21 13:36:02,125 DEBUG: Revisando ruc: 20604083037
2022-12-21 13:36:02,254 DEBUG: Comparando SUNAT con BD
2022-12-21 13:36:03,558 INFO : PL20604083037 actualizado
2022-12-21 13:36:03,568 DEBUG: Validacion finalizada
2022-12-21 13:36:03,569 DEBUG: Iniciando validacion
2022-12-21 13:36:03,572 DEBUG: Revisando en BD RUC: 20606323507
2022-12-21 13:36:03,635 DEBUG: Revisando ruc: 20606323507
2022-12-21 13:36:03,755 DEBUG: Comparando SUNAT con BD
2022-12-21 13:36:05,427 INFO : PL20606323507 actualizado
2022-12-21 13:36:05,433 DEBUG: Validacion finalizada
2022-12-21 13:36:05,433 DEBUG: Iniciando validacion
2022-12-21 13:36:05,434 DEBUG: Revisando en BD RUC: 20167884491
2022-12-21 13:36:05,496 DEBUG: Revisando ruc: 20167884491
2022-12-21 13:36:05,508 DEBUG: 20121101
2022-12-21 13:36:05,600 DEBUG: Comparando SUNAT con BD
2022-12-21 13:36:06,827 INFO : PL20167884491 actualizado
2022-12-21 13:36:06,834 DEBUG: Validacion finalizada
2022-12-21 13:36:06,835 DEBUG: Iniciando validacion
2022-12-21 13:36:06,837 DEBUG: Revisando en BD RUC: 20604152110
2022-12-21 13:36:06,901 DEBUG: Revisando ruc: 20604152110
2022-12-21 13:36:07,055 DEBUG: Comparando SUNAT con BD
2022-12-21 13:36:08,402 INFO : PL20604152110 actualizado
2022-12-21 13:36:08,408 DEBUG: Validacion finalizada
2022-12-21 13:36:08,409 DEBUG: Iniciando validacion
2022-12-21 13:36:08,410 DEBUG: Revisando en BD RUC: 10411374535
2022-12-21 13:36:08,476 DEBUG: Revisando ruc: 10411374535
2022-12-21 13:36:08,558 DEBUG: Comparando SUNAT con BD
2022-12-21 13:36:09,609 INFO : CL10411374535 actualizado
2022-12-21 13:36:09,617 DEBUG: Validacion finalizada
2022-12-21 13:36:09,617 DEBUG: Iniciando validacion
2022-12-21 13:36:09,621 DEBUG: Revisando en BD RUC: 20461851887
2022-12-21 13:36:09,685 DEBUG: Revisando ruc: 20461851887
2022-12-21 13:36:09,813 DEBUG: Comparando SUNAT con BD
2022-12-21 13:36:10,999 INFO : PL20461851887 actualizado
2022-12-21 13:36:11,006 DEBUG: Validacion finalizada
2022-12-21 13:36:11,006 INFO : Resultado: 10 correctos, 0 errores, 0 inválidos, 10 Socios Procesados -  Total Acumulado: 767
2022-12-21 13:36:11,007 INFO : RUC del 971 al 980
2022-12-21 13:36:12,242 DEBUG: Iniciando validacion
2022-12-21 13:36:12,242 DEBUG: Revisando en BD RUC: 20525376576
2022-12-21 13:36:12,300 DEBUG: Revisando ruc: 20525376576
2022-12-21 13:36:12,433 DEBUG: Comparando SUNAT con BD
2022-12-21 13:36:13,538 INFO : PL20525376576 actualizado
2022-12-21 13:36:13,545 DEBUG: Validacion finalizada
2022-12-21 13:36:13,546 DEBUG: Iniciando validacion
2022-12-21 13:36:13,547 DEBUG: Revisando en BD RUC: 10408103831
2022-12-21 13:36:13,610 DEBUG: Revisando ruc: 10408103831
2022-12-21 13:36:13,741 DEBUG: Comparando SUNAT con BD
2022-12-21 13:36:14,430 ERROR: Error al actualizar: CardCode-PL10408103831 - -1116: (2) bpvs:LC12 - Si se trata de una Persona Natural con RUC sin Negocio, en la pestaña de Finanzas debe colocar el tipo de impuesto "Extranjero"
2022-12-21 13:36:14,439 DEBUG: Validacion finalizada
2022-12-21 13:36:14,439 DEBUG: Iniciando validacion
2022-12-21 13:36:14,440 DEBUG: Revisando en BD RUC: 10028214354
2022-12-21 13:36:14,505 DEBUG: Revisando ruc: 10028214354
2022-12-21 13:36:14,589 DEBUG: Comparando SUNAT con BD
2022-12-21 13:36:15,559 INFO : PL10028214354 actualizado
2022-12-21 13:36:15,567 DEBUG: Validacion finalizada
2022-12-21 13:36:15,567 DEBUG: Iniciando validacion
2022-12-21 13:36:15,568 DEBUG: Revisando en BD RUC: 20479726982
2022-12-21 13:36:15,636 DEBUG: Revisando ruc: 20479726982
2022-12-21 13:36:15,753 DEBUG: Comparando SUNAT con BD
2022-12-21 13:36:16,908 INFO : PL20479726982 actualizado
2022-12-21 13:36:16,913 DEBUG: Validacion finalizada
2022-12-21 13:36:16,913 DEBUG: Iniciando validacion
2022-12-21 13:36:16,914 DEBUG: Revisando en BD RUC: 20566231833
2022-12-21 13:36:16,992 DEBUG: Revisando ruc: 20566231833
2022-12-21 13:36:17,115 DEBUG: Comparando SUNAT con BD
2022-12-21 13:36:18,366 INFO : PL20566231833 actualizado
2022-12-21 13:36:18,371 DEBUG: Validacion finalizada
2022-12-21 13:36:18,371 DEBUG: Iniciando validacion
2022-12-21 13:36:18,372 DEBUG: Revisando en BD RUC: 20557338056
2022-12-21 13:36:18,433 DEBUG: Revisando ruc: 20557338056
2022-12-21 13:36:18,541 DEBUG: Comparando SUNAT con BD
2022-12-21 13:36:19,947 INFO : PL20557338056 actualizado
2022-12-21 13:36:19,954 DEBUG: Validacion finalizada
2022-12-21 13:36:19,954 DEBUG: Iniciando validacion
2022-12-21 13:36:19,955 DEBUG: Revisando en BD RUC: 20483835648
2022-12-21 13:36:20,018 DEBUG: Revisando ruc: 20483835648
2022-12-21 13:36:20,150 DEBUG: Comparando SUNAT con BD
2022-12-21 13:36:21,224 ERROR: Error al actualizar: CardCode-PL20483835648 - -1116: (2) bpvs:LC20 - En la pestaña Direcciones, debe llenar los campos "Calle/Número", "Distrito", "Ciudad", "Departamento" de todas las direcciones
2022-12-21 13:36:21,231 DEBUG: Validacion finalizada
2022-12-21 13:36:21,231 DEBUG: Iniciando validacion
2022-12-21 13:36:21,232 DEBUG: Revisando en BD RUC: 20409397337
2022-12-21 13:36:21,286 DEBUG: Revisando ruc: 20409397337
2022-12-21 13:36:21,400 DEBUG: Comparando SUNAT con BD
2022-12-21 13:36:22,380 INFO : PL20409397337 actualizado
2022-12-21 13:36:22,387 DEBUG: Validacion finalizada
2022-12-21 13:36:22,387 DEBUG: Iniciando validacion
2022-12-21 13:36:22,388 DEBUG: Revisando en BD RUC: 20100171814
2022-12-21 13:36:22,453 DEBUG: Revisando ruc: 20100171814
2022-12-21 13:36:22,481 DEBUG: 20220201
2022-12-21 13:36:22,481 DEBUG: 20020601
2022-12-21 13:36:22,483 DEBUG: 20160201
2022-12-21 13:36:22,590 DEBUG: Comparando SUNAT con BD
2022-12-21 13:36:23,794 ERROR: Error al actualizar: CardCode-PL20100171814 - -1116: (2) bpvs:LC20 - En la pestaña Direcciones, debe llenar los campos "Calle/Número", "Distrito", "Ciudad", "Departamento" de todas las direcciones
2022-12-21 13:36:23,802 DEBUG: Validacion finalizada
2022-12-21 13:36:23,802 DEBUG: Iniciando validacion
2022-12-21 13:36:23,803 DEBUG: Revisando en BD RUC: 20602620396
2022-12-21 13:36:23,872 DEBUG: Revisando ruc: 20602620396
2022-12-21 13:36:23,993 DEBUG: Comparando SUNAT con BD
2022-12-21 13:36:25,267 INFO : PL20602620396 actualizado
2022-12-21 13:36:25,275 DEBUG: Validacion finalizada
2022-12-21 13:36:25,276 INFO : Resultado: 7 correctos, 3 errores, 0 inválidos, 7 Socios Procesados -  Total Acumulado: 774
2022-12-21 13:36:25,277 INFO : RUC del 981 al 990
2022-12-21 13:36:26,971 DEBUG: Iniciando validacion
2022-12-21 13:36:26,972 DEBUG: Revisando en BD RUC: 20137868955
2022-12-21 13:36:27,027 DEBUG: Revisando ruc: 20137868955
2022-12-21 13:36:27,155 DEBUG: Comparando SUNAT con BD
2022-12-21 13:36:28,411 INFO : PL20137868955 actualizado
2022-12-21 13:36:28,422 DEBUG: Validacion finalizada
2022-12-21 13:36:28,422 DEBUG: Iniciando validacion
2022-12-21 13:36:28,424 DEBUG: Revisando en BD RUC: 20131644109
2022-12-21 13:36:28,475 DEBUG: Revisando ruc: 20131644109
2022-12-21 13:36:28,587 DEBUG: Comparando SUNAT con BD
2022-12-21 13:36:29,924 INFO : PL20131644109 actualizado
2022-12-21 13:36:29,938 DEBUG: Validacion finalizada
2022-12-21 13:36:29,939 DEBUG: Iniciando validacion
2022-12-21 13:36:29,941 DEBUG: Revisando en BD RUC: 10805626297
2022-12-21 13:36:30,006 DEBUG: Revisando ruc: 10805626297
2022-12-21 13:36:30,085 DEBUG: Comparando SUNAT con BD
2022-12-21 13:36:31,059 INFO : PL10805626297 actualizado
2022-12-21 13:36:31,064 DEBUG: Validacion finalizada
2022-12-21 13:36:31,066 DEBUG: Iniciando validacion
2022-12-21 13:36:31,067 DEBUG: Revisando en BD RUC: 20276885431
2022-12-21 13:36:31,135 DEBUG: Revisando ruc: 20276885431
2022-12-21 13:36:31,245 DEBUG: Comparando SUNAT con BD
2022-12-21 13:36:32,436 INFO : PL20276885431 actualizado
2022-12-21 13:36:32,446 DEBUG: Validacion finalizada
2022-12-21 13:36:32,446 DEBUG: Iniciando validacion
2022-12-21 13:36:32,448 DEBUG: Revisando en BD RUC: 20526637764
2022-12-21 13:36:32,514 DEBUG: Revisando ruc: 20526637764
2022-12-21 13:36:32,635 DEBUG: Comparando SUNAT con BD
2022-12-21 13:36:33,704 ERROR: Error al actualizar: CardCode-PL20526637764 - -1116: (2) bpvs:LC20 - En la pestaña Direcciones, debe llenar los campos "Calle/Número", "Distrito", "Ciudad", "Departamento" de todas las direcciones
2022-12-21 13:36:33,716 DEBUG: Validacion finalizada
2022-12-21 13:36:33,716 DEBUG: Iniciando validacion
2022-12-21 13:36:33,717 DEBUG: Revisando en BD RUC: 20525564062
2022-12-21 13:36:33,784 DEBUG: Revisando ruc: 20525564062
2022-12-21 13:36:33,908 DEBUG: Comparando SUNAT con BD
2022-12-21 13:36:35,143 INFO : PL20525564062 actualizado
2022-12-21 13:36:35,154 DEBUG: Validacion finalizada
2022-12-21 13:36:35,154 DEBUG: Iniciando validacion
2022-12-21 13:36:35,155 DEBUG: Revisando en BD RUC: 20602266916
2022-12-21 13:36:35,211 DEBUG: Revisando ruc: 20602266916
2022-12-21 13:36:35,337 DEBUG: Comparando SUNAT con BD
2022-12-21 13:36:36,336 INFO : CL20602266916 actualizado
2022-12-21 13:36:36,346 DEBUG: Validacion finalizada
2022-12-21 13:36:36,346 DEBUG: Iniciando validacion
2022-12-21 13:36:36,348 DEBUG: Revisando en BD RUC: 20602687806
2022-12-21 13:36:36,428 DEBUG: Revisando ruc: 20602687806
2022-12-21 13:36:36,558 DEBUG: Comparando SUNAT con BD
2022-12-21 13:36:37,810 INFO : PL20602687806 actualizado
2022-12-21 13:36:37,818 DEBUG: Validacion finalizada
2022-12-21 13:36:37,818 DEBUG: Iniciando validacion
2022-12-21 13:36:37,820 DEBUG: Revisando en BD RUC: 10757461230
2022-12-21 13:36:37,884 DEBUG: Revisando ruc: 10757461230
2022-12-21 13:36:37,973 DEBUG: Comparando SUNAT con BD
2022-12-21 13:36:39,350 INFO : PL10757461230 actualizado
2022-12-21 13:36:39,358 DEBUG: Validacion finalizada
2022-12-21 13:36:39,359 DEBUG: Iniciando validacion
2022-12-21 13:36:39,360 DEBUG: Revisando en BD RUC: 20526520140
2022-12-21 13:36:39,415 DEBUG: Revisando ruc: 20526520140
2022-12-21 13:36:39,527 DEBUG: Comparando SUNAT con BD
2022-12-21 13:36:40,742 INFO : PL20526520140 actualizado
2022-12-21 13:36:40,750 DEBUG: Validacion finalizada
2022-12-21 13:36:40,751 INFO : Resultado: 9 correctos, 1 errores, 0 inválidos, 9 Socios Procesados -  Total Acumulado: 783
2022-12-21 13:36:40,752 INFO : RUC del 991 al 1000
2022-12-21 13:36:41,960 DEBUG: Iniciando validacion
2022-12-21 13:36:41,961 DEBUG: Revisando en BD RUC: 10804769396
2022-12-21 13:36:42,013 DEBUG: Revisando ruc: 10804769396
2022-12-21 13:36:42,107 DEBUG: Comparando SUNAT con BD
2022-12-21 13:36:43,572 INFO : PL10804769396 actualizado
2022-12-21 13:36:43,582 DEBUG: Validacion finalizada
2022-12-21 13:36:43,583 DEBUG: Iniciando validacion
2022-12-21 13:36:43,589 DEBUG: Revisando en BD RUC: 10256542256
2022-12-21 13:36:43,652 DEBUG: Revisando ruc: 10256542256
2022-12-21 13:36:43,739 DEBUG: Comparando SUNAT con BD
2022-12-21 13:36:44,692 ERROR: Error al actualizar: CardCode-PL10256542256 - -1116: (2) bpvs:LC20 - En la pestaña Direcciones, debe llenar los campos "Calle/Número", "Distrito", "Ciudad", "Departamento" de todas las direcciones
2022-12-21 13:36:44,702 DEBUG: Validacion finalizada
2022-12-21 13:36:44,703 DEBUG: Iniciando validacion
2022-12-21 13:36:44,707 DEBUG: Revisando en BD RUC: 20100312736
2022-12-21 13:36:44,773 DEBUG: Revisando ruc: 20100312736
2022-12-21 13:36:44,791 DEBUG: 20160301
2022-12-21 13:36:44,792 DEBUG: 20140301
2022-12-21 13:36:44,792 DEBUG: 20160201
2022-12-21 13:36:44,899 DEBUG: Comparando SUNAT con BD
2022-12-21 13:36:46,123 INFO : PL20100312736 actualizado
2022-12-21 13:36:46,132 DEBUG: Validacion finalizada
2022-12-21 13:36:46,133 DEBUG: Iniciando validacion
2022-12-21 13:36:46,136 DEBUG: Revisando en BD RUC: 20536218999
2022-12-21 13:36:46,194 DEBUG: Revisando ruc: 20536218999
2022-12-21 13:36:46,213 DEBUG: 20150201
2022-12-21 13:36:46,307 DEBUG: Comparando SUNAT con BD
2022-12-21 13:36:47,263 INFO : PL20536218999 actualizado
2022-12-21 13:36:47,268 DEBUG: Validacion finalizada
2022-12-21 13:36:47,268 DEBUG: Iniciando validacion
2022-12-21 13:36:47,269 DEBUG: Revisando en BD RUC: 20566321662
2022-12-21 13:36:47,337 DEBUG: Revisando ruc: 20566321662
2022-12-21 13:36:47,467 DEBUG: Comparando SUNAT con BD
2022-12-21 13:36:49,019 INFO : PL20566321662 actualizado
2022-12-21 13:36:49,026 DEBUG: Validacion finalizada
2022-12-21 13:36:49,027 DEBUG: Iniciando validacion
2022-12-21 13:36:49,028 DEBUG: Revisando en BD RUC: 20101200125
2022-12-21 13:36:49,094 DEBUG: Revisando ruc: 20101200125
2022-12-21 13:36:49,121 DEBUG: 20150201
2022-12-21 13:36:49,122 DEBUG: 20120601
2022-12-21 13:36:49,125 DEBUG: 20160201
2022-12-21 13:36:49,224 DEBUG: Comparando SUNAT con BD
2022-12-21 13:36:50,617 INFO : PL20101200125 actualizado
2022-12-21 13:36:50,623 DEBUG: Validacion finalizada
2022-12-21 13:36:50,624 DEBUG: Iniciando validacion
2022-12-21 13:36:50,626 DEBUG: Revisando en BD RUC: 20101461786
2022-12-21 13:36:50,680 DEBUG: Revisando ruc: 20101461786
2022-12-21 13:36:50,700 DEBUG: 20190501
2022-12-21 13:36:50,700 DEBUG: 20170601
2022-12-21 13:36:50,703 DEBUG: 20160201
2022-12-21 13:36:50,790 DEBUG: Comparando SUNAT con BD
2022-12-21 13:36:51,797 INFO : PL20101461786 actualizado
2022-12-21 13:36:51,804 DEBUG: Validacion finalizada
2022-12-21 13:36:51,804 DEBUG: Iniciando validacion
2022-12-21 13:36:51,805 DEBUG: Revisando en BD RUC: 20504979092
2022-12-21 13:36:51,874 DEBUG: Revisando ruc: 20504979092
2022-12-21 13:36:51,903 DEBUG: 20150201
2022-12-21 13:36:52,005 DEBUG: Comparando SUNAT con BD
2022-12-21 13:36:53,408 INFO : PL20504979092 actualizado
2022-12-21 13:36:53,418 DEBUG: Validacion finalizada
2022-12-21 13:36:53,418 DEBUG: Iniciando validacion
2022-12-21 13:36:53,421 DEBUG: Revisando en BD RUC: 10293780817
2022-12-21 13:36:53,478 DEBUG: Revisando ruc: 10293780817
2022-12-21 13:36:53,566 DEBUG: Comparando SUNAT con BD
2022-12-21 13:36:54,605 INFO : PL10293780817 actualizado
2022-12-21 13:36:54,612 DEBUG: Validacion finalizada
2022-12-21 13:36:54,612 DEBUG: Iniciando validacion
2022-12-21 13:36:54,614 DEBUG: Revisando en BD RUC: 20100017491
2022-12-21 13:36:54,684 DEBUG: Revisando ruc: 20100017491
2022-12-21 13:36:54,718 DEBUG: 20020601
2022-12-21 13:36:54,818 DEBUG: Comparando SUNAT con BD
2022-12-21 13:36:55,958 INFO : PL20100017491 actualizado
2022-12-21 13:36:55,967 DEBUG: Validacion finalizada
2022-12-21 13:36:55,968 INFO : Resultado: 9 correctos, 1 errores, 0 inválidos, 9 Socios Procesados -  Total Acumulado: 792
2022-12-21 13:36:55,968 INFO : RUC del 1001 al 1010
2022-12-21 13:36:57,860 DEBUG: Iniciando validacion
2022-12-21 13:36:57,860 DEBUG: Revisando en BD RUC: 20101639275
2022-12-21 13:36:57,920 DEBUG: Revisando ruc: 20101639275
2022-12-21 13:36:57,948 DEBUG: 20190501
2022-12-21 13:36:57,948 DEBUG: 20100901
2022-12-21 13:36:58,050 DEBUG: Comparando SUNAT con BD
2022-12-21 13:37:00,091 INFO : PL20101639275 actualizado
2022-12-21 13:37:00,098 DEBUG: Validacion finalizada
2022-12-21 13:37:00,099 DEBUG: Iniciando validacion
2022-12-21 13:37:00,100 DEBUG: Revisando en BD RUC: 20509952591
2022-12-21 13:37:00,176 DEBUG: Revisando ruc: 20509952591
2022-12-21 13:37:00,301 DEBUG: Comparando SUNAT con BD
2022-12-21 13:37:01,420 INFO : PL20509952591 actualizado
2022-12-21 13:37:01,431 DEBUG: Validacion finalizada
2022-12-21 13:37:01,431 DEBUG: Iniciando validacion
2022-12-21 13:37:01,433 DEBUG: Revisando en BD RUC: 20483902264
2022-12-21 13:37:01,489 DEBUG: Revisando ruc: 20483902264
2022-12-21 13:37:01,599 DEBUG: Comparando SUNAT con BD
2022-12-21 13:37:02,750 INFO : PL20483902264 actualizado
2022-12-21 13:37:02,757 DEBUG: Validacion finalizada
2022-12-21 13:37:02,757 DEBUG: Iniciando validacion
2022-12-21 13:37:02,759 DEBUG: Revisando en BD RUC: 20601099960
2022-12-21 13:37:02,821 DEBUG: Revisando ruc: 20601099960
2022-12-21 13:37:02,838 DEBUG: 20191201
2022-12-21 13:37:02,924 DEBUG: Comparando SUNAT con BD
2022-12-21 13:37:03,921 INFO : PL20601099960 actualizado
2022-12-21 13:37:03,929 DEBUG: Validacion finalizada
2022-12-21 13:37:03,930 DEBUG: Iniciando validacion
2022-12-21 13:37:03,931 DEBUG: Revisando en BD RUC: 20561374750
2022-12-21 13:37:03,999 DEBUG: Revisando ruc: 20561374750
2022-12-21 13:37:04,135 DEBUG: Comparando SUNAT con BD
2022-12-21 13:37:05,248 INFO : PL20561374750 actualizado
2022-12-21 13:37:05,254 DEBUG: Validacion finalizada
2022-12-21 13:37:05,254 DEBUG: Iniciando validacion
2022-12-21 13:37:05,256 DEBUG: Revisando en BD RUC: 10430382441
2022-12-21 13:37:05,329 DEBUG: Revisando ruc: 10430382441
2022-12-21 13:37:05,418 DEBUG: Comparando SUNAT con BD
2022-12-21 13:37:06,496 ERROR: Error al actualizar: CardCode-PL10430382441 - -1116: (2) bpvs:LC12 - Si se trata de una Persona Natural con RUC sin Negocio, en la pestaña de Finanzas debe colocar el tipo de impuesto "Extranjero"
2022-12-21 13:37:06,505 DEBUG: Validacion finalizada
2022-12-21 13:37:06,505 DEBUG: Iniciando validacion
2022-12-21 13:37:06,506 DEBUG: Revisando en BD RUC: 20600448286
2022-12-21 13:37:06,582 DEBUG: Revisando ruc: 20600448286
2022-12-21 13:37:06,711 DEBUG: Comparando SUNAT con BD
2022-12-21 13:37:07,720 INFO : PL20600448286 actualizado
2022-12-21 13:37:07,730 DEBUG: Validacion finalizada
2022-12-21 13:37:07,731 DEBUG: Iniciando validacion
2022-12-21 13:37:07,732 DEBUG: Revisando en BD RUC: 20530266487
2022-12-21 13:37:07,797 DEBUG: Revisando ruc: 20530266487
2022-12-21 13:37:07,925 DEBUG: Comparando SUNAT con BD
2022-12-21 13:37:09,059 INFO : PL20530266487 actualizado
2022-12-21 13:37:09,063 DEBUG: Validacion finalizada
2022-12-21 13:37:09,064 DEBUG: Iniciando validacion
2022-12-21 13:37:09,065 DEBUG: Revisando en BD RUC: 20494691524
2022-12-21 13:37:09,122 DEBUG: Revisando ruc: 20494691524
2022-12-21 13:37:09,168 DEBUG: 20150201
2022-12-21 13:37:09,264 DEBUG: Comparando SUNAT con BD
2022-12-21 13:37:10,740 INFO : PL20494691524 actualizado
2022-12-21 13:37:10,747 DEBUG: Validacion finalizada
2022-12-21 13:37:10,747 DEBUG: Iniciando validacion
2022-12-21 13:37:10,749 DEBUG: Revisando en BD RUC: 10445490101
2022-12-21 13:37:10,814 DEBUG: Revisando ruc: 10445490101
2022-12-21 13:37:10,902 DEBUG: Comparando SUNAT con BD
2022-12-21 13:37:11,762 ERROR: Error al actualizar: CardCode-PL10445490101 - -1116: (2) bpvs:LC12 - Si se trata de una Persona Natural con RUC sin Negocio, en la pestaña de Finanzas debe colocar el tipo de impuesto "Extranjero"
2022-12-21 13:37:11,771 DEBUG: Validacion finalizada
2022-12-21 13:37:11,772 INFO : Resultado: 8 correctos, 2 errores, 0 inválidos, 8 Socios Procesados -  Total Acumulado: 800
2022-12-21 13:37:11,772 INFO : RUC del 1011 al 1020
2022-12-21 13:37:13,429 DEBUG: Iniciando validacion
2022-12-21 13:37:13,430 DEBUG: Revisando en BD RUC: 20100043140
2022-12-21 13:37:13,490 DEBUG: Revisando ruc: 20100043140
2022-12-21 13:37:13,515 DEBUG: 20030201
2022-12-21 13:37:13,629 DEBUG: Comparando SUNAT con BD
2022-12-21 13:37:14,479 ERROR: Error al actualizar: CardCode-PL20100043140 - -1116: (2) bpvs:LC20 - En la pestaña Direcciones, debe llenar los campos "Calle/Número", "Distrito", "Ciudad", "Departamento" de todas las direcciones
2022-12-21 13:37:14,486 DEBUG: Validacion finalizada
2022-12-21 13:37:14,486 DEBUG: Iniciando validacion
2022-12-21 13:37:14,487 DEBUG: Revisando en BD RUC: 20109969452
2022-12-21 13:37:14,540 DEBUG: Revisando ruc: 20109969452
2022-12-21 13:37:14,558 DEBUG: 20170901
2022-12-21 13:37:14,559 DEBUG: 20121101
2022-12-21 13:37:14,654 DEBUG: Comparando SUNAT con BD
2022-12-21 13:37:15,764 INFO : PL20109969452 actualizado
2022-12-21 13:37:15,775 DEBUG: Validacion finalizada
2022-12-21 13:37:15,776 DEBUG: Iniciando validacion
2022-12-21 13:37:15,783 DEBUG: Revisando en BD RUC: 20433092776
2022-12-21 13:37:15,837 DEBUG: Revisando ruc: 20433092776
2022-12-21 13:37:15,983 DEBUG: Comparando SUNAT con BD
2022-12-21 13:37:17,409 INFO : PL20433092776 actualizado
2022-12-21 13:37:17,417 DEBUG: Validacion finalizada
2022-12-21 13:37:17,418 DEBUG: Iniciando validacion
2022-12-21 13:37:17,419 DEBUG: Revisando en BD RUC: 20111740438
2022-12-21 13:37:17,486 DEBUG: Revisando ruc: 20111740438
2022-12-21 13:37:17,513 DEBUG: 20180401
2022-12-21 13:37:17,514 DEBUG: 20070101
2022-12-21 13:37:17,515 DEBUG: 20160201
2022-12-21 13:37:17,611 DEBUG: Comparando SUNAT con BD
2022-12-21 13:37:18,828 INFO : PL20111740438 actualizado
2022-12-21 13:37:18,836 DEBUG: Validacion finalizada
2022-12-21 13:37:18,837 DEBUG: Iniciando validacion
2022-12-21 13:37:18,838 DEBUG: Revisando en BD RUC: 10211215599
2022-12-21 13:37:18,905 DEBUG: Revisando ruc: 10211215599
2022-12-21 13:37:19,002 DEBUG: Comparando SUNAT con BD
2022-12-21 13:37:20,132 INFO : PL10211215599 actualizado
2022-12-21 13:37:20,141 DEBUG: Validacion finalizada
2022-12-21 13:37:20,141 DEBUG: Iniciando validacion
2022-12-21 13:37:20,142 DEBUG: Revisando en BD RUC: 20206432692
2022-12-21 13:37:20,195 DEBUG: Revisando ruc: 20206432692
2022-12-21 13:37:20,346 DEBUG: Comparando SUNAT con BD
2022-12-21 13:37:21,307 INFO : PL20206432692 actualizado
2022-12-21 13:37:21,314 DEBUG: Validacion finalizada
2022-12-21 13:37:21,314 DEBUG: Iniciando validacion
2022-12-21 13:37:21,315 DEBUG: Revisando en BD RUC: 20526393369
2022-12-21 13:37:21,372 DEBUG: Revisando ruc: 20526393369
2022-12-21 13:37:21,493 DEBUG: Comparando SUNAT con BD
2022-12-21 13:37:22,556 ERROR: Error al actualizar: CardCode-PL20526393369 - -1116: (2) bpvs:LC20 - En la pestaña Direcciones, debe llenar los campos "Calle/Número", "Distrito", "Ciudad", "Departamento" de todas las direcciones
2022-12-21 13:37:22,564 DEBUG: Validacion finalizada
2022-12-21 13:37:22,565 DEBUG: Iniciando validacion
2022-12-21 13:37:22,565 DEBUG: Revisando en BD RUC: 20526394250
2022-12-21 13:37:22,629 DEBUG: Revisando ruc: 20526394250
2022-12-21 13:37:22,751 DEBUG: Comparando SUNAT con BD
2022-12-21 13:37:23,920 INFO : PL20526394250 actualizado
2022-12-21 13:37:23,929 DEBUG: Validacion finalizada
2022-12-21 13:37:23,930 DEBUG: Iniciando validacion
2022-12-21 13:37:23,934 DEBUG: Revisando en BD RUC: 20110169109
2022-12-21 13:37:24,005 DEBUG: Revisando ruc: 20110169109
2022-12-21 13:37:24,027 DEBUG: 20220201
2022-12-21 13:37:24,138 DEBUG: Comparando SUNAT con BD
2022-12-21 13:37:25,695 INFO : PL20110169109 actualizado
2022-12-21 13:37:25,706 DEBUG: Validacion finalizada
2022-12-21 13:37:25,707 DEBUG: Iniciando validacion
2022-12-21 13:37:25,707 DEBUG: Revisando en BD RUC: 20525411401
2022-12-21 13:37:25,771 DEBUG: Revisando ruc: 20525411401
2022-12-21 13:37:25,795 DEBUG: 20160901
2022-12-21 13:37:25,890 DEBUG: Comparando SUNAT con BD
2022-12-21 13:37:27,025 INFO : PL20525411401 actualizado
2022-12-21 13:37:27,036 DEBUG: Validacion finalizada
2022-12-21 13:37:27,036 INFO : Resultado: 8 correctos, 2 errores, 0 inválidos, 8 Socios Procesados -  Total Acumulado: 808
2022-12-21 13:37:27,037 INFO : RUC del 1021 al 1030
2022-12-21 13:37:29,113 DEBUG: Iniciando validacion
2022-12-21 13:37:29,113 DEBUG: Revisando en BD RUC: 20100055661
2022-12-21 13:37:29,172 DEBUG: Revisando ruc: 20100055661
2022-12-21 13:37:29,199 DEBUG: 20020601
2022-12-21 13:37:29,292 DEBUG: Comparando SUNAT con BD
2022-12-21 13:37:30,514 INFO : PL20100055661 actualizado
2022-12-21 13:37:30,519 DEBUG: Validacion finalizada
2022-12-21 13:37:30,519 DEBUG: Iniciando validacion
2022-12-21 13:37:30,528 DEBUG: Revisando en BD RUC: 20131016396
2022-12-21 13:37:30,586 DEBUG: Revisando ruc: 20131016396
2022-12-21 13:37:30,605 DEBUG: 20020601
2022-12-21 13:37:30,715 DEBUG: Comparando SUNAT con BD
2022-12-21 13:37:31,929 INFO : PL20131016396 actualizado
2022-12-21 13:37:31,941 DEBUG: Validacion finalizada
2022-12-21 13:37:31,941 DEBUG: Iniciando validacion
2022-12-21 13:37:31,942 DEBUG: Revisando en BD RUC: 10412443140
2022-12-21 13:37:32,016 DEBUG: Revisando ruc: 10412443140
2022-12-21 13:37:32,123 DEBUG: Comparando SUNAT con BD
2022-12-21 13:37:32,828 ERROR: Error al actualizar: CardCode-PL10412443140 - -1116: (2) bpvs:LC12 - Si se trata de una Persona Natural con RUC sin Negocio, en la pestaña de Finanzas debe colocar el tipo de impuesto "Extranjero"
2022-12-21 13:37:32,837 DEBUG: Validacion finalizada
2022-12-21 13:37:32,838 DEBUG: Iniciando validacion
2022-12-21 13:37:32,838 DEBUG: Revisando en BD RUC: 10801767848
2022-12-21 13:37:32,905 DEBUG: Revisando ruc: 10801767848
2022-12-21 13:37:32,996 DEBUG: Comparando SUNAT con BD
2022-12-21 13:37:34,290 INFO : PL10801767848 actualizado
2022-12-21 13:37:34,297 DEBUG: Validacion finalizada
2022-12-21 13:37:34,297 DEBUG: Iniciando validacion
2022-12-21 13:37:34,298 DEBUG: Revisando en BD RUC: 20530268773
2022-12-21 13:37:34,358 DEBUG: Revisando ruc: 20530268773
2022-12-21 13:37:34,495 DEBUG: Comparando SUNAT con BD
2022-12-21 13:37:35,489 INFO : PL20530268773 actualizado
2022-12-21 13:37:35,500 DEBUG: Validacion finalizada
2022-12-21 13:37:35,500 DEBUG: Iniciando validacion
2022-12-21 13:37:35,501 DEBUG: Revisando en BD RUC: 20308491081
2022-12-21 13:37:35,569 DEBUG: Revisando ruc: 20308491081
2022-12-21 13:37:35,683 DEBUG: Comparando SUNAT con BD
2022-12-21 13:37:36,942 INFO : PL20308491081 actualizado
2022-12-21 13:37:36,948 DEBUG: Validacion finalizada
2022-12-21 13:37:36,948 DEBUG: Iniciando validacion
2022-12-21 13:37:36,949 DEBUG: Revisando en BD RUC: 20602392661
2022-12-21 13:37:37,011 DEBUG: Revisando ruc: 20602392661
2022-12-21 13:37:37,131 DEBUG: Comparando SUNAT con BD
2022-12-21 13:37:38,109 INFO : PL20602392661 actualizado
2022-12-21 13:37:38,114 DEBUG: Validacion finalizada
2022-12-21 13:37:38,114 DEBUG: Iniciando validacion
2022-12-21 13:37:38,116 DEBUG: Revisando en BD RUC: 20600979559
2022-12-21 13:37:38,183 DEBUG: Revisando ruc: 20600979559
2022-12-21 13:37:38,299 DEBUG: Comparando SUNAT con BD
2022-12-21 13:37:39,267 INFO : PL20600979559 actualizado
2022-12-21 13:37:39,274 DEBUG: Validacion finalizada
2022-12-21 13:37:39,275 DEBUG: Iniciando validacion
2022-12-21 13:37:39,280 DEBUG: Revisando en BD RUC: 20100114349
2022-12-21 13:37:39,336 DEBUG: Revisando ruc: 20100114349
2022-12-21 13:37:39,357 DEBUG: 20020601
2022-12-21 13:37:39,461 DEBUG: Comparando SUNAT con BD
2022-12-21 13:37:40,875 INFO : PL20100114349 actualizado
2022-12-21 13:37:40,883 DEBUG: Validacion finalizada
2022-12-21 13:37:40,884 DEBUG: Iniciando validacion
2022-12-21 13:37:40,885 DEBUG: Revisando en BD RUC: 20100166578
2022-12-21 13:37:40,959 DEBUG: Revisando ruc: 20100166578
2022-12-21 13:37:40,981 DEBUG: 20020601
2022-12-21 13:37:40,981 DEBUG: 20051102
2022-12-21 13:37:41,091 DEBUG: Comparando SUNAT con BD
2022-12-21 13:37:42,332 INFO : PL20100166578 actualizado
2022-12-21 13:37:42,342 DEBUG: Validacion finalizada
2022-12-21 13:37:42,345 INFO : Resultado: 9 correctos, 1 errores, 0 inválidos, 9 Socios Procesados -  Total Acumulado: 817
2022-12-21 13:37:42,345 INFO : RUC del 1031 al 1040
2022-12-21 13:37:44,019 DEBUG: Iniciando validacion
2022-12-21 13:37:44,019 DEBUG: Revisando en BD RUC: 20526375034
2022-12-21 13:37:44,073 DEBUG: Revisando ruc: 20526375034
2022-12-21 13:37:44,188 DEBUG: Comparando SUNAT con BD
2022-12-21 13:37:45,144 ERROR: Error al actualizar: CardCode-PL20526375034 - -1116: (2) bpvs:LC20 - En la pestaña Direcciones, debe llenar los campos "Calle/Número", "Distrito", "Ciudad", "Departamento" de todas las direcciones
2022-12-21 13:37:45,154 DEBUG: Validacion finalizada
2022-12-21 13:37:45,155 DEBUG: Iniciando validacion
2022-12-21 13:37:45,156 DEBUG: Revisando en BD RUC: 20525476791
2022-12-21 13:37:45,215 DEBUG: Revisando ruc: 20525476791
2022-12-21 13:37:45,323 DEBUG: Comparando SUNAT con BD
2022-12-21 13:37:46,429 INFO : PL20525476791 actualizado
2022-12-21 13:37:46,437 DEBUG: Validacion finalizada
2022-12-21 13:37:46,440 DEBUG: Iniciando validacion
2022-12-21 13:37:46,443 DEBUG: Revisando en BD RUC: 20555863731
2022-12-21 13:37:46,512 DEBUG: Revisando ruc: 20555863731
2022-12-21 13:37:46,632 DEBUG: Comparando SUNAT con BD
2022-12-21 13:37:47,700 INFO : PL20555863731 actualizado
2022-12-21 13:37:47,708 DEBUG: Validacion finalizada
2022-12-21 13:37:47,709 DEBUG: Iniciando validacion
2022-12-21 13:37:47,711 DEBUG: Revisando en BD RUC: 10460323032
2022-12-21 13:37:47,778 DEBUG: Revisando ruc: 10460323032
2022-12-21 13:37:47,864 DEBUG: Comparando SUNAT con BD
2022-12-21 13:37:48,837 ERROR: Error al actualizar: CardCode-PL10460323032 - -1116: (2) bpvs:LC12 - Si se trata de una Persona Natural con RUC sin Negocio, en la pestaña de Finanzas debe colocar el tipo de impuesto "Extranjero"
2022-12-21 13:37:48,845 DEBUG: Validacion finalizada
2022-12-21 13:37:48,845 DEBUG: Iniciando validacion
2022-12-21 13:37:48,846 DEBUG: Revisando en BD RUC: 20550894859
2022-12-21 13:37:48,911 DEBUG: Revisando ruc: 20550894859
2022-12-21 13:37:49,041 DEBUG: Comparando SUNAT con BD
2022-12-21 13:37:50,160 INFO : PL20550894859 actualizado
2022-12-21 13:37:50,165 DEBUG: Validacion finalizada
2022-12-21 13:37:50,166 DEBUG: Iniciando validacion
2022-12-21 13:37:50,169 DEBUG: Revisando en BD RUC: 20553320021
2022-12-21 13:37:50,234 DEBUG: Revisando ruc: 20553320021
2022-12-21 13:37:50,364 DEBUG: Comparando SUNAT con BD
2022-12-21 13:37:51,556 INFO : PL20553320021 actualizado
2022-12-21 13:37:51,562 DEBUG: Validacion finalizada
2022-12-21 13:37:51,562 DEBUG: Iniciando validacion
2022-12-21 13:37:51,564 DEBUG: Revisando en BD RUC: 20356264411
2022-12-21 13:37:51,616 DEBUG: Revisando ruc: 20356264411
2022-12-21 13:37:51,747 DEBUG: Comparando SUNAT con BD
2022-12-21 13:37:52,956 INFO : PL20356264411 actualizado
2022-12-21 13:37:52,966 DEBUG: Validacion finalizada
2022-12-21 13:37:52,966 DEBUG: Iniciando validacion
2022-12-21 13:37:52,968 DEBUG: Revisando en BD RUC: 20530313078
2022-12-21 13:37:53,026 DEBUG: Revisando ruc: 20530313078
2022-12-21 13:37:53,149 DEBUG: Comparando SUNAT con BD
2022-12-21 13:37:54,427 INFO : PL20530313078 actualizado
2022-12-21 13:37:54,437 DEBUG: Validacion finalizada
2022-12-21 13:37:54,438 DEBUG: Iniciando validacion
2022-12-21 13:37:54,440 DEBUG: Revisando en BD RUC: 20526154291
2022-12-21 13:37:54,508 DEBUG: Revisando ruc: 20526154291
2022-12-21 13:37:54,643 DEBUG: Comparando SUNAT con BD
2022-12-21 13:37:56,042 INFO : PL20526154291 actualizado
2022-12-21 13:37:56,048 DEBUG: Validacion finalizada
2022-12-21 13:37:56,048 DEBUG: Iniciando validacion
2022-12-21 13:37:56,049 DEBUG: Revisando en BD RUC: 20601153964
2022-12-21 13:37:56,103 DEBUG: Revisando ruc: 20601153964
2022-12-21 13:37:56,229 DEBUG: Comparando SUNAT con BD
2022-12-21 13:37:57,466 INFO : PL20601153964 actualizado
2022-12-21 13:37:57,475 DEBUG: Validacion finalizada
2022-12-21 13:37:57,475 INFO : Resultado: 8 correctos, 2 errores, 0 inválidos, 8 Socios Procesados -  Total Acumulado: 825
2022-12-21 13:37:57,476 INFO : RUC del 1041 al 1050
2022-12-21 13:37:59,711 DEBUG: Iniciando validacion
2022-12-21 13:37:59,711 DEBUG: Revisando en BD RUC: 20100176450
2022-12-21 13:37:59,768 DEBUG: Revisando ruc: 20100176450
2022-12-21 13:37:59,793 DEBUG: 20020601
2022-12-21 13:37:59,794 DEBUG: 20060401
2022-12-21 13:37:59,885 DEBUG: Comparando SUNAT con BD
2022-12-21 13:38:00,840 ERROR: Error al actualizar: CardCode-PL20100176450 - -1116: (2) bpvs:LC20 - En la pestaña Direcciones, debe llenar los campos "Calle/Número", "Distrito", "Ciudad", "Departamento" de todas las direcciones
2022-12-21 13:38:00,850 DEBUG: Validacion finalizada
2022-12-21 13:38:00,850 DEBUG: Iniciando validacion
2022-12-21 13:38:00,852 DEBUG: Revisando en BD RUC: 20211040352
2022-12-21 13:38:00,918 DEBUG: Revisando ruc: 20211040352
2022-12-21 13:38:00,934 DEBUG: 20220201
2022-12-21 13:38:00,935 DEBUG: 20121101
2022-12-21 13:38:00,936 DEBUG: 20160201
2022-12-21 13:38:01,033 DEBUG: Comparando SUNAT con BD
2022-12-21 13:38:02,122 INFO : PL20211040352 actualizado
2022-12-21 13:38:02,128 DEBUG: Validacion finalizada
2022-12-21 13:38:02,128 DEBUG: Iniciando validacion
2022-12-21 13:38:02,130 DEBUG: Revisando en BD RUC: 20100365341
2022-12-21 13:38:02,210 DEBUG: Revisando ruc: 20100365341
2022-12-21 13:38:02,230 DEBUG: 20140301
2022-12-21 13:38:02,326 DEBUG: Comparando SUNAT con BD
2022-12-21 13:38:03,352 ERROR: Error al actualizar: CardCode-PL20100365341 - -1116: (2) bpvs:LC20 - En la pestaña Direcciones, debe llenar los campos "Calle/Número", "Distrito", "Ciudad", "Departamento" de todas las direcciones
2022-12-21 13:38:03,359 DEBUG: Validacion finalizada
2022-12-21 13:38:03,360 DEBUG: Iniciando validacion
2022-12-21 13:38:03,360 DEBUG: Revisando en BD RUC: 20101281371
2022-12-21 13:38:03,432 DEBUG: Revisando ruc: 20101281371
2022-12-21 13:38:03,449 DEBUG: 20220201
2022-12-21 13:38:03,547 DEBUG: Comparando SUNAT con BD
2022-12-21 13:38:04,554 INFO : PL20101281371 actualizado
2022-12-21 13:38:04,562 DEBUG: Validacion finalizada
2022-12-21 13:38:04,563 DEBUG: Iniciando validacion
2022-12-21 13:38:04,564 DEBUG: Revisando en BD RUC: 20100421195
2022-12-21 13:38:04,631 DEBUG: Revisando ruc: 20100421195
2022-12-21 13:38:04,788 DEBUG: Comparando SUNAT con BD
2022-12-21 13:38:06,259 INFO : PL20100421195 actualizado
2022-12-21 13:38:06,265 DEBUG: Validacion finalizada
2022-12-21 13:38:06,266 DEBUG: Iniciando validacion
2022-12-21 13:38:06,267 DEBUG: Revisando en BD RUC: 20555949708
2022-12-21 13:38:06,327 DEBUG: Revisando ruc: 20555949708
2022-12-21 13:38:06,435 DEBUG: Comparando SUNAT con BD
2022-12-21 13:38:07,491 ERROR: Error al actualizar: CardCode-PL20555949708 - -1116: (2) bpvs:LC20 - En la pestaña Direcciones, debe llenar los campos "Calle/Número", "Distrito", "Ciudad", "Departamento" de todas las direcciones
2022-12-21 13:38:07,499 DEBUG: Validacion finalizada
2022-12-21 13:38:07,499 DEBUG: Iniciando validacion
2022-12-21 13:38:07,500 DEBUG: Revisando en BD RUC: 10179357190
2022-12-21 13:38:07,560 DEBUG: Revisando ruc: 10179357190
2022-12-21 13:38:07,655 DEBUG: Comparando SUNAT con BD
2022-12-21 13:38:09,012 INFO : PL10179357190 actualizado
2022-12-21 13:38:09,019 DEBUG: Validacion finalizada
2022-12-21 13:38:09,019 DEBUG: Iniciando validacion
2022-12-21 13:38:09,020 DEBUG: Revisando en BD RUC: 20516577488
2022-12-21 13:38:09,076 DEBUG: Revisando ruc: 20516577488
2022-12-21 13:38:09,188 DEBUG: Comparando SUNAT con BD
2022-12-21 13:38:10,159 INFO : PL20516577488 actualizado
2022-12-21 13:38:10,170 DEBUG: Validacion finalizada
2022-12-21 13:38:10,171 DEBUG: Iniciando validacion
2022-12-21 13:38:10,173 DEBUG: Revisando en BD RUC: 20560053151
2022-12-21 13:38:10,238 DEBUG: Revisando ruc: 20560053151
2022-12-21 13:38:10,358 DEBUG: Comparando SUNAT con BD
2022-12-21 13:38:11,618 INFO : PL20560053151 actualizado
2022-12-21 13:38:11,623 DEBUG: Validacion finalizada
2022-12-21 13:38:11,623 DEBUG: Iniciando validacion
2022-12-21 13:38:11,624 DEBUG: Revisando en BD RUC: 20526279825
2022-12-21 13:38:11,698 DEBUG: Revisando ruc: 20526279825
2022-12-21 13:38:11,817 DEBUG: Comparando SUNAT con BD
2022-12-21 13:38:13,149 INFO : PL20526279825 actualizado
2022-12-21 13:38:13,155 DEBUG: Validacion finalizada
2022-12-21 13:38:13,156 INFO : Resultado: 7 correctos, 3 errores, 0 inválidos, 7 Socios Procesados -  Total Acumulado: 832
2022-12-21 13:38:13,157 INFO : RUC del 1051 al 1060
2022-12-21 13:38:15,067 DEBUG: Iniciando validacion
2022-12-21 13:38:15,068 DEBUG: Revisando en BD RUC: 10165907812
2022-12-21 13:38:15,122 DEBUG: Revisando ruc: 10165907812
2022-12-21 13:38:15,208 DEBUG: Comparando SUNAT con BD
2022-12-21 13:38:16,224 ERROR: Error al actualizar: CardCode-PL10165907812 - -1116: (2) bpvs:FE03 - La dirección de facturación por defecto debe de tener un ubigueo definido.
2022-12-21 13:38:16,239 DEBUG: Validacion finalizada
2022-12-21 13:38:16,239 DEBUG: Iniciando validacion
2022-12-21 13:38:16,240 DEBUG: Revisando en BD RUC: 20526083335
2022-12-21 13:38:16,309 DEBUG: Revisando ruc: 20526083335
2022-12-21 13:38:16,424 DEBUG: Comparando SUNAT con BD
2022-12-21 13:38:17,389 INFO : PL20526083335 actualizado
2022-12-21 13:38:17,395 DEBUG: Validacion finalizada
2022-12-21 13:38:17,396 DEBUG: Iniciando validacion
2022-12-21 13:38:17,397 DEBUG: Revisando en BD RUC: 20111064394
2022-12-21 13:38:17,460 DEBUG: Revisando ruc: 20111064394
2022-12-21 13:38:17,485 DEBUG: 20220201
2022-12-21 13:38:17,570 DEBUG: Comparando SUNAT con BD
2022-12-21 13:38:18,861 INFO : PL20111064394 actualizado
2022-12-21 13:38:18,869 DEBUG: Validacion finalizada
2022-12-21 13:38:18,869 DEBUG: Iniciando validacion
2022-12-21 13:38:18,871 DEBUG: Revisando en BD RUC: 20601849845
2022-12-21 13:38:18,931 DEBUG: Revisando ruc: 20601849845
2022-12-21 13:38:19,057 DEBUG: Comparando SUNAT con BD
2022-12-21 13:38:20,443 INFO : PL20601849845 actualizado
2022-12-21 13:38:20,450 DEBUG: Validacion finalizada
2022-12-21 13:38:20,450 DEBUG: Iniciando validacion
2022-12-21 13:38:20,451 DEBUG: Revisando en BD RUC: 20534470402
2022-12-21 13:38:20,512 DEBUG: Revisando ruc: 20534470402
2022-12-21 13:38:20,631 DEBUG: Comparando SUNAT con BD
2022-12-21 13:38:21,777 INFO : PL20534470402 actualizado
2022-12-21 13:38:21,791 DEBUG: Validacion finalizada
2022-12-21 13:38:21,791 DEBUG: Iniciando validacion
2022-12-21 13:38:21,792 DEBUG: Revisando en BD RUC: 20529837462
2022-12-21 13:38:21,866 DEBUG: Revisando ruc: 20529837462
2022-12-21 13:38:21,993 DEBUG: Comparando SUNAT con BD
2022-12-21 13:38:23,210 INFO : PL20529837462 actualizado
2022-12-21 13:38:23,216 DEBUG: Validacion finalizada
2022-12-21 13:38:23,216 DEBUG: Iniciando validacion
2022-12-21 13:38:23,217 DEBUG: Revisando en BD RUC: 20604163936
2022-12-21 13:38:23,281 DEBUG: Revisando ruc: 20604163936
2022-12-21 13:38:23,403 DEBUG: Comparando SUNAT con BD
2022-12-21 13:38:24,528 INFO : PL20604163936 actualizado
2022-12-21 13:38:24,534 DEBUG: Validacion finalizada
2022-12-21 13:38:24,534 DEBUG: Iniciando validacion
2022-12-21 13:38:24,535 DEBUG: Revisando en BD RUC: 20125327509
2022-12-21 13:38:24,592 DEBUG: Revisando ruc: 20125327509
2022-12-21 13:38:24,606 DEBUG: 20020601
2022-12-21 13:38:24,705 DEBUG: Comparando SUNAT con BD
2022-12-21 13:38:26,072 INFO : PL20125327509 actualizado
2022-12-21 13:38:26,078 DEBUG: Validacion finalizada
2022-12-21 13:38:26,080 DEBUG: Iniciando validacion
2022-12-21 13:38:26,081 DEBUG: Revisando en BD RUC: 20542906597
2022-12-21 13:38:26,137 DEBUG: Revisando ruc: 20542906597
2022-12-21 13:38:26,260 DEBUG: Comparando SUNAT con BD
2022-12-21 13:38:27,241 INFO : PL20542906597 actualizado
2022-12-21 13:38:27,250 DEBUG: Validacion finalizada
2022-12-21 13:38:27,250 DEBUG: Iniciando validacion
2022-12-21 13:38:27,251 DEBUG: Revisando en BD RUC: 20529996188
2022-12-21 13:38:27,316 DEBUG: Revisando ruc: 20529996188
2022-12-21 13:38:27,436 DEBUG: Comparando SUNAT con BD
2022-12-21 13:38:28,616 INFO : PL20529996188 actualizado
2022-12-21 13:38:28,624 DEBUG: Validacion finalizada
2022-12-21 13:38:28,625 INFO : Resultado: 9 correctos, 1 errores, 0 inválidos, 9 Socios Procesados -  Total Acumulado: 841
2022-12-21 13:38:28,626 INFO : RUC del 1061 al 1070
2022-12-21 13:38:29,875 DEBUG: Iniciando validacion
2022-12-21 13:38:29,875 DEBUG: Revisando en BD RUC: 20603239238
2022-12-21 13:38:29,934 DEBUG: Revisando ruc: 20603239238
2022-12-21 13:38:30,051 DEBUG: Comparando SUNAT con BD
2022-12-21 13:38:31,061 INFO : PL20603239238 actualizado
2022-12-21 13:38:31,072 DEBUG: Validacion finalizada
2022-12-21 13:38:31,072 DEBUG: Iniciando validacion
2022-12-21 13:38:31,075 DEBUG: Revisando en BD RUC: 20501842771
2022-12-21 13:38:31,149 DEBUG: Revisando ruc: 20501842771
2022-12-21 13:38:31,266 DEBUG: Comparando SUNAT con BD
2022-12-21 13:38:32,216 ERROR: Error al actualizar: CardCode-PL20501842771 - -1116: (2) bpvs:LC20 - En la pestaña Direcciones, debe llenar los campos "Calle/Número", "Distrito", "Ciudad", "Departamento" de todas las direcciones
2022-12-21 13:38:32,225 DEBUG: Validacion finalizada
2022-12-21 13:38:32,225 DEBUG: Iniciando validacion
2022-12-21 13:38:32,227 DEBUG: Revisando en BD RUC: 20115915828
2022-12-21 13:38:32,298 DEBUG: Revisando ruc: 20115915828
2022-12-21 13:38:32,432 DEBUG: Comparando SUNAT con BD
2022-12-21 13:38:33,600 INFO : PL20115915828 actualizado
2022-12-21 13:38:33,608 DEBUG: Validacion finalizada
2022-12-21 13:38:33,609 DEBUG: Iniciando validacion
2022-12-21 13:38:33,610 DEBUG: Revisando en BD RUC: 20543499391
2022-12-21 13:38:33,692 DEBUG: Revisando ruc: 20543499391
2022-12-21 13:38:33,807 DEBUG: Comparando SUNAT con BD
2022-12-21 13:38:34,730 ERROR: Error al actualizar: CardCode-PL20543499391 - -1116: (2) bpvs:LC20 - En la pestaña Direcciones, debe llenar los campos "Calle/Número", "Distrito", "Ciudad", "Departamento" de todas las direcciones
2022-12-21 13:38:34,739 DEBUG: Validacion finalizada
2022-12-21 13:38:34,740 DEBUG: Iniciando validacion
2022-12-21 13:38:34,741 DEBUG: Revisando en BD RUC: 20603859244
2022-12-21 13:38:34,882 DEBUG: Revisando ruc: 20603859244
2022-12-21 13:38:35,018 DEBUG: Comparando SUNAT con BD
2022-12-21 13:38:36,009 INFO : PL20603859244 actualizado
2022-12-21 13:38:36,020 DEBUG: Validacion finalizada
2022-12-21 13:38:36,021 DEBUG: Iniciando validacion
2022-12-21 13:38:36,022 DEBUG: Revisando en BD RUC: 20544144121
2022-12-21 13:38:36,088 DEBUG: Revisando ruc: 20544144121
2022-12-21 13:38:36,108 DEBUG: 20160901
2022-12-21 13:38:36,197 DEBUG: Comparando SUNAT con BD
2022-12-21 13:38:37,207 INFO : PL20544144121 actualizado
2022-12-21 13:38:37,215 DEBUG: Validacion finalizada
2022-12-21 13:38:37,216 DEBUG: Iniciando validacion
2022-12-21 13:38:37,217 DEBUG: Revisando en BD RUC: 20507012044
2022-12-21 13:38:37,286 DEBUG: Revisando ruc: 20507012044
2022-12-21 13:38:37,423 DEBUG: Comparando SUNAT con BD
2022-12-21 13:38:38,398 INFO : PL20507012044 actualizado
2022-12-21 13:38:38,408 DEBUG: Validacion finalizada
2022-12-21 13:38:38,408 DEBUG: Iniciando validacion
2022-12-21 13:38:38,409 DEBUG: Revisando en BD RUC: 20602880266
2022-12-21 13:38:38,483 DEBUG: Revisando ruc: 20602880266
2022-12-21 13:38:38,606 DEBUG: Comparando SUNAT con BD
2022-12-21 13:38:39,799 INFO : PL20602880266 actualizado
2022-12-21 13:38:39,805 DEBUG: Validacion finalizada
2022-12-21 13:38:39,805 DEBUG: Iniciando validacion
2022-12-21 13:38:39,807 DEBUG: Revisando en BD RUC: 20526426046
2022-12-21 13:38:39,875 DEBUG: Revisando ruc: 20526426046
2022-12-21 13:38:39,989 DEBUG: Comparando SUNAT con BD
2022-12-21 13:38:41,253 INFO : PL20526426046 actualizado
2022-12-21 13:38:41,262 DEBUG: Validacion finalizada
2022-12-21 13:38:41,264 DEBUG: Iniciando validacion
2022-12-21 13:38:41,268 DEBUG: Revisando en BD RUC: 20545198429
2022-12-21 13:38:41,328 DEBUG: Revisando ruc: 20545198429
2022-12-21 13:38:41,461 DEBUG: Comparando SUNAT con BD
2022-12-21 13:38:42,792 INFO : PL20545198429 actualizado
2022-12-21 13:38:42,798 DEBUG: Validacion finalizada
2022-12-21 13:38:42,799 INFO : Resultado: 8 correctos, 2 errores, 0 inválidos, 8 Socios Procesados -  Total Acumulado: 849
2022-12-21 13:38:42,800 INFO : RUC del 1071 al 1080
2022-12-21 13:38:44,050 DEBUG: Iniciando validacion
2022-12-21 13:38:44,051 DEBUG: Revisando en BD RUC: 10729471467
2022-12-21 13:38:44,113 DEBUG: Revisando ruc: 10729471467
2022-12-21 13:38:44,198 DEBUG: Comparando SUNAT con BD
2022-12-21 13:38:45,594 INFO : PL10729471467 actualizado
2022-12-21 13:38:45,603 DEBUG: Validacion finalizada
2022-12-21 13:38:45,604 DEBUG: Iniciando validacion
2022-12-21 13:38:45,607 DEBUG: Revisando en BD RUC: 20259814210
2022-12-21 13:38:45,673 DEBUG: Revisando ruc: 20259814210
2022-12-21 13:38:45,702 DEBUG: 20170901
2022-12-21 13:38:45,702 DEBUG: 20020601
2022-12-21 13:38:45,796 DEBUG: Comparando SUNAT con BD
2022-12-21 13:38:47,048 INFO : PL20259814210 actualizado
2022-12-21 13:38:47,054 DEBUG: Validacion finalizada
2022-12-21 13:38:47,054 DEBUG: Iniciando validacion
2022-12-21 13:38:47,056 DEBUG: Revisando en BD RUC: 20529897872
2022-12-21 13:38:47,119 DEBUG: Revisando ruc: 20529897872
2022-12-21 13:38:47,240 DEBUG: Comparando SUNAT con BD
2022-12-21 13:38:48,579 INFO : PL20529897872 actualizado
2022-12-21 13:38:48,589 DEBUG: Validacion finalizada
2022-12-21 13:38:48,590 DEBUG: Iniciando validacion
2022-12-21 13:38:48,592 DEBUG: Revisando en BD RUC: 20526280165
2022-12-21 13:38:48,655 DEBUG: Revisando ruc: 20526280165
2022-12-21 13:38:48,782 DEBUG: Comparando SUNAT con BD
2022-12-21 13:38:50,177 INFO : PL20526280165 actualizado
2022-12-21 13:38:50,183 DEBUG: Validacion finalizada
2022-12-21 13:38:50,184 DEBUG: Iniciando validacion
2022-12-21 13:38:50,184 DEBUG: Revisando en BD RUC: 20432295754
2022-12-21 13:38:50,244 DEBUG: Revisando ruc: 20432295754
2022-12-21 13:38:50,362 DEBUG: Comparando SUNAT con BD
2022-12-21 13:38:51,678 INFO : PL20432295754 actualizado
2022-12-21 13:38:51,688 DEBUG: Validacion finalizada
2022-12-21 13:38:51,688 DEBUG: Iniciando validacion
2022-12-21 13:38:51,689 DEBUG: Revisando en BD RUC: 20601494427
2022-12-21 13:38:51,748 DEBUG: Revisando ruc: 20601494427
2022-12-21 13:38:51,868 DEBUG: Comparando SUNAT con BD
2022-12-21 13:38:53,218 INFO : PL20601494427 actualizado
2022-12-21 13:38:53,225 DEBUG: Validacion finalizada
2022-12-21 13:38:53,225 DEBUG: Iniciando validacion
2022-12-21 13:38:53,226 DEBUG: Revisando en BD RUC: 20517909875
2022-12-21 13:38:53,293 DEBUG: Revisando ruc: 20517909875
2022-12-21 13:38:53,418 DEBUG: Comparando SUNAT con BD
2022-12-21 13:38:54,420 INFO : PL20517909875 actualizado
2022-12-21 13:38:54,425 DEBUG: Validacion finalizada
2022-12-21 13:38:54,425 DEBUG: Iniciando validacion
2022-12-21 13:38:54,426 DEBUG: Revisando en BD RUC: 20603752091
2022-12-21 13:38:54,488 DEBUG: Revisando ruc: 20603752091
2022-12-21 13:38:54,615 DEBUG: Comparando SUNAT con BD
2022-12-21 13:38:55,973 INFO : PL20603752091 actualizado
2022-12-21 13:38:55,983 DEBUG: Validacion finalizada
2022-12-21 13:38:55,984 DEBUG: Iniciando validacion
2022-12-21 13:38:55,986 DEBUG: Revisando en BD RUC: 20601659248
2022-12-21 13:38:56,053 DEBUG: Revisando ruc: 20601659248
2022-12-21 13:38:56,092 DEBUG: 20191201
2022-12-21 13:38:56,204 DEBUG: Comparando SUNAT con BD
2022-12-21 13:38:57,161 INFO : PL20601659248 actualizado
2022-12-21 13:38:57,174 DEBUG: Validacion finalizada
2022-12-21 13:38:57,174 DEBUG: Iniciando validacion
2022-12-21 13:38:57,175 DEBUG: Revisando en BD RUC: 20513594705
2022-12-21 13:38:57,235 DEBUG: Revisando ruc: 20513594705
2022-12-21 13:38:57,343 DEBUG: Comparando SUNAT con BD
2022-12-21 13:38:58,454 INFO : PL20513594705 actualizado
2022-12-21 13:38:58,459 DEBUG: Validacion finalizada
2022-12-21 13:38:58,459 INFO : Resultado: 10 correctos, 0 errores, 0 inválidos, 10 Socios Procesados -  Total Acumulado: 859
2022-12-21 13:38:58,460 INFO : RUC del 1081 al 1090
2022-12-21 13:39:00,246 DEBUG: Iniciando validacion
2022-12-21 13:39:00,246 DEBUG: Revisando en BD RUC: 20502132343
2022-12-21 13:39:00,321 DEBUG: Revisando ruc: 20502132343
2022-12-21 13:39:00,438 DEBUG: Comparando SUNAT con BD
2022-12-21 13:39:01,770 INFO : PL20502132343 actualizado
2022-12-21 13:39:01,777 DEBUG: Validacion finalizada
2022-12-21 13:39:01,777 DEBUG: Iniciando validacion
2022-12-21 13:39:01,778 DEBUG: Revisando en BD RUC: 20601834813
2022-12-21 13:39:01,847 DEBUG: Revisando ruc: 20601834813
2022-12-21 13:39:01,869 DEBUG: 20191201
2022-12-21 13:39:01,973 DEBUG: Comparando SUNAT con BD
2022-12-21 13:39:02,961 INFO : PL20601834813 actualizado
2022-12-21 13:39:02,969 DEBUG: Validacion finalizada
2022-12-21 13:39:02,969 DEBUG: Iniciando validacion
2022-12-21 13:39:02,970 DEBUG: Revisando en BD RUC: 20601969255
2022-12-21 13:39:03,023 DEBUG: Revisando ruc: 20601969255
2022-12-21 13:39:03,158 DEBUG: Comparando SUNAT con BD
2022-12-21 13:39:04,284 INFO : PL20601969255 actualizado
2022-12-21 13:39:04,316 DEBUG: Validacion finalizada
2022-12-21 13:39:04,317 DEBUG: Iniciando validacion
2022-12-21 13:39:04,319 DEBUG: Revisando en BD RUC: 20101128777
2022-12-21 13:39:04,401 DEBUG: Revisando ruc: 20101128777
2022-12-21 13:39:04,419 DEBUG: 20020601
2022-12-21 13:39:04,527 DEBUG: Comparando SUNAT con BD
2022-12-21 13:39:05,905 INFO : PL20101128777 actualizado
2022-12-21 13:39:05,911 DEBUG: Validacion finalizada
2022-12-21 13:39:05,912 DEBUG: Iniciando validacion
2022-12-21 13:39:05,913 DEBUG: Revisando en BD RUC: 20600395832
2022-12-21 13:39:05,987 DEBUG: Revisando ruc: 20600395832
2022-12-21 13:39:06,113 DEBUG: Comparando SUNAT con BD
2022-12-21 13:39:07,083 INFO : PL20600395832 actualizado
2022-12-21 13:39:07,092 DEBUG: Validacion finalizada
2022-12-21 13:39:07,092 DEBUG: Iniciando validacion
2022-12-21 13:39:07,093 DEBUG: Revisando en BD RUC: 20548707529
2022-12-21 13:39:07,163 DEBUG: Revisando ruc: 20548707529
2022-12-21 13:39:07,291 DEBUG: Comparando SUNAT con BD
2022-12-21 13:39:08,618 INFO : PL20548707529 actualizado
2022-12-21 13:39:08,628 DEBUG: Validacion finalizada
2022-12-21 13:39:08,628 DEBUG: Iniciando validacion
2022-12-21 13:39:08,629 DEBUG: Revisando en BD RUC: 20522974944
2022-12-21 13:39:08,689 DEBUG: Revisando ruc: 20522974944
2022-12-21 13:39:08,733 DEBUG: 20220201
2022-12-21 13:39:08,830 DEBUG: Comparando SUNAT con BD
2022-12-21 13:39:09,926 ERROR: Error al actualizar: CardCode-PL20522974944 - -1116: (2) bpvs:LC20 - En la pestaña Direcciones, debe llenar los campos "Calle/Número", "Distrito", "Ciudad", "Departamento" de todas las direcciones
2022-12-21 13:39:09,942 DEBUG: Validacion finalizada
2022-12-21 13:39:09,942 DEBUG: Iniciando validacion
2022-12-21 13:39:09,943 DEBUG: Revisando en BD RUC: 20530180680
2022-12-21 13:39:09,999 DEBUG: Revisando ruc: 20530180680
2022-12-21 13:39:10,116 DEBUG: Comparando SUNAT con BD
2022-12-21 13:39:11,106 INFO : PL20530180680 actualizado
2022-12-21 13:39:11,118 DEBUG: Validacion finalizada
2022-12-21 13:39:11,118 DEBUG: Iniciando validacion
2022-12-21 13:39:11,119 DEBUG: Revisando en BD RUC: 20604540594
2022-12-21 13:39:11,195 DEBUG: Revisando ruc: 20604540594
2022-12-21 13:39:11,314 DEBUG: Comparando SUNAT con BD
2022-12-21 13:39:12,711 INFO : PL20604540594 actualizado
2022-12-21 13:39:12,719 DEBUG: Validacion finalizada
2022-12-21 13:39:12,720 DEBUG: Iniciando validacion
2022-12-21 13:39:12,721 DEBUG: Revisando en BD RUC: 20602895701
2022-12-21 13:39:12,816 DEBUG: Revisando ruc: 20602895701
2022-12-21 13:39:12,935 DEBUG: Comparando SUNAT con BD
2022-12-21 13:39:13,954 INFO : PL20602895701 actualizado
2022-12-21 13:39:13,959 DEBUG: Validacion finalizada
2022-12-21 13:39:13,959 INFO : Resultado: 9 correctos, 1 errores, 0 inválidos, 9 Socios Procesados -  Total Acumulado: 868
2022-12-21 13:39:13,960 INFO : RUC del 1091 al 1100
2022-12-21 13:39:15,749 DEBUG: Iniciando validacion
2022-12-21 13:39:15,749 DEBUG: Revisando en BD RUC: 20530317499
2022-12-21 13:39:15,806 DEBUG: Revisando ruc: 20530317499
2022-12-21 13:39:15,932 DEBUG: Comparando SUNAT con BD
2022-12-21 13:39:17,135 INFO : PL20530317499 actualizado
2022-12-21 13:39:17,143 DEBUG: Validacion finalizada
2022-12-21 13:39:17,144 DEBUG: Iniciando validacion
2022-12-21 13:39:17,150 DEBUG: Revisando en BD RUC: 20507417966
2022-12-21 13:39:17,216 DEBUG: Revisando ruc: 20507417966
2022-12-21 13:39:17,231 DEBUG: 20220201
2022-12-21 13:39:17,327 DEBUG: Comparando SUNAT con BD
2022-12-21 13:39:18,262 INFO : PL20507417966 actualizado
2022-12-21 13:39:18,269 DEBUG: Validacion finalizada
2022-12-21 13:39:18,270 DEBUG: Iniciando validacion
2022-12-21 13:39:18,272 DEBUG: Revisando en BD RUC: 20529983281
2022-12-21 13:39:18,344 DEBUG: Revisando ruc: 20529983281
2022-12-21 13:39:18,452 DEBUG: Comparando SUNAT con BD
2022-12-21 13:39:19,511 ERROR: Error al actualizar: CardCode-PL20529983281 - -1116: (2) bpvs:LC20 - En la pestaña Direcciones, debe llenar los campos "Calle/Número", "Distrito", "Ciudad", "Departamento" de todas las direcciones
2022-12-21 13:39:19,541 DEBUG: Validacion finalizada
2022-12-21 13:39:19,541 DEBUG: Iniciando validacion
2022-12-21 13:39:19,542 DEBUG: Revisando en BD RUC: 20604085307
2022-12-21 13:39:19,618 DEBUG: Revisando ruc: 20604085307
2022-12-21 13:39:19,644 DEBUG: 20220201
2022-12-21 13:39:19,731 DEBUG: Comparando SUNAT con BD
2022-12-21 13:39:20,845 INFO : PL20604085307 actualizado
2022-12-21 13:39:20,851 DEBUG: Validacion finalizada
2022-12-21 13:39:20,851 DEBUG: Iniciando validacion
2022-12-21 13:39:20,853 DEBUG: Revisando en BD RUC: 20526394845
2022-12-21 13:39:20,920 DEBUG: Revisando ruc: 20526394845
2022-12-21 13:39:21,043 DEBUG: Comparando SUNAT con BD
2022-12-21 13:39:22,009 INFO : PL20526394845 actualizado
2022-12-21 13:39:22,016 DEBUG: Validacion finalizada
2022-12-21 13:39:22,019 DEBUG: Iniciando validacion
2022-12-21 13:39:22,020 DEBUG: Revisando en BD RUC: 20566604702
2022-12-21 13:39:22,075 DEBUG: Revisando ruc: 20566604702
2022-12-21 13:39:22,194 DEBUG: Comparando SUNAT con BD
2022-12-21 13:39:23,204 INFO : PL20566604702 actualizado
2022-12-21 13:39:23,215 DEBUG: Validacion finalizada
2022-12-21 13:39:23,215 DEBUG: Iniciando validacion
2022-12-21 13:39:23,222 DEBUG: Revisando en BD RUC: 20602658644
2022-12-21 13:39:23,293 DEBUG: Revisando ruc: 20602658644
2022-12-21 13:39:23,411 DEBUG: Comparando SUNAT con BD
2022-12-21 13:39:24,388 INFO : PL20602658644 actualizado
2022-12-21 13:39:24,399 DEBUG: Validacion finalizada
2022-12-21 13:39:24,400 DEBUG: Iniciando validacion
2022-12-21 13:39:24,402 DEBUG: Revisando en BD RUC: 20366873717
2022-12-21 13:39:24,482 DEBUG: Revisando ruc: 20366873717
2022-12-21 13:39:24,604 DEBUG: Comparando SUNAT con BD
2022-12-21 13:39:25,644 INFO : CL20366873717 actualizado
2022-12-21 13:39:25,650 DEBUG: Validacion finalizada
2022-12-21 13:39:25,651 DEBUG: Iniciando validacion
2022-12-21 13:39:25,656 DEBUG: Revisando en BD RUC: 10333279393
2022-12-21 13:39:25,720 DEBUG: Revisando ruc: 10333279393
2022-12-21 13:39:25,813 DEBUG: Comparando SUNAT con BD
2022-12-21 13:39:27,142 INFO : PL10333279393 actualizado
2022-12-21 13:39:27,148 DEBUG: Validacion finalizada
2022-12-21 13:39:27,148 DEBUG: Iniciando validacion
2022-12-21 13:39:27,149 DEBUG: Revisando en BD RUC: 20550205409
2022-12-21 13:39:27,218 DEBUG: Revisando ruc: 20550205409
2022-12-21 13:39:27,326 DEBUG: Comparando SUNAT con BD
2022-12-21 13:39:28,547 INFO : PL20550205409 actualizado
2022-12-21 13:39:28,557 DEBUG: Validacion finalizada
2022-12-21 13:39:28,558 INFO : Resultado: 9 correctos, 1 errores, 0 inválidos, 9 Socios Procesados -  Total Acumulado: 877
2022-12-21 13:39:28,560 INFO : RUC del 1101 al 1110
2022-12-21 13:39:30,139 DEBUG: Iniciando validacion
2022-12-21 13:39:30,139 DEBUG: Revisando en BD RUC: 20530189806
2022-12-21 13:39:30,199 DEBUG: Revisando ruc: 20530189806
2022-12-21 13:39:30,320 DEBUG: Comparando SUNAT con BD
2022-12-21 13:39:31,425 INFO : PL20530189806 actualizado
2022-12-21 13:39:31,430 DEBUG: Validacion finalizada
2022-12-21 13:39:31,430 DEBUG: Iniciando validacion
2022-12-21 13:39:31,431 DEBUG: Revisando en BD RUC: 20101056091
2022-12-21 13:39:31,501 DEBUG: Revisando ruc: 20101056091
2022-12-21 13:39:31,535 DEBUG: 20031101
2022-12-21 13:39:31,629 DEBUG: Comparando SUNAT con BD
2022-12-21 13:39:32,778 INFO : PL20101056091 actualizado
2022-12-21 13:39:32,783 DEBUG: Validacion finalizada
2022-12-21 13:39:32,784 DEBUG: Iniciando validacion
2022-12-21 13:39:32,785 DEBUG: Revisando en BD RUC: 20603246285
2022-12-21 13:39:32,846 DEBUG: Revisando ruc: 20603246285
2022-12-21 13:39:32,964 DEBUG: Comparando SUNAT con BD
2022-12-21 13:39:34,255 INFO : PL20603246285 actualizado
2022-12-21 13:39:34,264 DEBUG: Validacion finalizada
2022-12-21 13:39:34,264 DEBUG: Iniciando validacion
2022-12-21 13:39:34,270 DEBUG: Revisando en BD RUC: 20603455500
2022-12-21 13:39:34,330 DEBUG: Revisando ruc: 20603455500
2022-12-21 13:39:34,454 DEBUG: Comparando SUNAT con BD
2022-12-21 13:39:35,582 INFO : PL20603455500 actualizado
2022-12-21 13:39:35,588 DEBUG: Validacion finalizada
2022-12-21 13:39:35,588 DEBUG: Iniciando validacion
2022-12-21 13:39:35,591 DEBUG: Revisando en BD RUC: 20546688136
2022-12-21 13:39:35,658 DEBUG: Revisando ruc: 20546688136
2022-12-21 13:39:35,785 DEBUG: Comparando SUNAT con BD
2022-12-21 13:39:36,915 INFO : PL20546688136 actualizado
2022-12-21 13:39:36,925 DEBUG: Validacion finalizada
2022-12-21 13:39:36,926 DEBUG: Iniciando validacion
2022-12-21 13:39:36,927 DEBUG: Revisando en BD RUC: 20543725821
2022-12-21 13:39:36,982 DEBUG: Revisando ruc: 20543725821
2022-12-21 13:39:36,999 DEBUG: 20121101
2022-12-21 13:39:37,122 DEBUG: Comparando SUNAT con BD
2022-12-21 13:39:38,458 INFO : PL20543725821 actualizado
2022-12-21 13:39:38,468 DEBUG: Validacion finalizada
2022-12-21 13:39:38,468 DEBUG: Iniciando validacion
2022-12-21 13:39:38,469 DEBUG: Revisando en BD RUC: 20549521984
2022-12-21 13:39:38,533 DEBUG: Revisando ruc: 20549521984
2022-12-21 13:39:38,664 DEBUG: Comparando SUNAT con BD
2022-12-21 13:39:39,653 ERROR: Error al actualizar: CardCode-PL20549521984 - -1116: (2) bpvs:LC20 - En la pestaña Direcciones, debe llenar los campos "Calle/Número", "Distrito", "Ciudad", "Departamento" de todas las direcciones
2022-12-21 13:39:39,663 DEBUG: Validacion finalizada
2022-12-21 13:39:39,664 DEBUG: Iniciando validacion
2022-12-21 13:39:39,666 DEBUG: Revisando en BD RUC: 10028243958
2022-12-21 13:39:39,737 DEBUG: Revisando ruc: 10028243958
2022-12-21 13:39:39,822 DEBUG: Comparando SUNAT con BD
2022-12-21 13:39:40,978 ERROR: Error al actualizar: CardCode-PL10028243958 - -1116: (2) bpvs:FE03 - La dirección de facturación por defecto debe de tener un ubigueo definido.
2022-12-21 13:39:40,986 DEBUG: Validacion finalizada
2022-12-21 13:39:40,986 DEBUG: Iniciando validacion
2022-12-21 13:39:40,987 DEBUG: Revisando en BD RUC: 10027823543
2022-12-21 13:39:41,052 DEBUG: Revisando ruc: 10027823543
2022-12-21 13:39:41,157 DEBUG: Comparando SUNAT con BD
2022-12-21 13:39:42,403 INFO : PL10027823543 actualizado
2022-12-21 13:39:42,413 DEBUG: Validacion finalizada
2022-12-21 13:39:42,414 DEBUG: Iniciando validacion
2022-12-21 13:39:42,416 DEBUG: Revisando en BD RUC: 10027791722
2022-12-21 13:39:42,478 DEBUG: Revisando ruc: 10027791722
2022-12-21 13:39:42,561 DEBUG: Comparando SUNAT con BD
2022-12-21 13:39:43,235 ERROR: Error al actualizar: CardCode-PL10027791722 - -1116: (2) bpvs:LC12 - Si se trata de una Persona Natural con RUC sin Negocio, en la pestaña de Finanzas debe colocar el tipo de impuesto "Extranjero"
2022-12-21 13:39:43,243 DEBUG: Validacion finalizada
2022-12-21 13:39:43,244 INFO : Resultado: 7 correctos, 3 errores, 0 inválidos, 7 Socios Procesados -  Total Acumulado: 884
2022-12-21 13:39:43,247 INFO : RUC del 1111 al 1120
2022-12-21 13:39:44,520 DEBUG: Iniciando validacion
2022-12-21 13:39:44,520 DEBUG: Revisando en BD RUC: 20601847451
2022-12-21 13:39:44,588 DEBUG: Revisando ruc: 20601847451
2022-12-21 13:39:44,712 DEBUG: Comparando SUNAT con BD
2022-12-21 13:39:46,053 INFO : PL20601847451 actualizado
2022-12-21 13:39:46,065 DEBUG: Validacion finalizada
2022-12-21 13:39:46,066 DEBUG: Iniciando validacion
2022-12-21 13:39:46,067 DEBUG: Revisando en BD RUC: 20379902996
2022-12-21 13:39:46,130 DEBUG: Revisando ruc: 20379902996
2022-12-21 13:39:46,253 DEBUG: Comparando SUNAT con BD
2022-12-21 13:39:47,245 INFO : PL20379902996 actualizado
2022-12-21 13:39:47,250 DEBUG: Validacion finalizada
2022-12-21 13:39:47,250 DEBUG: Iniciando validacion
2022-12-21 13:39:47,251 DEBUG: Revisando en BD RUC: 10027712083
2022-12-21 13:39:47,316 DEBUG: Revisando ruc: 10027712083
2022-12-21 13:39:47,397 DEBUG: Comparando SUNAT con BD
2022-12-21 13:39:48,236 ERROR: Error al actualizar: CardCode-PL10027712083 - -1116: (2) bpvs:LC12 - Si se trata de una Persona Natural con RUC sin Negocio, en la pestaña de Finanzas debe colocar el tipo de impuesto "Extranjero"
2022-12-21 13:39:48,243 DEBUG: Validacion finalizada
2022-12-21 13:39:48,243 DEBUG: Iniciando validacion
2022-12-21 13:39:48,244 DEBUG: Revisando en BD RUC: 20102426810
2022-12-21 13:39:48,312 DEBUG: Revisando ruc: 20102426810
2022-12-21 13:39:48,449 DEBUG: Comparando SUNAT con BD
2022-12-21 13:39:49,826 INFO : PL20102426810 actualizado
2022-12-21 13:39:49,838 DEBUG: Validacion finalizada
2022-12-21 13:39:49,839 DEBUG: Iniciando validacion
2022-12-21 13:39:49,840 DEBUG: Revisando en BD RUC: 10479008774
2022-12-21 13:39:49,917 DEBUG: Revisando ruc: 10479008774
2022-12-21 13:39:49,995 DEBUG: Comparando SUNAT con BD
2022-12-21 13:39:50,997 INFO : CL10479008774 actualizado
2022-12-21 13:39:51,008 DEBUG: Validacion finalizada
2022-12-21 13:39:51,008 DEBUG: Iniciando validacion
2022-12-21 13:39:51,009 DEBUG: Revisando en BD RUC: 20514706302
2022-12-21 13:39:51,080 DEBUG: Revisando ruc: 20514706302
2022-12-21 13:39:51,210 DEBUG: Comparando SUNAT con BD
2022-12-21 13:39:52,461 INFO : PL20514706302 actualizado
2022-12-21 13:39:52,471 DEBUG: Validacion finalizada
2022-12-21 13:39:52,472 DEBUG: Iniciando validacion
2022-12-21 13:39:52,474 DEBUG: Revisando en BD RUC: 10405539301
2022-12-21 13:39:52,539 DEBUG: Revisando ruc: 10405539301
2022-12-21 13:39:52,634 DEBUG: Comparando SUNAT con BD
2022-12-21 13:39:53,548 ERROR: Error al actualizar: CardCode-PL10405539301 - -1116: (2) bpvs:LC12 - Si se trata de una Persona Natural con RUC sin Negocio, en la pestaña de Finanzas debe colocar el tipo de impuesto "Extranjero"
2022-12-21 13:39:53,554 DEBUG: Validacion finalizada
2022-12-21 13:39:53,555 DEBUG: Iniciando validacion
2022-12-21 13:39:53,555 DEBUG: Revisando en BD RUC: 10036606890
2022-12-21 13:39:53,633 DEBUG: Revisando ruc: 10036606890
2022-12-21 13:39:53,737 DEBUG: Comparando SUNAT con BD
2022-12-21 13:39:54,932 INFO : PL10036606890 actualizado
2022-12-21 13:39:54,941 DEBUG: Validacion finalizada
2022-12-21 13:39:54,942 DEBUG: Iniciando validacion
2022-12-21 13:39:54,942 DEBUG: Revisando en BD RUC: 10411149418
2022-12-21 13:39:55,008 DEBUG: Revisando ruc: 10411149418
2022-12-21 13:39:55,098 DEBUG: Comparando SUNAT con BD
2022-12-21 13:39:55,803 ERROR: Error al actualizar: CardCode-PL10411149418 - -1116: (2) bpvs:LC12 - Si se trata de una Persona Natural con RUC sin Negocio, en la pestaña de Finanzas debe colocar el tipo de impuesto "Extranjero"
2022-12-21 13:39:55,812 DEBUG: Validacion finalizada
2022-12-21 13:39:55,812 DEBUG: Iniciando validacion
2022-12-21 13:39:55,813 DEBUG: Revisando en BD RUC: 10027925915
2022-12-21 13:39:55,881 DEBUG: Revisando ruc: 10027925915
2022-12-21 13:39:55,978 DEBUG: Comparando SUNAT con BD
2022-12-21 13:39:56,669 ERROR: Error al actualizar: CardCode-PL10027925915 - -1116: (2) bpvs:LC12 - Si se trata de una Persona Natural con RUC sin Negocio, en la pestaña de Finanzas debe colocar el tipo de impuesto "Extranjero"
2022-12-21 13:39:56,681 DEBUG: Validacion finalizada
2022-12-21 13:39:56,682 INFO : Resultado: 6 correctos, 4 errores, 0 inválidos, 6 Socios Procesados -  Total Acumulado: 890
2022-12-21 13:39:56,683 INFO : RUC del 1121 al 1130
2022-12-21 13:39:58,071 DEBUG: Iniciando validacion
2022-12-21 13:39:58,071 DEBUG: Revisando en BD RUC: 20601917883
2022-12-21 13:39:58,129 DEBUG: Revisando ruc: 20601917883
2022-12-21 13:39:58,266 DEBUG: Comparando SUNAT con BD
2022-12-21 13:39:59,249 INFO : PL20601917883 actualizado
2022-12-21 13:39:59,255 DEBUG: Validacion finalizada
2022-12-21 13:39:59,256 DEBUG: Iniciando validacion
2022-12-21 13:39:59,257 DEBUG: Revisando en BD RUC: 20493027973
2022-12-21 13:39:59,316 DEBUG: Revisando ruc: 20493027973
2022-12-21 13:39:59,345 DEBUG: 20220201
2022-12-21 13:39:59,447 DEBUG: Comparando SUNAT con BD
2022-12-21 13:40:00,746 INFO : PL20493027973 actualizado
2022-12-21 13:40:00,757 DEBUG: Validacion finalizada
2022-12-21 13:40:00,757 DEBUG: Iniciando validacion
2022-12-21 13:40:00,758 DEBUG: Revisando en BD RUC: 10027853108
2022-12-21 13:40:00,829 DEBUG: Revisando ruc: 10027853108
2022-12-21 13:40:00,922 DEBUG: Comparando SUNAT con BD
2022-12-21 13:40:01,544 ERROR: Error al actualizar: CardCode-PL10027853108 - -1116: (2) bpvs:LC12 - Si se trata de una Persona Natural con RUC sin Negocio, en la pestaña de Finanzas debe colocar el tipo de impuesto "Extranjero"
2022-12-21 13:40:01,551 DEBUG: Validacion finalizada
2022-12-21 13:40:01,552 DEBUG: Iniciando validacion
2022-12-21 13:40:01,553 DEBUG: Revisando en BD RUC: 10027833948
2022-12-21 13:40:01,617 DEBUG: Revisando ruc: 10027833948
2022-12-21 13:40:01,705 DEBUG: Comparando SUNAT con BD
2022-12-21 13:40:02,650 ERROR: Error al actualizar: CardCode-PL10027833948 - -1116: (2) bpvs:LC20 - En la pestaña Direcciones, debe llenar los campos "Calle/Número", "Distrito", "Ciudad", "Departamento" de todas las direcciones
2022-12-21 13:40:02,660 DEBUG: Validacion finalizada
2022-12-21 13:40:02,660 DEBUG: Iniciando validacion
2022-12-21 13:40:02,662 DEBUG: Revisando en BD RUC: 10027845695
2022-12-21 13:40:02,715 DEBUG: Revisando ruc: 10027845695
2022-12-21 13:40:02,806 DEBUG: Comparando SUNAT con BD
2022-12-21 13:40:03,502 ERROR: Error al actualizar: CardCode-PL10027845695 - -1116: (2) bpvs:LC12 - Si se trata de una Persona Natural con RUC sin Negocio, en la pestaña de Finanzas debe colocar el tipo de impuesto "Extranjero"
2022-12-21 13:40:03,509 DEBUG: Validacion finalizada
2022-12-21 13:40:03,509 DEBUG: Iniciando validacion
2022-12-21 13:40:03,511 DEBUG: Revisando en BD RUC: 10027878704
2022-12-21 13:40:03,582 DEBUG: Revisando ruc: 10027878704
2022-12-21 13:40:03,672 DEBUG: Comparando SUNAT con BD
2022-12-21 13:40:04,417 ERROR: Error al actualizar: CardCode-PL10027878704 - -1116: (2) bpvs:LC12 - Si se trata de una Persona Natural con RUC sin Negocio, en la pestaña de Finanzas debe colocar el tipo de impuesto "Extranjero"
2022-12-21 13:40:04,427 DEBUG: Validacion finalizada
2022-12-21 13:40:04,427 DEBUG: Iniciando validacion
2022-12-21 13:40:04,428 DEBUG: Revisando en BD RUC: 10027873711
2022-12-21 13:40:04,503 DEBUG: Revisando ruc: 10027873711
2022-12-21 13:40:04,596 DEBUG: Comparando SUNAT con BD
2022-12-21 13:40:05,489 ERROR: Error al actualizar: CardCode-PL10027873711 - -1116: (2) bpvs:LC12 - Si se trata de una Persona Natural con RUC sin Negocio, en la pestaña de Finanzas debe colocar el tipo de impuesto "Extranjero"
2022-12-21 13:40:05,500 DEBUG: Validacion finalizada
2022-12-21 13:40:05,500 DEBUG: Iniciando validacion
2022-12-21 13:40:05,502 DEBUG: Revisando en BD RUC: 10026844890
2022-12-21 13:40:05,557 DEBUG: Revisando ruc: 10026844890
2022-12-21 13:40:05,642 DEBUG: Comparando SUNAT con BD
2022-12-21 13:40:06,319 ERROR: Error al actualizar: CardCode-PL10026844890 - -1116: (2) bpvs:LC12 - Si se trata de una Persona Natural con RUC sin Negocio, en la pestaña de Finanzas debe colocar el tipo de impuesto "Extranjero"
2022-12-21 13:40:06,326 DEBUG: Validacion finalizada
2022-12-21 13:40:06,326 DEBUG: Iniciando validacion
2022-12-21 13:40:06,327 DEBUG: Revisando en BD RUC: 20604026050
2022-12-21 13:40:06,392 DEBUG: Revisando ruc: 20604026050
2022-12-21 13:40:06,512 DEBUG: Comparando SUNAT con BD
2022-12-21 13:40:07,821 INFO : PL20604026050 actualizado
2022-12-21 13:40:07,831 DEBUG: Validacion finalizada
2022-12-21 13:40:07,831 DEBUG: Iniciando validacion
2022-12-21 13:40:07,831 DEBUG: Revisando en BD RUC: 10026854119
2022-12-21 13:40:07,896 DEBUG: Revisando ruc: 10026854119
2022-12-21 13:40:07,972 DEBUG: Comparando SUNAT con BD
2022-12-21 13:40:08,692 ERROR: Error al actualizar: CardCode-PL10026854119 - -1116: (2) bpvs:LC12 - Si se trata de una Persona Natural con RUC sin Negocio, en la pestaña de Finanzas debe colocar el tipo de impuesto "Extranjero"
2022-12-21 13:40:08,700 DEBUG: Validacion finalizada
2022-12-21 13:40:08,700 INFO : Resultado: 3 correctos, 7 errores, 0 inválidos, 3 Socios Procesados -  Total Acumulado: 893
2022-12-21 13:40:08,701 INFO : RUC del 1131 al 1140
2022-12-21 13:40:10,305 DEBUG: Iniciando validacion
2022-12-21 13:40:10,305 DEBUG: Revisando en BD RUC: 20510767889
2022-12-21 13:40:10,372 DEBUG: Revisando ruc: 20510767889
2022-12-21 13:40:10,493 DEBUG: Comparando SUNAT con BD
2022-12-21 13:40:11,500 INFO : PL20510767889 actualizado
2022-12-21 13:40:11,508 DEBUG: Validacion finalizada
2022-12-21 13:40:11,509 DEBUG: Iniciando validacion
2022-12-21 13:40:11,511 DEBUG: Revisando en BD RUC: 10180975417
2022-12-21 13:40:11,581 DEBUG: Revisando ruc: 10180975417
2022-12-21 13:40:11,674 DEBUG: Comparando SUNAT con BD
2022-12-21 13:40:12,564 ERROR: Error al actualizar: CardCode-PL10180975417 - -1116: (2) bpvs:LC18 - Debe registrar por lo menos una dirección de almacén
2022-12-21 13:40:12,576 DEBUG: Validacion finalizada
2022-12-21 13:40:12,576 DEBUG: Iniciando validacion
2022-12-21 13:40:12,577 DEBUG: Revisando en BD RUC: 20388203111
2022-12-21 13:40:12,644 DEBUG: Revisando ruc: 20388203111
2022-12-21 13:40:12,783 DEBUG: Comparando SUNAT con BD
2022-12-21 13:40:14,228 INFO : PL20388203111 actualizado
2022-12-21 13:40:14,237 DEBUG: Validacion finalizada
2022-12-21 13:40:14,238 DEBUG: Iniciando validacion
2022-12-21 13:40:14,238 DEBUG: Revisando en BD RUC: 20108528894
2022-12-21 13:40:14,295 DEBUG: Revisando ruc: 20108528894
2022-12-21 13:40:14,406 DEBUG: Comparando SUNAT con BD
2022-12-21 13:40:15,621 INFO : PL20108528894 actualizado
2022-12-21 13:40:15,630 DEBUG: Validacion finalizada
2022-12-21 13:40:15,630 DEBUG: Iniciando validacion
2022-12-21 13:40:15,631 DEBUG: Revisando en BD RUC: 20604671494
2022-12-21 13:40:15,689 DEBUG: Revisando ruc: 20604671494
2022-12-21 13:40:15,815 DEBUG: Comparando SUNAT con BD
2022-12-21 13:40:17,175 INFO : PL20604671494 actualizado
2022-12-21 13:40:17,181 DEBUG: Validacion finalizada
2022-12-21 13:40:17,182 DEBUG: Iniciando validacion
2022-12-21 13:40:17,188 DEBUG: Revisando en BD RUC: 10028508714
2022-12-21 13:40:17,258 DEBUG: Revisando ruc: 10028508714
2022-12-21 13:40:17,358 DEBUG: Comparando SUNAT con BD
2022-12-21 13:40:18,171 ERROR: Error al actualizar: CardCode-PL10028508714 - -1116: (2) bpvs:LC12 - Si se trata de una Persona Natural con RUC sin Negocio, en la pestaña de Finanzas debe colocar el tipo de impuesto "Extranjero"
2022-12-21 13:40:18,183 DEBUG: Validacion finalizada
2022-12-21 13:40:18,183 DEBUG: Iniciando validacion
2022-12-21 13:40:18,185 DEBUG: Revisando en BD RUC: 20484287466
2022-12-21 13:40:18,245 DEBUG: Revisando ruc: 20484287466
2022-12-21 13:40:18,371 DEBUG: Comparando SUNAT con BD
2022-12-21 13:40:19,612 INFO : PL20484287466 actualizado
2022-12-21 13:40:19,618 DEBUG: Validacion finalizada
2022-12-21 13:40:19,624 DEBUG: Iniciando validacion
2022-12-21 13:40:19,629 DEBUG: Revisando en BD RUC: 20550502446
2022-12-21 13:40:19,683 DEBUG: Revisando ruc: 20550502446
2022-12-21 13:40:19,803 DEBUG: Comparando SUNAT con BD
2022-12-21 13:40:20,769 ERROR: Error al actualizar: CardCode-PL20550502446 - -1116: (2) bpvs:LC20 - En la pestaña Direcciones, debe llenar los campos "Calle/Número", "Distrito", "Ciudad", "Departamento" de todas las direcciones
2022-12-21 13:40:20,777 DEBUG: Validacion finalizada
2022-12-21 13:40:20,777 DEBUG: Iniciando validacion
2022-12-21 13:40:20,777 DEBUG: Revisando en BD RUC: 10026727109
2022-12-21 13:40:20,851 DEBUG: Revisando ruc: 10026727109
2022-12-21 13:40:20,942 DEBUG: Comparando SUNAT con BD
2022-12-21 13:40:21,919 ERROR: Error al actualizar: CardCode-PL10026727109 - -1116: (2) bpvs:FE03 - La dirección de facturación por defecto debe de tener un ubigueo definido.
2022-12-21 13:40:21,930 DEBUG: Validacion finalizada
2022-12-21 13:40:21,931 DEBUG: Iniciando validacion
2022-12-21 13:40:21,933 DEBUG: Revisando en BD RUC: 20277131570
2022-12-21 13:40:22,003 DEBUG: Revisando ruc: 20277131570
2022-12-21 13:40:22,136 DEBUG: Comparando SUNAT con BD
2022-12-21 13:40:23,970 INFO : PL20277131570 actualizado
2022-12-21 13:40:23,982 DEBUG: Validacion finalizada
2022-12-21 13:40:23,983 INFO : Resultado: 6 correctos, 4 errores, 0 inválidos, 6 Socios Procesados -  Total Acumulado: 899
2022-12-21 13:40:23,983 INFO : RUC del 1141 al 1150
2022-12-21 13:40:25,966 DEBUG: Iniciando validacion
2022-12-21 13:40:25,966 DEBUG: Revisando en BD RUC: 20477240152
2022-12-21 13:40:26,035 DEBUG: Revisando ruc: 20477240152
2022-12-21 13:40:26,159 DEBUG: Comparando SUNAT con BD
2022-12-21 13:40:27,002 ERROR: Error al actualizar: CardCode-PL20477240152 - -1116: (2) bpvs:LC20 - En la pestaña Direcciones, debe llenar los campos "Calle/Número", "Distrito", "Ciudad", "Departamento" de todas las direcciones
2022-12-21 13:40:27,009 DEBUG: Validacion finalizada
2022-12-21 13:40:27,009 DEBUG: Iniciando validacion
2022-12-21 13:40:27,010 DEBUG: Revisando en BD RUC: 10026870211
2022-12-21 13:40:27,085 DEBUG: Revisando ruc: 10026870211
2022-12-21 13:40:27,182 DEBUG: Comparando SUNAT con BD
2022-12-21 13:40:28,412 INFO : PL10026870211 actualizado
2022-12-21 13:40:28,421 DEBUG: Validacion finalizada
2022-12-21 13:40:28,421 DEBUG: Iniciando validacion
2022-12-21 13:40:28,422 DEBUG: Revisando en BD RUC: 20456931554
2022-12-21 13:40:28,485 DEBUG: Revisando ruc: 20456931554
2022-12-21 13:40:28,621 DEBUG: Comparando SUNAT con BD
2022-12-21 13:40:29,969 INFO : PL20456931554 actualizado
2022-12-21 13:40:29,975 DEBUG: Validacion finalizada
2022-12-21 13:40:29,975 DEBUG: Iniciando validacion
2022-12-21 13:40:29,976 DEBUG: Revisando en BD RUC: 10401567947
2022-12-21 13:40:30,030 DEBUG: Revisando ruc: 10401567947
2022-12-21 13:40:30,115 DEBUG: Comparando SUNAT con BD
2022-12-21 13:40:31,182 INFO : PL10401567947 actualizado
2022-12-21 13:40:31,189 DEBUG: Validacion finalizada
2022-12-21 13:40:31,189 DEBUG: Iniciando validacion
2022-12-21 13:40:31,190 DEBUG: Revisando en BD RUC: 10027233169
2022-12-21 13:40:31,248 DEBUG: Revisando ruc: 10027233169
2022-12-21 13:40:31,331 DEBUG: Comparando SUNAT con BD
2022-12-21 13:40:32,006 ERROR: Error al actualizar: CardCode-PL10027233169 - -1116: (2) bpvs:LC12 - Si se trata de una Persona Natural con RUC sin Negocio, en la pestaña de Finanzas debe colocar el tipo de impuesto "Extranjero"
2022-12-21 13:40:32,015 DEBUG: Validacion finalizada
2022-12-21 13:40:32,015 DEBUG: Iniciando validacion
2022-12-21 13:40:32,015 DEBUG: Revisando en BD RUC: 10027152321
2022-12-21 13:40:32,080 DEBUG: Revisando ruc: 10027152321
2022-12-21 13:40:32,170 DEBUG: Comparando SUNAT con BD
2022-12-21 13:40:33,135 INFO : PL10027152321 actualizado
2022-12-21 13:40:33,142 DEBUG: Validacion finalizada
2022-12-21 13:40:33,142 DEBUG: Iniciando validacion
2022-12-21 13:40:33,143 DEBUG: Revisando en BD RUC: 20602475019
2022-12-21 13:40:33,208 DEBUG: Revisando ruc: 20602475019
2022-12-21 13:40:33,339 DEBUG: Comparando SUNAT con BD
2022-12-21 13:40:34,613 INFO : PL20602475019 actualizado
2022-12-21 13:40:34,622 DEBUG: Validacion finalizada
2022-12-21 13:40:34,623 DEBUG: Iniciando validacion
2022-12-21 13:40:34,624 DEBUG: Revisando en BD RUC: 20538743471
2022-12-21 13:40:34,696 DEBUG: Revisando ruc: 20538743471
2022-12-21 13:40:34,828 DEBUG: Comparando SUNAT con BD
2022-12-21 13:40:36,121 INFO : PL20538743471 actualizado
2022-12-21 13:40:36,130 DEBUG: Validacion finalizada
2022-12-21 13:40:36,130 DEBUG: Iniciando validacion
2022-12-21 13:40:36,131 DEBUG: Revisando en BD RUC: 15398572600
2022-12-21 13:40:36,184 DEBUG: Revisando ruc: 15398572600
2022-12-21 13:40:36,274 DEBUG: Comparando SUNAT con BD
2022-12-21 13:40:37,256 INFO : PL15398572600 actualizado
2022-12-21 13:40:37,264 DEBUG: Validacion finalizada
2022-12-21 13:40:37,264 DEBUG: Iniciando validacion
2022-12-21 13:40:37,265 DEBUG: Revisando en BD RUC: 10027394081
2022-12-21 13:40:37,337 DEBUG: Revisando ruc: 10027394081
2022-12-21 13:40:37,431 DEBUG: Comparando SUNAT con BD
2022-12-21 13:40:38,398 INFO : PL10027394081 actualizado
2022-12-21 13:40:38,407 DEBUG: Validacion finalizada
2022-12-21 13:40:38,409 INFO : Resultado: 8 correctos, 2 errores, 0 inválidos, 8 Socios Procesados -  Total Acumulado: 907
2022-12-21 13:40:38,411 INFO : RUC del 1151 al 1160
2022-12-21 13:40:39,678 DEBUG: Iniciando validacion
2022-12-21 13:40:39,679 DEBUG: Revisando en BD RUC: 20548423172
2022-12-21 13:40:39,764 DEBUG: Revisando ruc: 20548423172
2022-12-21 13:40:39,909 DEBUG: Comparando SUNAT con BD
2022-12-21 13:40:41,115 INFO : PL20548423172 actualizado
2022-12-21 13:40:41,120 DEBUG: Validacion finalizada
2022-12-21 13:40:41,120 DEBUG: Iniciando validacion
2022-12-21 13:40:41,120 DEBUG: Revisando en BD RUC: 20483808756
2022-12-21 13:40:41,188 DEBUG: Revisando ruc: 20483808756
2022-12-21 13:40:41,302 DEBUG: Comparando SUNAT con BD
2022-12-21 13:40:42,518 INFO : PL20483808756 actualizado
2022-12-21 13:40:42,534 DEBUG: Validacion finalizada
2022-12-21 13:40:42,535 DEBUG: Iniciando validacion
2022-12-21 13:40:42,536 DEBUG: Revisando en BD RUC: 10027027283
2022-12-21 13:40:42,590 DEBUG: Revisando ruc: 10027027283
2022-12-21 13:40:42,677 DEBUG: Comparando SUNAT con BD
2022-12-21 13:40:43,808 INFO : PL10027027283 actualizado
2022-12-21 13:40:43,813 DEBUG: Validacion finalizada
2022-12-21 13:40:43,814 DEBUG: Iniciando validacion
2022-12-21 13:40:43,815 DEBUG: Revisando en BD RUC: 10027082357
2022-12-21 13:40:43,873 DEBUG: Revisando ruc: 10027082357
2022-12-21 13:40:43,970 DEBUG: Comparando SUNAT con BD
2022-12-21 13:40:44,990 ERROR: Error al actualizar: CardCode-PL10027082357 - -1116: (2) bpvs:LC18 - Debe registrar por lo menos una dirección de almacén
2022-12-21 13:40:45,001 DEBUG: Validacion finalizada
2022-12-21 13:40:45,001 DEBUG: Iniciando validacion
2022-12-21 13:40:45,002 DEBUG: Revisando en BD RUC: 10028569551
2022-12-21 13:40:45,067 DEBUG: Revisando ruc: 10028569551
2022-12-21 13:40:45,165 DEBUG: Comparando SUNAT con BD
2022-12-21 13:40:45,872 ERROR: Error al actualizar: CardCode-PL10028569551 - -1116: (2) bpvs:LC12 - Si se trata de una Persona Natural con RUC sin Negocio, en la pestaña de Finanzas debe colocar el tipo de impuesto "Extranjero"
2022-12-21 13:40:45,880 DEBUG: Validacion finalizada
2022-12-21 13:40:45,881 DEBUG: Iniciando validacion
2022-12-21 13:40:45,881 DEBUG: Revisando en BD RUC: 10028613101
2022-12-21 13:40:45,935 DEBUG: Revisando ruc: 10028613101
2022-12-21 13:56:31,369 WARN : Error al actualizar nombres/apellidos:CServiceData::SetPropertyValueString failed; Value too long in property 'U_BPP_BPN2' of 'BusinessPartner'
2022-12-21 13:56:31,373 DEBUG: Comparando SUNAT con BD
2022-12-21 13:56:32,370 ERROR: Error al actualizar: CardCode-PL10028613101 - -1116: (2) bpvs:LC11 - Si es persona natural el campo Nombre debe contener los campos de usuario Ape.Paterno + Ape.Materno + Nombres + Segundo Nombre
2022-12-21 13:56:32,377 DEBUG: Validacion finalizada
2022-12-21 13:56:32,381 DEBUG: Iniciando validacion
2022-12-21 13:56:32,382 DEBUG: Revisando en BD RUC: 10028432114
2022-12-21 13:56:32,452 DEBUG: Revisando ruc: 10028432114
2022-12-21 13:56:32,453 DEBUG: 20160301
2022-12-21 13:56:32,557 DEBUG: Comparando SUNAT con BD
2022-12-21 13:56:33,413 ERROR: Error al actualizar: CardCode-PL10028432114 - -1116: (2) bpvs:LC12 - Si se trata de una Persona Natural con RUC sin Negocio, en la pestaña de Finanzas debe colocar el tipo de impuesto "Extranjero"
2022-12-21 13:56:33,420 DEBUG: Validacion finalizada
2022-12-21 13:56:33,420 DEBUG: Iniciando validacion
2022-12-21 13:56:33,422 DEBUG: Revisando en BD RUC: 20602600247
2022-12-21 13:56:33,496 DEBUG: Revisando ruc: 20602600247
2022-12-21 13:56:33,617 DEBUG: Comparando SUNAT con BD
2022-12-21 13:56:34,660 INFO : PL20602600247 actualizado
2022-12-21 13:56:34,669 DEBUG: Validacion finalizada
2022-12-21 13:56:34,669 DEBUG: Iniciando validacion
2022-12-21 13:56:34,670 DEBUG: Revisando en BD RUC: 20492092313
2022-12-21 13:56:34,733 DEBUG: Revisando ruc: 20492092313
2022-12-21 13:56:34,757 DEBUG: 20100101
2022-12-21 13:56:34,757 DEBUG: 20160201
2022-12-21 13:56:34,866 DEBUG: Comparando SUNAT con BD
2022-12-21 13:56:35,999 ERROR: Error al actualizar: CardCode-PL20492092313 - -1116: (2) bpvs:LC20 - En la pestaña Direcciones, debe llenar los campos "Calle/Número", "Distrito", "Ciudad", "Departamento" de todas las direcciones
2022-12-21 13:56:36,009 DEBUG: Validacion finalizada
2022-12-21 13:56:36,010 DEBUG: Iniciando validacion
2022-12-21 13:56:36,011 DEBUG: Revisando en BD RUC: 10028484882
2022-12-21 13:56:36,060 DEBUG: Revisando ruc: 10028484882
2022-12-21 13:56:36,169 DEBUG: Comparando SUNAT con BD
2022-12-21 13:56:36,997 ERROR: Error al actualizar: CardCode-PL10028484882 - -1116: (2) bpvs:LC12 - Si se trata de una Persona Natural con RUC sin Negocio, en la pestaña de Finanzas debe colocar el tipo de impuesto "Extranjero"
2022-12-21 13:56:37,008 DEBUG: Validacion finalizada
2022-12-21 13:56:37,009 INFO : Resultado: 4 correctos, 6 errores, 0 inválidos, 4 Socios Procesados -  Total Acumulado: 911
2022-12-21 13:56:37,010 INFO : RUC del 1161 al 1170
2022-12-21 13:56:38,646 DEBUG: Iniciando validacion
2022-12-21 13:56:38,646 DEBUG: Revisando en BD RUC: 10174403550
2022-12-21 13:56:38,706 DEBUG: Revisando ruc: 10174403550
2022-12-21 13:56:38,798 DEBUG: Comparando SUNAT con BD
2022-12-21 13:56:39,904 INFO : PL10174403550 actualizado
2022-12-21 13:56:39,913 DEBUG: Validacion finalizada
2022-12-21 13:56:39,913 DEBUG: Iniciando validacion
2022-12-21 13:56:39,916 DEBUG: Revisando en BD RUC: 10028820629
2022-12-21 13:56:39,978 DEBUG: Revisando ruc: 10028820629
2022-12-21 13:56:40,074 DEBUG: Comparando SUNAT con BD
2022-12-21 13:56:41,324 INFO : PL10028820629 actualizado
2022-12-21 13:56:41,332 DEBUG: Validacion finalizada
2022-12-21 13:56:41,333 DEBUG: Iniciando validacion
2022-12-21 13:56:41,338 DEBUG: Revisando en BD RUC: 20360815031
2022-12-21 13:56:41,395 DEBUG: Revisando ruc: 20360815031
2022-12-21 13:56:41,524 DEBUG: Comparando SUNAT con BD
2022-12-21 13:56:43,121 INFO : PL20360815031 actualizado
2022-12-21 13:56:43,126 DEBUG: Validacion finalizada
2022-12-21 13:56:43,127 DEBUG: Iniciando validacion
2022-12-21 13:56:43,127 DEBUG: Revisando en BD RUC: 20131529181
2022-12-21 13:56:43,194 DEBUG: Revisando ruc: 20131529181
2022-12-21 13:56:43,211 DEBUG: 20120601
2022-12-21 13:56:43,212 DEBUG: 20140201
2022-12-21 13:56:43,316 DEBUG: Comparando SUNAT con BD
2022-12-21 13:56:44,574 INFO : PL20131529181 actualizado
2022-12-21 13:56:44,580 DEBUG: Validacion finalizada
2022-12-21 13:56:44,580 DEBUG: Iniciando validacion
2022-12-21 13:56:44,580 DEBUG: Revisando en BD RUC: 20348687191
2022-12-21 13:56:44,656 DEBUG: Revisando ruc: 20348687191
2022-12-21 13:56:44,678 DEBUG: 20160201
2022-12-21 13:56:44,790 DEBUG: Comparando SUNAT con BD
2022-12-21 13:56:45,976 INFO : PL20348687191 actualizado
2022-12-21 13:56:45,987 DEBUG: Validacion finalizada
2022-12-21 13:56:45,988 DEBUG: Iniciando validacion
2022-12-21 13:56:45,989 DEBUG: Revisando en BD RUC: 20113539675
2022-12-21 13:56:46,058 DEBUG: Revisando ruc: 20113539675
2022-12-21 13:56:46,087 DEBUG: 20220201
2022-12-21 13:56:46,194 DEBUG: Comparando SUNAT con BD
2022-12-21 13:56:47,474 INFO : PL20113539675 actualizado
2022-12-21 13:56:47,485 DEBUG: Validacion finalizada
2022-12-21 13:56:47,485 DEBUG: Iniciando validacion
2022-12-21 13:56:47,488 DEBUG: Revisando en BD RUC: 20550115752
2022-12-21 13:56:47,566 DEBUG: Revisando ruc: 20550115752
2022-12-21 13:56:47,698 DEBUG: Comparando SUNAT con BD
2022-12-21 13:56:48,996 INFO : PL20550115752 actualizado
2022-12-21 13:56:49,004 DEBUG: Validacion finalizada
2022-12-21 13:56:49,005 DEBUG: Iniciando validacion
2022-12-21 13:56:49,009 DEBUG: Revisando en BD RUC: 20604845964
2022-12-21 13:56:49,084 DEBUG: Revisando ruc: 20604845964
2022-12-21 13:56:49,217 DEBUG: Comparando SUNAT con BD
2022-12-21 13:56:50,623 INFO : PL20604845964 actualizado
2022-12-21 13:56:50,632 DEBUG: Validacion finalizada
2022-12-21 13:56:50,632 DEBUG: Iniciando validacion
2022-12-21 13:56:50,634 DEBUG: Revisando en BD RUC: 20101030963
2022-12-21 13:56:50,703 DEBUG: Revisando ruc: 20101030963
2022-12-21 13:56:50,829 DEBUG: Comparando SUNAT con BD
2022-12-21 13:56:51,980 INFO : PL20101030963 actualizado
2022-12-21 13:56:51,987 DEBUG: Validacion finalizada
2022-12-21 13:56:51,987 DEBUG: Iniciando validacion
2022-12-21 13:56:51,988 DEBUG: Revisando en BD RUC: 20440459669
2022-12-21 13:56:52,053 DEBUG: Revisando ruc: 20440459669
2022-12-21 13:56:52,177 DEBUG: Comparando SUNAT con BD
2022-12-21 13:56:53,326 INFO : PL20440459669 actualizado
2022-12-21 13:56:53,340 DEBUG: Validacion finalizada
2022-12-21 13:56:53,340 INFO : Resultado: 10 correctos, 0 errores, 0 inválidos, 10 Socios Procesados -  Total Acumulado: 921
2022-12-21 13:56:53,341 INFO : RUC del 1171 al 1180
2022-12-21 13:56:55,135 DEBUG: Iniciando validacion
2022-12-21 13:56:55,135 DEBUG: Revisando en BD RUC: 20122529780
2022-12-21 13:56:55,204 DEBUG: Revisando ruc: 20122529780
2022-12-21 13:56:55,341 DEBUG: Comparando SUNAT con BD
2022-12-21 13:56:56,373 INFO : PL20122529780 actualizado
2022-12-21 13:56:56,380 DEBUG: Validacion finalizada
2022-12-21 13:56:56,380 DEBUG: Iniciando validacion
2022-12-21 13:56:56,381 DEBUG: Revisando en BD RUC: 20515874136
2022-12-21 13:56:56,444 DEBUG: Revisando ruc: 20515874136
2022-12-21 13:56:56,559 DEBUG: Comparando SUNAT con BD
2022-12-21 13:56:57,979 INFO : PL20515874136 actualizado
2022-12-21 13:56:57,984 DEBUG: Validacion finalizada
2022-12-21 13:56:57,985 DEBUG: Iniciando validacion
2022-12-21 13:56:57,986 DEBUG: Revisando en BD RUC: 20122909931
2022-12-21 13:56:58,051 DEBUG: Revisando ruc: 20122909931
2022-12-21 13:56:58,071 DEBUG: 20150201
2022-12-21 13:56:58,071 DEBUG: 20160201
2022-12-21 13:56:58,187 DEBUG: Comparando SUNAT con BD
2022-12-21 13:56:59,545 INFO : PL20122909931 actualizado
2022-12-21 13:56:59,552 DEBUG: Validacion finalizada
2022-12-21 13:56:59,553 DEBUG: Iniciando validacion
2022-12-21 13:56:59,554 DEBUG: Revisando en BD RUC: 10026553283
2022-12-21 13:56:59,619 DEBUG: Revisando ruc: 10026553283
2022-12-21 13:56:59,620 DEBUG: 20040701
2022-12-21 13:56:59,704 DEBUG: Comparando SUNAT con BD
2022-12-21 13:57:00,389 ERROR: Error al actualizar: CardCode-PL10026553283 - -1116: (2) bpvs:LC12 - Si se trata de una Persona Natural con RUC sin Negocio, en la pestaña de Finanzas debe colocar el tipo de impuesto "Extranjero"
2022-12-21 13:57:00,399 DEBUG: Validacion finalizada
2022-12-21 13:57:00,399 DEBUG: Iniciando validacion
2022-12-21 13:57:00,400 DEBUG: Revisando en BD RUC: 20131257750
2022-12-21 13:57:00,466 DEBUG: Revisando ruc: 20131257750
2022-12-21 13:57:00,491 DEBUG: 20020601
2022-12-21 13:57:00,582 DEBUG: Comparando SUNAT con BD
2022-12-21 13:57:01,569 INFO : PL20131257750 actualizado
2022-12-21 13:57:01,576 DEBUG: Validacion finalizada
2022-12-21 13:57:01,577 DEBUG: Iniciando validacion
2022-12-21 13:57:01,578 DEBUG: Revisando en BD RUC: 20525602258
2022-12-21 13:57:01,654 DEBUG: Revisando ruc: 20525602258
2022-12-21 13:57:01,778 DEBUG: Comparando SUNAT con BD
2022-12-21 13:57:03,157 INFO : PL20525602258 actualizado
2022-12-21 13:57:03,165 DEBUG: Validacion finalizada
2022-12-21 13:57:03,166 DEBUG: Iniciando validacion
2022-12-21 13:57:03,166 DEBUG: Revisando en BD RUC: 20409382739
2022-12-21 13:57:03,233 DEBUG: Revisando ruc: 20409382739
2022-12-21 13:57:03,366 DEBUG: Comparando SUNAT con BD
2022-12-21 13:57:04,332 INFO : PL20409382739 actualizado
2022-12-21 13:57:04,339 DEBUG: Validacion finalizada
2022-12-21 13:57:04,339 DEBUG: Iniciando validacion
2022-12-21 13:57:04,340 DEBUG: Revisando en BD RUC: 20481691550
2022-12-21 13:57:04,438 DEBUG: Revisando ruc: 20481691550
2022-12-21 13:57:04,463 DEBUG: 20220201
2022-12-21 13:57:04,559 DEBUG: Comparando SUNAT con BD
2022-12-21 13:57:05,943 INFO : PL20481691550 actualizado
2022-12-21 13:57:05,953 DEBUG: Validacion finalizada
2022-12-21 13:57:05,953 DEBUG: Iniciando validacion
2022-12-21 13:57:05,959 DEBUG: Revisando en BD RUC: 20440983261
2022-12-21 13:57:06,030 DEBUG: Revisando ruc: 20440983261
2022-12-21 13:57:06,045 DEBUG: 20160901
2022-12-21 13:57:06,160 DEBUG: Comparando SUNAT con BD
2022-12-21 13:57:08,026 INFO : PL20440983261 actualizado
2022-12-21 13:57:08,037 DEBUG: Validacion finalizada
2022-12-21 13:57:08,038 DEBUG: Iniciando validacion
2022-12-21 13:57:08,039 DEBUG: Revisando en BD RUC: 10028078914
2022-12-21 13:57:08,101 DEBUG: Revisando ruc: 10028078914
2022-12-21 13:57:08,200 DEBUG: Comparando SUNAT con BD
2022-12-21 13:57:09,088 ERROR: Error al actualizar: CardCode-PL10028078914 - -1116: (2) bpvs:LC18 - Debe registrar por lo menos una dirección de almacén
2022-12-21 13:57:09,097 DEBUG: Validacion finalizada
2022-12-21 13:57:09,097 INFO : Resultado: 8 correctos, 2 errores, 0 inválidos, 8 Socios Procesados -  Total Acumulado: 929
2022-12-21 13:57:09,104 INFO : RUC del 1181 al 1190
2022-12-21 13:57:10,661 DEBUG: Iniciando validacion
2022-12-21 13:57:10,661 DEBUG: Revisando en BD RUC: 10028090604
2022-12-21 13:57:10,718 DEBUG: Revisando ruc: 10028090604
2022-12-21 13:57:10,823 DEBUG: Comparando SUNAT con BD
2022-12-21 13:57:11,497 ERROR: Error al actualizar: CardCode-PL10028090604 - -1116: (2) bpvs:LC12 - Si se trata de una Persona Natural con RUC sin Negocio, en la pestaña de Finanzas debe colocar el tipo de impuesto "Extranjero"
2022-12-21 13:57:11,506 DEBUG: Validacion finalizada
2022-12-21 13:57:11,506 DEBUG: Iniciando validacion
2022-12-21 13:57:11,509 DEBUG: Revisando en BD RUC: 10028316017
2022-12-21 13:57:11,570 DEBUG: Revisando ruc: 10028316017
2022-12-21 13:57:11,664 DEBUG: Comparando SUNAT con BD
2022-12-21 13:57:12,805 INFO : PL10028316017 actualizado
2022-12-21 13:57:12,815 DEBUG: Validacion finalizada
2022-12-21 13:57:12,816 DEBUG: Iniciando validacion
2022-12-21 13:57:12,820 DEBUG: Revisando en BD RUC: 10028319041
2022-12-21 13:57:12,882 DEBUG: Revisando ruc: 10028319041
2022-12-21 13:57:12,967 DEBUG: Comparando SUNAT con BD
2022-12-21 13:57:13,969 ERROR: Error al actualizar: CardCode-PL10028319041 - -1116: (2) bpvs:LC12 - Si se trata de una Persona Natural con RUC sin Negocio, en la pestaña de Finanzas debe colocar el tipo de impuesto "Extranjero"
2022-12-21 13:57:13,978 DEBUG: Validacion finalizada
2022-12-21 13:57:13,979 DEBUG: Iniciando validacion
2022-12-21 13:57:13,980 DEBUG: Revisando en BD RUC: 10032037921
2022-12-21 13:57:14,036 DEBUG: Revisando ruc: 10032037921
2022-12-21 13:57:14,125 DEBUG: Comparando SUNAT con BD
2022-12-21 13:57:15,442 INFO : PL10032037921 actualizado
2022-12-21 13:57:15,453 DEBUG: Validacion finalizada
2022-12-21 13:57:15,453 DEBUG: Iniciando validacion
2022-12-21 13:57:15,457 DEBUG: Revisando en BD RUC: 10028333264
2022-12-21 13:57:15,539 DEBUG: Revisando ruc: 10028333264
2022-12-21 13:57:15,631 DEBUG: Comparando SUNAT con BD
2022-12-21 13:57:16,599 INFO : PL10028333264 actualizado
2022-12-21 13:57:16,609 DEBUG: Validacion finalizada
2022-12-21 13:57:16,609 DEBUG: Iniciando validacion
2022-12-21 13:57:16,613 DEBUG: Revisando en BD RUC: 10028291863
2022-12-21 13:57:16,686 DEBUG: Revisando ruc: 10028291863
2022-12-21 13:57:16,781 DEBUG: Comparando SUNAT con BD
2022-12-21 13:57:17,461 ERROR: Error al actualizar: CardCode-PL10028291863 - -1116: (2) bpvs:LC12 - Si se trata de una Persona Natural con RUC sin Negocio, en la pestaña de Finanzas debe colocar el tipo de impuesto "Extranjero"
2022-12-21 13:57:17,470 DEBUG: Validacion finalizada
2022-12-21 13:57:17,471 DEBUG: Iniciando validacion
2022-12-21 13:57:17,479 DEBUG: Revisando en BD RUC: 20530139701
2022-12-21 13:57:17,542 DEBUG: Revisando ruc: 20530139701
2022-12-21 13:57:17,662 DEBUG: Comparando SUNAT con BD
2022-12-21 13:57:18,629 INFO : PL20530139701 actualizado
2022-12-21 13:57:18,638 DEBUG: Validacion finalizada
2022-12-21 13:57:18,639 DEBUG: Iniciando validacion
2022-12-21 13:57:18,640 DEBUG: Revisando en BD RUC: 20525555152
2022-12-21 13:57:18,709 DEBUG: Revisando ruc: 20525555152
2022-12-21 13:57:18,828 DEBUG: Comparando SUNAT con BD
2022-12-21 13:57:19,847 INFO : PL20525555152 actualizado
2022-12-21 13:57:19,861 DEBUG: Validacion finalizada
2022-12-21 13:57:19,861 DEBUG: Iniciando validacion
2022-12-21 13:57:19,862 DEBUG: Revisando en BD RUC: 20502953541
2022-12-21 13:57:19,935 DEBUG: Revisando ruc: 20502953541
2022-12-21 13:57:20,062 DEBUG: Comparando SUNAT con BD
2022-12-21 13:57:21,195 INFO : PL20502953541 actualizado
2022-12-21 13:57:21,206 DEBUG: Validacion finalizada
2022-12-21 13:57:21,208 DEBUG: Iniciando validacion
2022-12-21 13:57:21,208 DEBUG: Revisando en BD RUC: 10028339998
2022-12-21 13:57:21,273 DEBUG: Revisando ruc: 10028339998
2022-12-21 13:57:21,364 DEBUG: Comparando SUNAT con BD
2022-12-21 13:57:22,078 ERROR: Error al actualizar: CardCode-PL10028339998 - -1116: (2) bpvs:LC12 - Si se trata de una Persona Natural con RUC sin Negocio, en la pestaña de Finanzas debe colocar el tipo de impuesto "Extranjero"
2022-12-21 13:57:22,093 DEBUG: Validacion finalizada
2022-12-21 13:57:22,094 INFO : Resultado: 6 correctos, 4 errores, 0 inválidos, 6 Socios Procesados -  Total Acumulado: 935
2022-12-21 13:57:22,096 INFO : RUC del 1191 al 1200
2022-12-21 13:57:23,498 DEBUG: Iniciando validacion
2022-12-21 13:57:23,498 DEBUG: Revisando en BD RUC: 20132712086
2022-12-21 13:57:23,559 DEBUG: Revisando ruc: 20132712086
2022-12-21 13:57:23,586 DEBUG: 20160901
2022-12-21 13:57:23,586 DEBUG: 20160201
2022-12-21 13:57:23,687 DEBUG: Comparando SUNAT con BD
2022-12-21 13:57:24,660 INFO : PL20132712086 actualizado
2022-12-21 13:57:24,676 DEBUG: Validacion finalizada
2022-12-21 13:57:24,677 DEBUG: Iniciando validacion
2022-12-21 13:57:24,680 DEBUG: Revisando en BD RUC: 20601899591
2022-12-21 13:57:24,754 DEBUG: Revisando ruc: 20601899591
2022-12-21 13:57:24,868 DEBUG: Comparando SUNAT con BD
2022-12-21 13:57:25,473 ERROR: Error al actualizar: CardCode-P20601899591 - -1116: (2) bpvs:LC05 - EL prefijo del codigo para proveedores debe ser PL (Proveedor Local) o PE (Proveedor Extranjero)
2022-12-21 13:57:25,480 DEBUG: Validacion finalizada
2022-12-21 13:57:25,480 DEBUG: Iniciando validacion
2022-12-21 13:57:25,482 DEBUG: Revisando en BD RUC: 20609261359
2022-12-21 13:57:25,542 DEBUG: Revisando ruc: 20609261359
2022-12-21 13:57:25,685 DEBUG: Comparando SUNAT con BD
2022-12-21 13:57:26,920 INFO : PL20609261359 actualizado
2022-12-21 13:57:26,926 DEBUG: Validacion finalizada
2022-12-21 13:57:26,927 DEBUG: Iniciando validacion
2022-12-21 13:57:26,928 DEBUG: Revisando en BD RUC: 10028229581
2022-12-21 13:57:27,002 DEBUG: Revisando ruc: 10028229581
2022-12-21 13:57:27,082 DEBUG: Comparando SUNAT con BD
2022-12-21 13:57:27,763 ERROR: Error al actualizar: CardCode-PL10028229581 - -1116: (2) bpvs:LC12 - Si se trata de una Persona Natural con RUC sin Negocio, en la pestaña de Finanzas debe colocar el tipo de impuesto "Extranjero"
2022-12-21 13:57:27,774 DEBUG: Validacion finalizada
2022-12-21 13:57:27,774 DEBUG: Iniciando validacion
2022-12-21 13:57:27,775 DEBUG: Revisando en BD RUC: 20525925693
2022-12-21 13:57:27,845 DEBUG: Revisando ruc: 20525925693
2022-12-21 13:57:27,971 DEBUG: Comparando SUNAT con BD
2022-12-21 13:57:29,371 INFO : PL20525925693 actualizado
2022-12-21 13:57:29,379 DEBUG: Validacion finalizada
2022-12-21 13:57:29,379 DEBUG: Iniciando validacion
2022-12-21 13:57:29,380 DEBUG: Revisando en BD RUC: 20601362890
2022-12-21 13:57:29,446 DEBUG: Revisando ruc: 20601362890
2022-12-21 13:57:29,559 DEBUG: Comparando SUNAT con BD
2022-12-21 13:57:30,612 INFO : PL20601362890 actualizado
2022-12-21 13:57:30,622 DEBUG: Validacion finalizada
2022-12-21 13:57:30,622 DEBUG: Iniciando validacion
2022-12-21 13:57:30,623 DEBUG: Revisando en BD RUC: 20600044266
2022-12-21 13:57:30,697 DEBUG: Revisando ruc: 20600044266
2022-12-21 13:57:30,836 DEBUG: Comparando SUNAT con BD
2022-12-21 13:57:31,839 INFO : PL20600044266 actualizado
2022-12-21 13:57:31,848 DEBUG: Validacion finalizada
2022-12-21 13:57:31,848 DEBUG: Iniciando validacion
2022-12-21 13:57:31,855 DEBUG: Revisando en BD RUC: 10002530053
2022-12-21 13:57:31,912 DEBUG: Revisando ruc: 10002530053
2022-12-21 13:57:31,996 DEBUG: Comparando SUNAT con BD
2022-12-21 13:57:33,003 INFO : PL10002530053 actualizado
2022-12-21 13:57:33,014 DEBUG: Validacion finalizada
2022-12-21 13:57:33,014 DEBUG: Iniciando validacion
2022-12-21 13:57:33,015 DEBUG: Revisando en BD RUC: 20486591529
2022-12-21 13:57:33,093 DEBUG: Revisando ruc: 20486591529
2022-12-21 13:57:33,252 DEBUG: Comparando SUNAT con BD
2022-12-21 13:57:34,237 ERROR: Error al actualizar: CardCode-PL20486591529 - -1116: (2) bpvs:LC20 - En la pestaña Direcciones, debe llenar los campos "Calle/Número", "Distrito", "Ciudad", "Departamento" de todas las direcciones
2022-12-21 13:57:34,249 DEBUG: Validacion finalizada
2022-12-21 13:57:34,250 DEBUG: Iniciando validacion
2022-12-21 13:57:34,250 DEBUG: Revisando en BD RUC: 10002538381
2022-12-21 13:57:34,323 DEBUG: Revisando ruc: 10002538381
2022-12-21 13:57:34,410 DEBUG: Comparando SUNAT con BD
2022-12-21 13:57:35,267 ERROR: Error al actualizar: CardCode-PL10002538381 - -1116: (2) bpvs:LC12 - Si se trata de una Persona Natural con RUC sin Negocio, en la pestaña de Finanzas debe colocar el tipo de impuesto "Extranjero"
2022-12-21 13:57:35,277 DEBUG: Validacion finalizada
2022-12-21 13:57:35,277 INFO : Resultado: 6 correctos, 4 errores, 0 inválidos, 6 Socios Procesados -  Total Acumulado: 941
2022-12-21 13:57:35,279 INFO : RUC del 1201 al 1210
2022-12-21 13:57:36,607 DEBUG: Iniciando validacion
2022-12-21 13:57:36,607 DEBUG: Revisando en BD RUC: 20602031030
2022-12-21 13:57:36,673 DEBUG: Revisando ruc: 20602031030
2022-12-21 13:57:36,809 DEBUG: Comparando SUNAT con BD
2022-12-21 13:57:38,177 INFO : PL20602031030 actualizado
2022-12-21 13:57:38,183 DEBUG: Validacion finalizada
2022-12-21 13:57:38,183 DEBUG: Iniciando validacion
2022-12-21 13:57:38,184 DEBUG: Revisando en BD RUC: 20302757641
2022-12-21 13:57:38,236 DEBUG: Revisando ruc: 20302757641
2022-12-21 13:57:38,365 DEBUG: Comparando SUNAT con BD
2022-12-21 13:57:39,335 INFO : PL20302757641 actualizado
2022-12-21 13:57:39,343 DEBUG: Validacion finalizada
2022-12-21 13:57:39,344 DEBUG: Iniciando validacion
2022-12-21 13:57:39,345 DEBUG: Revisando en BD RUC: 20530327613
2022-12-21 13:57:39,421 DEBUG: Revisando ruc: 20530327613
2022-12-21 13:57:39,538 DEBUG: Comparando SUNAT con BD
2022-12-21 13:57:40,669 INFO : PL20530327613 actualizado
2022-12-21 13:57:40,679 DEBUG: Validacion finalizada
2022-12-21 13:57:40,679 DEBUG: Iniciando validacion
2022-12-21 13:57:40,681 DEBUG: Revisando en BD RUC: 20546010938
2022-12-21 13:57:40,746 DEBUG: Revisando ruc: 20546010938
2022-12-21 13:57:40,774 DEBUG: 20150201
2022-12-21 13:57:40,874 DEBUG: Comparando SUNAT con BD
2022-12-21 13:57:41,829 INFO : PL20546010938 actualizado
2022-12-21 13:57:41,839 DEBUG: Validacion finalizada
2022-12-21 13:57:41,840 DEBUG: Iniciando validacion
2022-12-21 13:57:41,842 DEBUG: Revisando en BD RUC: 20559747212
2022-12-21 13:57:41,893 DEBUG: Revisando ruc: 20559747212
2022-12-21 13:57:42,007 DEBUG: Comparando SUNAT con BD
2022-12-21 13:57:42,978 INFO : PL20559747212 actualizado
2022-12-21 13:57:42,989 DEBUG: Validacion finalizada
2022-12-21 13:57:42,990 DEBUG: Iniciando validacion
2022-12-21 13:57:42,990 DEBUG: Revisando en BD RUC: 20600530292
2022-12-21 13:57:43,060 DEBUG: Revisando ruc: 20600530292
2022-12-21 13:57:43,207 DEBUG: Comparando SUNAT con BD
2022-12-21 13:57:44,578 INFO : PL20600530292 actualizado
2022-12-21 13:57:44,588 DEBUG: Validacion finalizada
2022-12-21 13:57:44,588 DEBUG: Iniciando validacion
2022-12-21 13:57:44,590 DEBUG: Revisando en BD RUC: 20600052595
2022-12-21 13:57:44,662 DEBUG: Revisando ruc: 20600052595
2022-12-21 13:57:44,780 DEBUG: Comparando SUNAT con BD
2022-12-21 13:57:45,800 INFO : PL20600052595 actualizado
2022-12-21 13:57:45,805 DEBUG: Validacion finalizada
2022-12-21 13:57:45,805 DEBUG: Iniciando validacion
2022-12-21 13:57:45,806 DEBUG: Revisando en BD RUC: 20154477536
2022-12-21 13:57:45,864 DEBUG: Revisando ruc: 20154477536
2022-12-21 13:57:45,883 DEBUG: 20220201
2022-12-21 13:57:45,883 DEBUG: 20150201
2022-12-21 13:57:45,986 DEBUG: Comparando SUNAT con BD
2022-12-21 13:57:47,015 INFO : PL20154477536 actualizado
2022-12-21 13:57:47,021 DEBUG: Validacion finalizada
2022-12-21 13:57:47,022 DEBUG: Iniciando validacion
2022-12-21 13:57:47,023 DEBUG: Revisando en BD RUC: 10026670441
2022-12-21 13:57:47,090 DEBUG: Revisando ruc: 10026670441
2022-12-21 13:57:47,223 DEBUG: Comparando SUNAT con BD
2022-12-21 13:57:47,932 ERROR: Error al actualizar: CardCode-PL10026670441 - -1116: (2) bpvs:LC12 - Si se trata de una Persona Natural con RUC sin Negocio, en la pestaña de Finanzas debe colocar el tipo de impuesto "Extranjero"
2022-12-21 13:57:47,939 DEBUG: Validacion finalizada
2022-12-21 13:57:47,940 DEBUG: Iniciando validacion
2022-12-21 13:57:47,941 DEBUG: Revisando en BD RUC: 20526576366
2022-12-21 13:57:48,013 DEBUG: Revisando ruc: 20526576366
2022-12-21 13:57:48,140 DEBUG: Comparando SUNAT con BD
2022-12-21 13:57:49,397 INFO : PL20526576366 actualizado
2022-12-21 13:57:49,406 DEBUG: Validacion finalizada
2022-12-21 13:57:49,407 INFO : Resultado: 9 correctos, 1 errores, 0 inválidos, 9 Socios Procesados -  Total Acumulado: 950
2022-12-21 13:57:49,409 INFO : RUC del 1211 al 1220
2022-12-21 13:57:50,783 DEBUG: Iniciando validacion
2022-12-21 13:57:50,783 DEBUG: Revisando en BD RUC: 20604262250
2022-12-21 13:57:50,843 DEBUG: Revisando ruc: 20604262250
2022-12-21 13:57:50,968 DEBUG: Comparando SUNAT con BD
2022-12-21 13:57:52,341 INFO : PL20604262250 actualizado
2022-12-21 13:57:52,351 DEBUG: Validacion finalizada
2022-12-21 13:57:52,352 DEBUG: Iniciando validacion
2022-12-21 13:57:52,354 DEBUG: Revisando en BD RUC: 10002502475
2022-12-21 13:57:52,414 DEBUG: Revisando ruc: 10002502475
2022-12-21 13:57:52,501 DEBUG: Comparando SUNAT con BD
2022-12-21 13:57:53,498 INFO : PL10002502475 actualizado
2022-12-21 13:57:53,510 DEBUG: Validacion finalizada
2022-12-21 13:57:53,511 DEBUG: Iniciando validacion
2022-12-21 13:57:53,512 DEBUG: Revisando en BD RUC: 20601509351
2022-12-21 13:57:53,584 DEBUG: Revisando ruc: 20601509351
2022-12-21 13:57:53,732 DEBUG: Comparando SUNAT con BD
2022-12-21 13:57:54,721 INFO : PL20601509351 actualizado
2022-12-21 13:57:54,728 DEBUG: Validacion finalizada
2022-12-21 13:57:54,731 DEBUG: Iniciando validacion
2022-12-21 13:57:54,732 DEBUG: Revisando en BD RUC: 20601989761
2022-12-21 13:57:54,794 DEBUG: Revisando ruc: 20601989761
2022-12-21 13:57:54,928 DEBUG: Comparando SUNAT con BD
2022-12-21 13:57:56,293 INFO : PL20601989761 actualizado
2022-12-21 13:57:56,300 DEBUG: Validacion finalizada
2022-12-21 13:57:56,300 DEBUG: Iniciando validacion
2022-12-21 13:57:56,301 DEBUG: Revisando en BD RUC: 20530204708
2022-12-21 13:57:56,368 DEBUG: Revisando ruc: 20530204708
2022-12-21 13:57:56,482 DEBUG: Comparando SUNAT con BD
2022-12-21 13:57:57,437 INFO : PL20530204708 actualizado
2022-12-21 13:57:57,443 DEBUG: Validacion finalizada
2022-12-21 13:57:57,443 DEBUG: Iniciando validacion
2022-12-21 13:57:57,445 DEBUG: Revisando en BD RUC: 20600187075
2022-12-21 13:57:57,522 DEBUG: Revisando ruc: 20600187075
2022-12-21 13:57:57,637 DEBUG: Comparando SUNAT con BD
2022-12-21 13:57:58,798 INFO : PL20600187075 actualizado
2022-12-21 13:57:58,810 DEBUG: Validacion finalizada
2022-12-21 13:57:58,811 DEBUG: Iniciando validacion
2022-12-21 13:57:58,812 DEBUG: Revisando en BD RUC: 20601407737
2022-12-21 13:57:58,868 DEBUG: Revisando ruc: 20601407737
2022-12-21 13:57:58,978 DEBUG: Comparando SUNAT con BD
2022-12-21 13:57:59,983 INFO : PL20601407737 actualizado
2022-12-21 13:57:59,989 DEBUG: Validacion finalizada
2022-12-21 13:57:59,990 DEBUG: Iniciando validacion
2022-12-21 13:57:59,991 DEBUG: Revisando en BD RUC: 20600133561
2022-12-21 13:58:00,064 DEBUG: Revisando ruc: 20600133561
2022-12-21 13:58:00,185 DEBUG: Comparando SUNAT con BD
2022-12-21 13:58:01,009 ERROR: Error al actualizar: CardCode-PL20600133561 - -1116: (2) bpvs:LC20 - En la pestaña Direcciones, debe llenar los campos "Calle/Número", "Distrito", "Ciudad", "Departamento" de todas las direcciones
2022-12-21 13:58:01,018 DEBUG: Validacion finalizada
2022-12-21 13:58:01,019 DEBUG: Iniciando validacion
2022-12-21 13:58:01,020 DEBUG: Revisando en BD RUC: 10026755013
2022-12-21 13:58:01,084 DEBUG: Revisando ruc: 10026755013
2022-12-21 13:58:01,177 DEBUG: Comparando SUNAT con BD
2022-12-21 13:58:02,129 INFO : PL10026755013 actualizado
2022-12-21 13:58:02,135 DEBUG: Validacion finalizada
2022-12-21 13:58:02,135 DEBUG: Iniciando validacion
2022-12-21 13:58:02,136 DEBUG: Revisando en BD RUC: 20604269530
2022-12-21 13:58:02,194 DEBUG: Revisando ruc: 20604269530
2022-12-21 13:58:02,210 DEBUG: 20220201
2022-12-21 13:58:02,307 DEBUG: Comparando SUNAT con BD
2022-12-21 13:58:03,465 INFO : PL20604269530 actualizado
2022-12-21 13:58:03,469 DEBUG: Validacion finalizada
2022-12-21 13:58:03,470 INFO : Resultado: 9 correctos, 1 errores, 0 inválidos, 9 Socios Procesados -  Total Acumulado: 959
2022-12-21 13:58:03,470 INFO : RUC del 1221 al 1230
2022-12-21 13:58:04,849 DEBUG: Iniciando validacion
2022-12-21 13:58:04,849 DEBUG: Revisando en BD RUC: 20161772373
2022-12-21 13:58:04,913 DEBUG: Revisando ruc: 20161772373
2022-12-21 13:58:04,930 DEBUG: 20190501
2022-12-21 13:58:05,020 DEBUG: Comparando SUNAT con BD
2022-12-21 13:58:06,212 INFO : PL20161772373 actualizado
2022-12-21 13:58:06,220 DEBUG: Validacion finalizada
2022-12-21 13:58:06,221 DEBUG: Iniciando validacion
2022-12-21 13:58:06,224 DEBUG: Revisando en BD RUC: 20517253520
2022-12-21 13:58:06,298 DEBUG: Revisando ruc: 20517253520
2022-12-21 13:58:06,427 DEBUG: Comparando SUNAT con BD
2022-12-21 13:58:07,717 INFO : PL20517253520 actualizado
2022-12-21 13:58:07,723 DEBUG: Validacion finalizada
2022-12-21 13:58:07,724 DEBUG: Iniciando validacion
2022-12-21 13:58:07,725 DEBUG: Revisando en BD RUC: 20114673774
2022-12-21 13:58:07,786 DEBUG: Revisando ruc: 20114673774
2022-12-21 13:58:07,954 DEBUG: Comparando SUNAT con BD
2022-12-21 13:58:08,928 INFO : PL20114673774 actualizado
2022-12-21 13:58:08,957 DEBUG: Revisando ruc: 20114673774
2022-12-21 13:58:09,081 DEBUG: Comparando SUNAT con BD
2022-12-21 13:58:10,096 INFO : CL20114673774 actualizado
2022-12-21 13:58:10,105 DEBUG: Validacion finalizada
2022-12-21 13:58:10,105 DEBUG: Iniciando validacion
2022-12-21 13:58:10,107 DEBUG: Revisando en BD RUC: 20293331066
2022-12-21 13:58:10,167 DEBUG: Revisando ruc: 20293331066
2022-12-21 13:58:10,195 DEBUG: 20020601
2022-12-21 13:58:10,309 DEBUG: Comparando SUNAT con BD
2022-12-21 13:58:11,698 INFO : PL20293331066 actualizado
2022-12-21 13:58:11,705 DEBUG: Validacion finalizada
2022-12-21 13:58:11,705 DEBUG: Iniciando validacion
2022-12-21 13:58:11,706 DEBUG: Revisando en BD RUC: 20602618073
2022-12-21 13:58:11,777 DEBUG: Revisando ruc: 20602618073
2022-12-21 13:58:11,911 DEBUG: Comparando SUNAT con BD
2022-12-21 13:58:13,362 INFO : PL20602618073 actualizado
2022-12-21 13:58:13,370 DEBUG: Validacion finalizada
2022-12-21 13:58:13,370 DEBUG: Iniciando validacion
2022-12-21 13:58:13,371 DEBUG: Revisando en BD RUC: 20546458211
2022-12-21 13:58:13,430 DEBUG: Revisando ruc: 20546458211
2022-12-21 13:58:13,533 DEBUG: Comparando SUNAT con BD
2022-12-21 13:58:14,560 INFO : PL20546458211 actualizado
2022-12-21 13:58:14,573 DEBUG: Validacion finalizada
2022-12-21 13:58:14,573 DEBUG: Iniciando validacion
2022-12-21 13:58:14,576 DEBUG: Revisando en BD RUC: 20202380621
2022-12-21 13:58:14,637 DEBUG: Revisando ruc: 20202380621
2022-12-21 13:58:14,667 DEBUG: 20020601
2022-12-21 13:58:14,769 DEBUG: Comparando SUNAT con BD
2022-12-21 13:58:16,056 INFO : PL20202380621 actualizado
2022-12-21 13:58:16,075 DEBUG: Validacion finalizada
2022-12-21 13:58:16,075 DEBUG: Iniciando validacion
2022-12-21 13:58:16,076 DEBUG: Revisando en BD RUC: 20175674382
2022-12-21 13:58:16,126 DEBUG: Revisando ruc: 20175674382
2022-12-21 13:58:16,149 DEBUG: 20160201
2022-12-21 13:58:16,253 DEBUG: Comparando SUNAT con BD
2022-12-21 13:58:17,691 INFO : PL20175674382 actualizado
2022-12-21 13:58:17,701 DEBUG: Validacion finalizada
2022-12-21 13:58:17,701 DEBUG: Iniciando validacion
2022-12-21 13:58:17,702 DEBUG: Revisando en BD RUC: 20537042126
2022-12-21 13:58:17,764 DEBUG: Revisando ruc: 20537042126
2022-12-21 13:58:17,885 DEBUG: Comparando SUNAT con BD
2022-12-21 13:58:18,853 INFO : PL20537042126 actualizado
2022-12-21 13:58:18,867 DEBUG: Validacion finalizada
2022-12-21 13:58:18,868 DEBUG: Iniciando validacion
2022-12-21 13:58:18,870 DEBUG: Revisando en BD RUC: 20504511945
2022-12-21 13:58:18,949 DEBUG: Revisando ruc: 20504511945
2022-12-21 13:58:18,978 DEBUG: 20191201
2022-12-21 13:58:19,072 DEBUG: Comparando SUNAT con BD
2022-12-21 13:58:20,381 INFO : PL20504511945 actualizado
2022-12-21 13:58:20,390 DEBUG: Validacion finalizada
2022-12-21 13:58:20,390 INFO : Resultado: 10 correctos, 0 errores, 0 inválidos, 11 Socios Procesados -  Total Acumulado: 970
2022-12-21 13:58:20,391 INFO : RUC del 1231 al 1240
2022-12-21 13:58:21,772 DEBUG: Iniciando validacion
2022-12-21 13:58:21,773 DEBUG: Revisando en BD RUC: 20409273875
2022-12-21 13:58:21,839 DEBUG: Revisando ruc: 20409273875
2022-12-21 13:58:21,968 DEBUG: Comparando SUNAT con BD
2022-12-21 13:58:23,091 INFO : PL20409273875 actualizado
2022-12-21 13:58:23,100 DEBUG: Validacion finalizada
2022-12-21 13:58:23,101 DEBUG: Iniciando validacion
2022-12-21 13:58:23,105 DEBUG: Revisando en BD RUC: 10003697865
2022-12-21 13:58:23,164 DEBUG: Revisando ruc: 10003697865
2022-12-21 13:58:23,245 DEBUG: Comparando SUNAT con BD
2022-12-21 13:58:24,197 INFO : PL10003697865 actualizado
2022-12-21 13:58:24,203 DEBUG: Validacion finalizada
2022-12-21 13:58:24,203 DEBUG: Iniciando validacion
2022-12-21 13:58:24,204 DEBUG: Revisando en BD RUC: 20101902740
2022-12-21 13:58:24,275 DEBUG: Revisando ruc: 20101902740
2022-12-21 13:58:24,436 DEBUG: Comparando SUNAT con BD
2022-12-21 13:58:25,776 INFO : PL20101902740 actualizado
2022-12-21 13:58:25,785 DEBUG: Validacion finalizada
2022-12-21 13:58:25,786 DEBUG: Iniciando validacion
2022-12-21 13:58:25,788 DEBUG: Revisando en BD RUC: 20184778824
2022-12-21 13:58:25,863 DEBUG: Revisando ruc: 20184778824
2022-12-21 13:58:25,884 DEBUG: 20150201
2022-12-21 13:58:25,885 DEBUG: 20031101
2022-12-21 13:58:25,997 DEBUG: Comparando SUNAT con BD
2022-12-21 13:58:27,390 INFO : PL20184778824 actualizado
2022-12-21 13:58:27,401 DEBUG: Validacion finalizada
2022-12-21 13:58:27,402 DEBUG: Iniciando validacion
2022-12-21 13:58:27,403 DEBUG: Revisando en BD RUC: 20602654631
2022-12-21 13:58:27,462 DEBUG: Revisando ruc: 20602654631
2022-12-21 13:58:27,492 DEBUG: 20191201
2022-12-21 13:58:27,591 DEBUG: Comparando SUNAT con BD
2022-12-21 13:58:28,783 INFO : PL20602654631 actualizado
2022-12-21 13:58:28,792 DEBUG: Validacion finalizada
2022-12-21 13:58:28,793 DEBUG: Iniciando validacion
2022-12-21 13:58:28,794 DEBUG: Revisando en BD RUC: 20441204451
2022-12-21 13:58:28,852 DEBUG: Revisando ruc: 20441204451
2022-12-21 13:58:28,973 DEBUG: Comparando SUNAT con BD
2022-12-21 13:58:29,959 INFO : PL20441204451 actualizado
2022-12-21 13:58:29,970 DEBUG: Validacion finalizada
2022-12-21 13:58:29,971 DEBUG: Iniciando validacion
2022-12-21 13:58:29,975 DEBUG: Revisando en BD RUC: 10002025863
2022-12-21 13:58:30,047 DEBUG: Revisando ruc: 10002025863
2022-12-21 13:58:30,133 DEBUG: Comparando SUNAT con BD
2022-12-21 13:58:31,138 INFO : PL10002025863 actualizado
2022-12-21 13:58:31,147 DEBUG: Validacion finalizada
2022-12-21 13:58:31,147 DEBUG: Iniciando validacion
2022-12-21 13:58:31,149 DEBUG: Revisando en BD RUC: 20539938771
2022-12-21 13:58:31,221 DEBUG: Revisando ruc: 20539938771
2022-12-21 13:58:31,341 DEBUG: Comparando SUNAT con BD
2022-12-21 13:58:32,566 INFO : PL20539938771 actualizado
2022-12-21 13:58:32,574 DEBUG: Validacion finalizada
2022-12-21 13:58:32,575 DEBUG: Iniciando validacion
2022-12-21 13:58:32,576 DEBUG: Revisando en BD RUC: 10410388770
2022-12-21 13:58:32,639 DEBUG: Revisando ruc: 10410388770
2022-12-21 13:58:32,729 DEBUG: Comparando SUNAT con BD
2022-12-21 13:58:33,573 ERROR: Error al actualizar: CardCode-PL10410388770 - -1116: (2) bpvs:LC20 - En la pestaña Direcciones, debe llenar los campos "Calle/Número", "Distrito", "Ciudad", "Departamento" de todas las direcciones
2022-12-21 13:58:33,585 DEBUG: Validacion finalizada
2022-12-21 13:58:33,585 DEBUG: Iniciando validacion
2022-12-21 13:58:33,586 DEBUG: Revisando en BD RUC: 20263019807
2022-12-21 13:58:33,658 DEBUG: Revisando ruc: 20263019807
2022-12-21 13:58:33,700 DEBUG: 20130701
2022-12-21 13:58:33,822 DEBUG: Comparando SUNAT con BD
2022-12-21 13:58:35,344 INFO : PL20263019807 actualizado
2022-12-21 13:58:35,357 DEBUG: Validacion finalizada
2022-12-21 13:58:35,357 INFO : Resultado: 9 correctos, 1 errores, 0 inválidos, 9 Socios Procesados -  Total Acumulado: 979
2022-12-21 13:58:35,358 INFO : RUC del 1241 al 1247
2022-12-21 13:58:36,547 DEBUG: Iniciando validacion
2022-12-21 13:58:36,547 DEBUG: Revisando en BD RUC: 20601277299
2022-12-21 13:58:36,607 DEBUG: Revisando ruc: 20601277299
2022-12-21 13:58:36,739 DEBUG: Comparando SUNAT con BD
2022-12-21 13:58:37,692 INFO : PL20601277299 actualizado
2022-12-21 13:58:37,701 DEBUG: Validacion finalizada
2022-12-21 13:58:37,702 DEBUG: Iniciando validacion
2022-12-21 13:58:37,702 DEBUG: Revisando en BD RUC: 10002360638
2022-12-21 13:58:37,765 DEBUG: Revisando ruc: 10002360638
2022-12-21 13:58:37,862 DEBUG: Comparando SUNAT con BD
2022-12-21 13:58:38,680 ERROR: Error al actualizar: CardCode-PL10002360638 - -1116: (2) bpvs:LC20 - En la pestaña Direcciones, debe llenar los campos "Calle/Número", "Distrito", "Ciudad", "Departamento" de todas las direcciones
2022-12-21 13:58:38,688 DEBUG: Validacion finalizada
2022-12-21 13:58:38,688 DEBUG: Iniciando validacion
2022-12-21 13:58:38,690 DEBUG: Revisando en BD RUC: 20383958581
2022-12-21 13:58:38,763 DEBUG: Revisando ruc: 20383958581
2022-12-21 13:58:38,793 DEBUG: 20170601
2022-12-21 13:58:38,793 DEBUG: 20160201
2022-12-21 13:58:38,895 DEBUG: Comparando SUNAT con BD
2022-12-21 13:58:40,411 INFO : PL20383958581 actualizado
2022-12-21 13:58:40,424 DEBUG: Validacion finalizada
2022-12-21 13:58:40,425 DEBUG: Iniciando validacion
2022-12-21 13:58:40,425 DEBUG: Revisando en BD RUC: 20265258370
2022-12-21 13:58:40,500 DEBUG: Revisando ruc: 20265258370
2022-12-21 13:58:40,627 DEBUG: Comparando SUNAT con BD
2022-12-21 13:58:41,796 INFO : PL20265258370 actualizado
2022-12-21 13:58:41,802 DEBUG: Validacion finalizada
2022-12-21 13:58:41,803 DEBUG: Iniciando validacion
2022-12-21 13:58:41,804 DEBUG: Revisando en BD RUC: 20105221453
2022-12-21 13:58:41,875 DEBUG: Revisando ruc: 20105221453
2022-12-21 13:58:41,997 DEBUG: Comparando SUNAT con BD
2022-12-21 13:58:43,377 INFO : PL20105221453 actualizado
2022-12-21 13:58:43,387 DEBUG: Validacion finalizada
2022-12-21 13:58:43,388 DEBUG: Iniciando validacion
2022-12-21 13:58:43,389 DEBUG: Revisando en BD RUC: 10410385134
2022-12-21 13:58:43,455 DEBUG: Revisando ruc: 10410385134
2022-12-21 13:58:43,538 DEBUG: Comparando SUNAT con BD
2022-12-21 13:58:44,508 INFO : PL10410385134 actualizado
2022-12-21 13:58:44,519 DEBUG: Validacion finalizada
2022-12-21 13:58:44,519 DEBUG: Iniciando validacion
2022-12-21 13:58:44,522 DEBUG: Revisando en BD RUC: 10002165363
2022-12-21 13:58:44,604 DEBUG: Revisando ruc: 10002165363
2022-12-21 13:58:44,688 DEBUG: Comparando SUNAT con BD
2022-12-21 13:58:45,609 ERROR: Error al actualizar: CardCode-PL10002165363 - -1116: (2) bpvs:LC12 - Si se trata de una Persona Natural con RUC sin Negocio, en la pestaña de Finanzas debe colocar el tipo de impuesto "Extranjero"
2022-12-21 13:58:45,623 DEBUG: Validacion finalizada
2022-12-21 13:58:45,624 INFO : Resultado: 5 correctos, 2 errores, 0 inválidos, 5 Socios Procesados -  Total Acumulado: 984
2022-12-21 13:58:45,625 INFO : Finalizando el Proceso
2022-12-21 13:58:45,662 INFO : Desconectando de la BD ZZZ_ECOACUICOLA_2911
2022-12-21 13:58:47,868 INFO : Tiempo total de ejecución: 00:48:04.4387260
2022-12-21 13:58:47,868 INFO : Eliminando temporales
